날짜,영화,지역,개봉일,개봉후경과일,개봉전후,요일,주말,전체방문자,외지인방문자,현지인방문자,외지인비율,방문자_전일대비,방문자_7일평균,직전28일평균,방문지수_28일기준,KOBIS_스크린,KOBIS_상영횟수,KOBIS_좌석수,KOBIS_매출액,KOBIS_관객수,KOBIS_누적관객수,KOBIS_순위,관광원본,KOBIS원본,NAVER_검색지수,NAVER_전일대비,NAVER_7일평균,NAVER_직전28일평균,NAVER_28일기준지수,검색원본,외지인_동요일평균,외지인_동요일비율,NAVER_당일28일비율,데이터구분,원본지역,공간단위,당시광역지자체,검색어,GoogleTrends_지역지수,GoogleTrends_직전28일평균,GoogleTrends_28일기준비율,NAVER당일28일비율_lag1,GoogleTrends28일비율_lag1,NAVER당일28일비율_lag3,GoogleTrends28일비율_lag3,NAVER당일28일비율_lag7,GoogleTrends28일비율_lag7,개봉후경과일_로그,방문지수_로그
2017-09-01,리틀 포레스트,군위군,2018-02-28,-180,개봉전,금,0,,,,,,,,,,,,,,,,,,0.24183,,,,,datalab (2).xlsx,,,,TRAIN,군위군,시군구,경상북도,리틀포레스트,,,,,,,,,,-5.198497031265826,
2017-09-02,리틀 포레스트,군위군,2018-02-28,-179,개봉전,토,1,,,,,,,,,,,,,,,,,,0.24995,0.0335773063722451,,,,datalab (2).xlsx,,,,TRAIN,군위군,시군구,경상북도,리틀포레스트,,,,,,,,,,-5.19295685089021,
2017-09-03,리틀 포레스트,군위군,2018-02-28,-178,개봉전,일,1,,,,,,,,,,,,,,,,,,0.24136,-0.03436687337467503,,,,datalab (2).xlsx,,,,TRAIN,군위군,시군구,경상북도,리틀포레스트,,,,,,,,,,-5.187385805840755,
2017-09-04,리틀 포레스트,군위군,2018-02-28,-177,개봉전,월,0,,,,,,,,,,,,,,,,,,0.23579,-0.02307756049055354,,,,datalab (2).xlsx,,,,TRAIN,군위군,시군구,경상북도,리틀포레스트,,,,,,,,,,-5.181783550292085,
2017-09-05,리틀 포레스트,군위군,2018-02-28,-176,개봉전,화,0,,,,,,,,,,,,,,,,,,0.24043,0.019678527503286913,,,,datalab (2).xlsx,,,,TRAIN,군위군,시군구,경상북도,리틀포레스트,,,,,,,,,,-5.176149732573829,
2017-09-06,리틀 포레스트,군위군,2018-02-28,-175,개봉전,수,0,,,,,,,,,,,,,,,,,,0.29892,0.2432724701576343,,,,datalab (2).xlsx,,,,TRAIN,군위군,시군구,경상북도,리틀포레스트,,,,,,,,,,-5.170483995038151,
2017-09-07,리틀 포레스트,군위군,2018-02-28,-174,개봉전,목,0,,,,,,,,,,,,,,,,,,0.37295,0.24765823631740935,0.26874714285714285,,,datalab (2).xlsx,,,,TRAIN,군위군,시군구,경상북도,리틀포레스트,,,,,,,,,,-5.1647859739235145,
2017-09-08,리틀 포레스트,군위군,2018-02-28,-173,개봉전,금,0,,,,,,,,,,,,,,,,,,0.55166,0.4791795146802522,0.31300857142857147,,,datalab (2).xlsx,,,,TRAIN,군위군,시군구,경상북도,리틀포레스트,,,,,,,,,,-5.159055299214529,
2017-09-09,리틀 포레스트,군위군,2018-02-28,-172,개봉전,토,1,,,,,,,,,,,,,,,,,,0.31702,-0.42533444512924623,0.32259,,,datalab (2).xlsx,,,,TRAIN,군위군,시군구,경상북도,리틀포레스트,,,,,,,,,,-5.153291594497779,
2017-09-10,리틀 포레스트,군위군,2018-02-28,-171,개봉전,일,1,,,,,,,,,,,,,,,,,,0.39013,0.23061636489811344,0.3438428571428571,,,datalab (2).xlsx,,,,TRAIN,군위군,시군구,경상북도,리틀포레스트,,,,,,,,,,-5.147494476813453,
2017-09-11,리틀 포레스트,군위군,2018-02-28,-170,개봉전,월,0,,,,,,,,,,,,,,,,,,0.36274,-0.07020736677517747,0.3619785714285714,,,datalab (2).xlsx,,,,TRAIN,군위군,시군구,경상북도,리틀포레스트,,,,,,,,,,-5.14166355650266,
2017-09-12,리틀 포레스트,군위군,2018-02-28,-169,개봉전,화,0,,,,,,,,,,,,,,,,,,0.28871,-0.20408557093234814,0.3688757142857143,,,datalab (2).xlsx,,,,TRAIN,군위군,시군구,경상북도,리틀포레스트,,,,,,,,,,-5.135798437050262,
2017-09-13,리틀 포레스트,군위군,2018-02-28,-168,개봉전,수,0,,,,,,,,,,,,,,,,,,0.29962,0.03778878459353674,0.3689757142857143,,,datalab (2).xlsx,,,,TRAIN,군위군,시군구,경상북도,리틀포레스트,,,,,,,,,,-5.1298987149230735,
2017-09-14,리틀 포레스트,군위군,2018-02-28,-167,개봉전,목,0,,,,,,,,,,,,,,,,,,0.30054,0.0030705560376476093,0.35863142857142855,,,datalab (2).xlsx,,,,TRAIN,군위군,시군구,경상북도,리틀포레스트,,,,,,,,,,-5.123963979403259,
2017-09-15,리틀 포레스트,군위군,2018-02-28,-166,개봉전,금,0,,,,,,,,,,,,,,,,,,0.27873,-0.07256937512477535,0.3196414285714286,,,datalab (2).xlsx,,,,TRAIN,군위군,시군구,경상북도,리틀포레스트,,,,,,,,,,-5.117993812416755,
2017-09-16,리틀 포레스트,군위군,2018-02-28,-165,개봉전,토,1,,,,,,,,,,,,,,,,,,0.28871,0.03580525957019365,0.31559714285714285,,,datalab (2).xlsx,,,,TRAIN,군위군,시군구,경상북도,리틀포레스트,,,,,,,,,,-5.111987788356544,
2017-09-17,리틀 포레스트,군위군,2018-02-28,-164,개봉전,일,1,,,,,,,,,,,,,,,,,,0.29288,0.0144435592809391,0.3017042857142857,,,datalab (2).xlsx,,,,TRAIN,군위군,시군구,경상북도,리틀포레스트,,,,,,,,,,-5.10594547390058,
2017-09-18,리틀 포레스트,군위군,2018-02-28,-163,개봉전,월,0,,,,,,,,,,,,,,,,,,0.26387,-0.09905080579076753,0.28758,,,datalab (2).xlsx,,,,TRAIN,군위군,시군구,경상북도,리틀포레스트,,,,,,,,,,-5.099866427824199,
2017-09-19,리틀 포레스트,군위군,2018-02-28,-162,개봉전,화,0,,,,,,,,,,,,,,,,,,0.2771,0.05013832569068111,0.2859214285714286,,,datalab (2).xlsx,,,,TRAIN,군위군,시군구,경상북도,리틀포레스트,,,,,,,,,,-5.093750200806762,
2017-09-20,리틀 포레스트,군위군,2018-02-28,-161,개봉전,수,0,,,,,,,,,,,,,,,,,,0.23742,-0.14319740166005057,0.27703571428571433,,,datalab (2).xlsx,,,,TRAIN,군위군,시군구,경상북도,리틀포레스트,,,,,,,,,,-5.087596335232384,
2017-09-21,리틀 포레스트,군위군,2018-02-28,-160,개봉전,목,0,,,,,,,,,,,,,,,,,,0.5245,1.20916519248589,0.30902999999999997,,,datalab (2).xlsx,,,,TRAIN,군위군,시군구,경상북도,리틀포레스트,,,,,,,,,,-5.081404364984463,
2017-09-22,리틀 포레스트,군위군,2018-02-28,-159,개봉전,금,0,,,,,,,,,,,,,,,,,,0.34394,-0.34425166825548137,0.3183457142857143,,,datalab (2).xlsx,,,,TRAIN,군위군,시군구,경상북도,리틀포레스트,,,,,,,,,,-5.075173815233827,
2017-09-23,리틀 포레스트,군위군,2018-02-28,-158,개봉전,토,1,,,,,,,,,,,,,,,,,,0.27432,-0.20241902657440258,0.31628999999999996,,,datalab (2).xlsx,,,,TRAIN,군위군,시군구,경상북도,리틀포레스트,,,,,,,,,,-5.0689042022202315,
2017-09-24,리틀 포레스트,군위군,2018-02-28,-157,개봉전,일,1,,,,,,,,,,,,,,,,,,0.28755,0.04822834645669283,0.31552857142857144,,,datalab (2).xlsx,,,,TRAIN,군위군,시군구,경상북도,리틀포레스트,,,,,,,,,,-5.062595033026967,
2017-09-25,리틀 포레스트,군위군,2018-02-28,-156,개봉전,월,0,,,,,,,,,,,,,,,,,,0.24948,-0.13239436619718303,0.3134728571428571,,,datalab (2).xlsx,,,,TRAIN,군위군,시군구,경상북도,리틀포레스트,,,,,,,,,,-5.056245805348308,
2017-09-26,리틀 포레스트,군위군,2018-02-28,-155,개봉전,화,0,,,,,,,,,,,,,,,,,,0.28244,0.13211479878146548,0.31423571428571423,,,datalab (2).xlsx,,,,TRAIN,군위군,시군구,경상북도,리틀포레스트,,,,,,,,,,-5.049856007249537,
2017-09-27,리틀 포레스트,군위군,2018-02-28,-154,개봉전,수,0,,,,,,,,,,,,,,,,,,0.29521,0.04521314261436049,0.32249142857142854,,,datalab (2).xlsx,,,,TRAIN,군위군,시군구,경상북도,리틀포레스트,,,,,,,,,,-5.043425116919247,
2017-09-28,리틀 포레스트,군위군,2018-02-28,-153,개봉전,목,0,,,,,,,,,,,,,,,,,,0.26991,-0.08570170387182008,0.2861214285714286,,,datalab (2).xlsx,,,,TRAIN,군위군,시군구,경상북도,리틀포레스트,,,,,,,,,,-5.0369526024136295,
2017-09-29,리틀 포레스트,군위군,2018-02-28,-152,개봉전,금,0,,,,,,,,,,,,,,,,,,0.29799,0.10403467822607526,0.2795571428571429,0.30563250000000003,0.9146839516646393,datalab (2).xlsx,,,0.9749944786631001,TRAIN,군위군,시군구,경상북도,리틀포레스트,,,,,,,,,,-5.030437921392435,
2017-09-30,리틀 포레스트,군위군,2018-02-28,-151,개봉전,토,1,,,,,,,,,,,,,,,,,,0.2966,-0.0046645860599349165,0.28273999999999994,0.3076382142857143,0.9190665751862981,datalab (2).xlsx,,,0.9641194956506192,TRAIN,군위군,시군구,경상북도,리틀포레스트,,,,0.9749944786631001,,,,,,-5.0238805208462765,
2017-10-01,리틀 포레스트,군위군,2018-02-28,-150,개봉전,일,1,,,,,,,,,,,,,,,,,,0.36762,0.23944706675657468,0.29417857142857146,0.3093042857142857,0.951097624623002,datalab (2).xlsx,,,1.1885383325712544,TRAIN,군위군,시군구,경상북도,리틀포레스트,,,,0.9641194956506192,,,,,,-5.017279836814924,
2017-10-02,리틀 포레스트,군위군,2018-02-28,-149,개봉전,월,0,,,,,,,,,,,,,,,,,,0.39222,0.06691692508568625,0.31457000000000007,0.3138135714285714,1.0024104393190683,datalab (2).xlsx,,,1.2498503433567247,TRAIN,군위군,시군구,경상북도,리틀포레스트,,,,1.1885383325712544,,0.9749944786631001,,,,-5.0106352940962555,
2017-10-03,리틀 포레스트,군위군,2018-02-28,-148,개봉전,화,0,,,,,,,,,,,,,,,,,,0.33837,-0.13729539544133396,0.32256,0.31940035714285714,1.009892421177631,datalab (2).xlsx,,,1.0593914265683126,TRAIN,군위군,시군구,경상북도,리틀포레스트,,,,1.2498503433567247,,0.9641194956506192,,,,-5.003946305945459,
2017-10-04,리틀 포레스트,군위군,2018-02-28,-147,개봉전,수,0,,,,,,,,,,,,,,,,,,1.06015,2.13310872713302,0.4318371428571428,0.3228982142857143,1.3373785414466077,datalab (2).xlsx,,,3.2832327745917276,TRAIN,군위군,시군구,경상북도,리틀포레스트,,,,1.0593914265683126,,1.1885383325712544,,,,-4.997212273764115,
2017-10-05,리틀 포레스트,군위군,2018-02-28,-146,개봉전,목,0,,,,,,,,,,,,,,,,,,0.53564,-0.49475074281941234,0.46979857142857145,0.350085,1.3419557291188469,datalab (2).xlsx,,,1.5300284216690234,TRAIN,군위군,시군구,경상북도,리틀포레스트,,,,3.2832327745917276,,1.2498503433567247,,,,-4.990432586778736,
2017-10-06,리틀 포레스트,군위군,2018-02-28,-145,개봉전,금,0,,,,,,,,,,,,,,,,,,0.68998,0.2881412889253978,0.5257971428571429,0.3558953571428571,1.4773925321146768,datalab (2).xlsx,,,1.9387159347601175,TRAIN,군위군,시군구,경상북도,리틀포레스트,,,,1.5300284216690234,,1.0593914265683126,,0.9749944786631001,,-4.983606621708336,
2017-10-07,리틀 포레스트,군위군,2018-02-28,-144,개봉전,토,1,,,,,,,,,,,,,,,,,,0.37086,-0.4625061595988289,0.5364057142857143,0.3608353571428572,1.4865663900928299,datalab (2).xlsx,,,1.027781764338504,TRAIN,군위군,시군구,경상북도,리틀포레스트,,,,1.9387159347601175,,3.2832327745917276,,0.9641194956506192,,-4.976733742420574,
2017-10-08,리틀 포레스트,군위군,2018-02-28,-143,개봉전,일,1,,,,,,,,,,,,,,,,,,0.34766,-0.062557299250391,0.5335542857142856,0.36275821428571436,1.4708261996627028,datalab (2).xlsx,,,0.9583794006830602,TRAIN,군위군,시군구,경상북도,리틀포레스트,,,,1.027781764338504,,1.5300284216690234,,1.1885383325712544,,-4.969813299576001,
2017-10-09,리틀 포레스트,군위군,2018-02-28,-142,개봉전,월,0,,,,,,,,,,,,,,,,,,0.50571,0.4546108266697346,0.5497671428571428,0.3612414285714286,1.5218828721591018,datalab (2).xlsx,,,1.3999224895103788,TRAIN,군위군,시군구,경상북도,리틀포레스트,,,,0.9583794006830602,,1.9387159347601175,,1.2498503433567247,,-4.962844630259907,
2017-10-10,리틀 포레스트,군위군,2018-02-28,-141,개봉전,화,0,,,,,,,,,,,,,,,,,,0.34394,-0.3198868916968223,0.5505628571428571,0.3663475000000001,1.502843221648454,datalab (2).xlsx,,,0.9388353953555024,TRAIN,군위군,시군구,경상북도,리틀포레스트,,,,1.3999224895103788,,1.027781764338504,,1.0593914265683126,,-4.955827057601261,
2017-10-11,리틀 포레스트,군위군,2018-02-28,-140,개봉전,수,0,,,,,,,,,,,,,,,,,,0.3451,0.003372681281618828,0.4484128571428571,0.3683200000000001,1.2174545426337342,datalab (2).xlsx,,,0.9369569939183316,TRAIN,군위군,시군구,경상북도,리틀포레스트,,,,0.9388353953555024,,0.9583794006830602,,3.2832327745917276,,-4.948759890378168,
2017-10-12,리틀 포레스트,군위군,2018-02-28,-139,개봉전,목,0,,,,,,,,,,,,,,,,,,0.26411,-0.23468559837728198,0.4096228571428572,0.3699442857142857,1.107255532686389,datalab (2).xlsx,,,0.7139183120238183,TRAIN,군위군,시군구,경상북도,리틀포레스트,,,,0.9369569939183316,,1.3999224895103788,,1.5300284216690234,,-4.941642422609304,
2017-10-13,리틀 포레스트,군위군,2018-02-28,-138,개봉전,금,0,,,,,,,,,,,,,,,,,,0.24391,-0.07648328348036815,0.34589857142857144,0.3686432142857143,0.9383017454933681,datalab (2).xlsx,,,0.6616424514217676,TRAIN,군위군,시군구,경상북도,리틀포레스트,,,,0.7139183120238183,,0.9388353953555024,,1.9387159347601175,,-4.9344739331306915,
2017-10-14,리틀 포레스트,군위군,2018-02-28,-137,개봉전,토,1,,,,,,,,,,,,,,,,,,0.24322,-0.0028289123037186226,0.3276642857142857,0.3673996428571429,0.8918470447226112,datalab (2).xlsx,,,0.662003909716842,TRAIN,군위군,시군구,경상북도,리틀포레스트,,,,0.6616424514217676,,0.9369569939183316,,1.027781764338504,,-4.927253685157205,
2017-10-15,리틀 포레스트,군위군,2018-02-28,-136,개봉전,일,1,,,,,,,,,,,,,,,,,,0.32584,0.3396924595016859,0.32454714285714287,0.3657750000000001,0.8872862903619515,datalab (2).xlsx,,,0.8908208598181941,TRAIN,군위군,시군구,경상북도,리틀포레스트,,,,0.662003909716842,,0.7139183120238183,,0.9583794006830602,,-4.919980925828125,
2017-10-16,리틀 포레스트,군위군,2018-02-28,-135,개봉전,월,0,,,,,,,,,,,,,,,,,,0.29822,-0.08476552909403401,0.2949057142857144,0.3669521428571429,0.8036626029474456,datalab (2).xlsx,,,0.8126945319845132,TRAIN,군위군,시군구,경상북도,리틀포레스트,,,,0.8908208598181941,,0.6616424514217676,,1.3999224895103788,,-4.912654885736052,
2017-10-17,리틀 포레스트,군위군,2018-02-28,-134,개봉전,화,0,,,,,,,,,,,,,,,,,,0.28151,-0.05603245925826572,0.2859871428571429,0.3681789285714286,0.7767612990966155,datalab (2).xlsx,,,0.7646010625656585,TRAIN,군위군,시군구,경상북도,리틀포레스트,,,,0.8126945319845132,,0.662003909716842,,0.9388353953555024,,-4.90527477843843,
2017-10-18,리틀 포레스트,군위군,2018-02-28,-133,개봉전,수,0,,,,,,,,,,,,,,,,,,0.29637,0.052786757131185524,0.27902571428571427,0.3683364285714286,0.7575295100946144,datalab (2).xlsx,,,0.8046176728960907,TRAIN,군위군,시군구,경상북도,리틀포레스트,,,,0.7646010625656585,,0.8908208598181941,,0.9369569939183316,,-4.897839799950911,
2017-10-19,리틀 포레스트,군위군,2018-02-28,-132,개봉전,목,0,,,,,,,,,,,,,,,,,,0.27826,-0.061106049870094825,0.28104714285714283,0.3704417857142857,0.758680995760853,datalab (2).xlsx,,,0.7511571608031723,TRAIN,군위군,시군구,경상북도,리틀포레스트,,,,0.8046176728960907,,0.8126945319845132,,0.7139183120238183,,-4.890349128221754,
2017-10-20,리틀 포레스트,군위군,2018-02-28,-131,개봉전,금,0,,,,,,,,,,,,,,,,,,0.28546,0.02587508085962753,0.28698285714285715,0.3616475,0.7935430416160961,datalab (2).xlsx,,,0.7893321535473078,TRAIN,군위군,시군구,경상북도,리틀포레스트,,,,0.7511571608031723,,0.7646010625656585,,0.6616424514217676,,-4.882801922586371,
2017-10-21,리틀 포레스트,군위군,2018-02-28,-130,개봉전,토,1,,,,,,,,,,,,,,,,,,0.31122,0.09024031387935261,0.2966971428571429,0.35955892857142857,0.8251697267982102,datalab (2).xlsx,,,0.8655604833302707,TRAIN,군위군,시군구,경상북도,리틀포레스트,,,,0.7893321535473078,,0.8046176728960907,,0.662003909716842,,-4.875197323201151,
2017-10-22,리틀 포레스트,군위군,2018-02-28,-129,개봉전,일,1,,,,,,,,,,,,,,,,,,0.35532,0.1417004048582997,0.3009085714285714,0.3608767857142858,0.8338263455571993,datalab (2).xlsx,,,0.9846019862339243,TRAIN,군위군,시군구,경상북도,리틀포레스트,,,,0.8655604833302707,,0.7511571608031723,,0.8908208598181941,,-4.867534450455582,
2017-10-23,리틀 포레스트,군위군,2018-02-28,-128,개봉전,월,0,,,,,,,,,,,,,,,,,,0.23858,-0.3285489136552967,0.29238857142857144,0.36329714285714293,0.8048193529106437,datalab (2).xlsx,,,0.6567076143888512,TRAIN,군위군,시군구,경상북도,리틀포레스트,,,,0.9846019862339243,,0.7893321535473078,,0.8126945319845132,,-4.859812404361672,
2017-10-24,리틀 포레스트,군위군,2018-02-28,-127,개봉전,화,0,,,,,,,,,,,,,,,,,,0.32306,0.35409506245284605,0.2983242857142857,0.3629078571428573,0.8220386520781541,datalab (2).xlsx,,,0.8901984171503586,TRAIN,군위군,시군구,경상북도,리틀포레스트,,,,0.6567076143888512,,0.8655604833302707,,0.7646010625656585,,-4.852030263919617,
2017-10-25,리틀 포레스트,군위군,2018-02-28,-126,개봉전,수,0,,,,,,,,,,,,,,,,,,0.41426,0.2823005014548381,0.3151657142857143,0.3643585714285715,0.8649877867563742,datalab (2).xlsx,,,1.1369569223410219,TRAIN,군위군,시군구,경상북도,리틀포레스트,,,,0.8901984171503586,,0.9846019862339243,,0.8046176728960907,,-4.844187086458591,
2017-10-26,리틀 포레스트,군위군,2018-02-28,-125,개봉전,목,0,,,,,,,,,,,,,,,,,,0.41844,0.010090281465745976,0.3351914285714286,0.3686103571428572,0.9093380640998188,datalab (2).xlsx,,,1.1351824274374118,TRAIN,군위군,시군구,경상북도,리틀포레스트,,,,1.1369569223410219,,0.6567076143888512,,0.7511571608031723,,-4.836281906951478,
2017-10-27,리틀 포레스트,군위군,2018-02-28,-124,개봉전,금,0,,,,,,,,,,,,,,,,,,0.3328,-0.20466494598986718,0.3419542857142857,0.3739150000000001,0.9145241183538655,datalab (2).xlsx,,,0.8900418544321568,TRAIN,군위군,시군구,경상북도,리틀포레스트,,,,1.1351824274374118,,0.8901984171503586,,0.7893321535473078,,-4.8283137373023015,
2017-10-28,리틀 포레스트,군위군,2018-02-28,-123,개봉전,토,1,,,,,,,,,,,,,,,,,,0.31493,-0.05369591346153846,0.34248428571428574,0.3751582142857144,0.9129062690693354,datalab (2).xlsx,,,0.839459161515665,TRAIN,군위군,시군구,경상북도,리틀포레스트,,,,0.8900418544321568,,1.1369569223410219,,0.8655604833302707,,-4.820281565605037,
2017-10-29,리틀 포레스트,군위군,2018-02-28,-122,개봉전,일,1,,,,,,,,,,,,,,,,,,0.31284,-0.006636395389451599,0.33641571428571426,0.3758128571428573,0.8951681878138431,datalab (2).xlsx,,,0.83243559674458,TRAIN,군위군,시군구,경상북도,리틀포레스트,,,,0.839459161515665,,1.1351824274374118,,0.9846019862339243,,-4.812184355372417,
2017-10-30,리틀 포레스트,군위군,2018-02-28,-121,개봉전,월,0,,,,,,,,,,,,,,,,,,0.30008,-0.04078762306610406,0.3452014285714285,0.3738564285714286,0.923352929600553,datalab (2).xlsx,,,0.8026610673692537,TRAIN,군위군,시군구,경상북도,리틀포레스트,,,,0.83243559674458,,0.8900418544321568,,0.6567076143888512,,-4.804021044733257,
2017-10-31,리틀 포레스트,군위군,2018-02-28,-120,개봉전,화,0,,,,,,,,,,,,,,,,,,0.22303,-0.25676486270327914,0.3309114285714286,0.3705657142857143,0.8929898687720705,datalab (2).xlsx,,,0.6018635599623742,TRAIN,군위군,시군구,경상북도,리틀포레스트,,,,0.8026610673692537,,0.839459161515665,,0.8901984171503586,,-4.795790545596741,
2017-11-01,리틀 포레스트,군위군,2018-02-28,-119,개봉전,수,0,,,,,,,,,,,,,,,,,,0.23788,0.0665829709007757,0.3057142857142857,0.3664464285714285,0.8342673358998101,datalab (2).xlsx,,,0.6491535500219289,TRAIN,군위군,시군구,경상북도,리틀포레스트,,,,0.6018635599623742,,0.83243559674458,,1.1369569223410219,,-4.787491742782046,
2017-11-02,리틀 포레스트,군위군,2018-02-28,-118,개봉전,목,0,,,,,,,,,,,,,,,,,,0.23092,-0.02925844963847324,0.27892571428571433,0.3370796428571428,0.8274771858706561,datalab (2).xlsx,,,0.6850606522621298,TRAIN,군위군,시군구,경상북도,리틀포레스트,,,,0.6491535500219289,,0.8026610673692537,,1.1351824274374118,,-4.77912349311153,
2017-11-03,리틀 포레스트,군위군,2018-02-28,-117,개봉전,금,0,,,,,,,,,,,,,,,,,,0.25691,0.11254980079681287,0.2680842857142857,0.3261967857142857,0.8218483365102793,datalab (2).xlsx,,,0.7875920648250236,TRAIN,군위군,시군구,경상북도,리틀포레스트,,,,0.6850606522621298,,0.6018635599623742,,0.8900418544321568,,-4.770684624465665,
2017-11-04,리틀 포레스트,군위군,2018-02-28,-116,개봉전,토,1,,,,,,,,,,,,,,,,,,0.30426,0.18430578801915054,0.26656,0.3107299999999999,0.8578508673124581,datalab (2).xlsx,,,0.9791780645576548,TRAIN,군위군,시군구,경상북도,리틀포레스트,,,,0.7875920648250236,,0.6491535500219289,,0.839459161515665,,-4.762173934797756,
2017-11-05,리틀 포레스트,군위군,2018-02-28,-115,개봉전,일,1,,,,,,,,,,,,,,,,,,0.31168,0.024387037402221923,0.2663942857142857,0.3083514285714285,0.8639307654531473,datalab (2).xlsx,,,1.0107947332820626,TRAIN,군위군,시군구,경상북도,리틀포레스트,,,,0.9791780645576548,,0.6850606522621298,,0.83243559674458,,-4.7535901911063645,
2017-11-06,리틀 포레스트,군위군,2018-02-28,-114,개봉전,월,0,,,,,,,,,,,,,,,,,,0.26039,-0.16455980492813138,0.26072428571428574,0.3070664285714286,0.8490810504009138,datalab (2).xlsx,,,0.8479924074130074,TRAIN,군위군,시군구,경상북도,리틀포레스트,,,,1.0107947332820626,,0.7875920648250236,,0.8026610673692537,,-4.74493212836325,
2017-11-07,리틀 포레스트,군위군,2018-02-28,-113,개봉전,화,0,,,,,,,,,,,,,,,,,,0.24554,-0.05702983985560117,0.26394,0.298305,0.8847991149997486,datalab (2).xlsx,,,0.8231172792946817,TRAIN,군위군,시군구,경상북도,리틀포레스트,,,,0.8479924074130074,,0.9791780645576548,,0.6018635599623742,,-4.736198448394496,
2017-11-08,리틀 포레스트,군위군,2018-02-28,-112,개봉전,수,0,,,,,,,,,,,,,,,,,,0.22651,-0.07750264722652123,0.2623157142857143,0.2947907142857143,0.8898370999280362,datalab (2).xlsx,,,0.7683756272609865,TRAIN,군위군,시군구,경상북도,리틀포레스트,,,,0.8231172792946817,,1.0107947332820626,,0.6491535500219289,,-4.727387818712341,
2017-11-09,리틀 포레스트,군위군,2018-02-28,-111,개봉전,목,0,,,,,,,,,,,,,,,,,,0.23022,0.016378967815990464,0.2622157142857143,0.29055535714285713,0.9024638776726834,datalab (2).xlsx,,,0.7923447093312684,TRAIN,군위군,시군구,경상북도,리틀포레스트,,,,0.7683756272609865,,0.8479924074130074,,0.6850606522621298,,-4.718498871295094,
2017-11-10,리틀 포레스트,군위군,2018-02-28,-110,개봉전,금,0,,,,,,,,,,,,,,,,,,0.29033,0.2610980800972982,0.26699,0.28934499999999996,0.9227392904663984,datalab (2).xlsx,,,1.0034042406124177,TRAIN,군위군,시군구,경상북도,리틀포레스트,,,,0.7923447093312684,,0.8231172792946817,,0.7875920648250236,,-4.709530201312334,
2017-11-11,리틀 포레스트,군위군,2018-02-28,-109,개봉전,토,1,,,,,,,,,,,,,,,,,,0.30124,0.03757792856404785,0.2665585714285714,0.2910028571428572,0.9159998429077769,datalab (2).xlsx,,,1.035178839677568,TRAIN,군위군,시군구,경상북도,리틀포레스트,,,,1.0034042406124177,,0.7683756272609865,,0.9791780645576548,,-4.700480365792417,
2017-11-12,리틀 포레스트,군위군,2018-02-28,-108,개봉전,일,1,,,,,,,,,,,,,,,,,,0.2771,-0.08013544018058694,0.2616185714285714,0.29307500000000003,0.8926676496752415,datalab (2).xlsx,,,0.9454917683186898,TRAIN,군위군,시군구,경상북도,리틀포레스트,,,,1.035178839677568,,0.7923447093312684,,1.0107947332820626,,-4.6913478822291435,
2017-11-13,리틀 포레스트,군위군,2018-02-28,-107,개봉전,월,0,,,,,,,,,,,,,,,,,,0.2648,-0.044388307470227484,0.2622485714285714,0.2913342857142858,0.9001637784773501,datalab (2).xlsx,,,0.9089215138230993,TRAIN,군위군,시군구,경상북도,리틀포레스트,,,,0.9454917683186898,,1.0034042406124177,,0.8479924074130074,,-4.68213122712422,
2017-11-14,리틀 포레스트,군위군,2018-02-28,-106,개봉전,화,0,,,,,,,,,,,,,,,,,,0.24275,-0.08327039274924464,0.26185,0.2901407142857143,0.9024931252569566,datalab (2).xlsx,,,0.8366629984958037,TRAIN,군위군,시군구,경상북도,리틀포레스트,,,,0.9089215138230993,,1.035178839677568,,0.8231172792946817,,-4.672828834461906,
2017-11-15,리틀 포레스트,군위군,2018-02-28,-105,개봉전,수,0,,,,,,,,,,,,,,,,,,0.32422,0.3356127703398559,0.2758085714285714,0.28875642857142864,0.9551599345963847,datalab (2).xlsx,,,1.122814829107082,TRAIN,군위군,시군구,경상북도,리틀포레스트,,,,0.8366629984958037,,0.9454917683186898,,0.7683756272609865,,-4.663439094112067,
2017-11-16,리틀 포레스트,군위군,2018-02-28,-104,개봉전,목,0,,,,,,,,,,,,,,,,,,0.25389,-0.21692060946271052,0.27919,0.2897510714285714,0.9635512256210071,datalab (2).xlsx,,,0.8762348962101706,TRAIN,군위군,시군구,경상북도,리틀포레스트,,,,1.122814829107082,,0.9089215138230993,,0.7923447093312684,,-4.653960350157523,
2017-11-17,리틀 포레스트,군위군,2018-02-28,-103,개봉전,금,0,,,,,,,,,,,,,,,,,,0.24693,-0.0274134467682855,0.27299,0.2888807142857143,0.9449921247771571,datalab (2).xlsx,,,0.8547818798169288,TRAIN,군위군,시군구,경상북도,리틀포레스트,,,,0.8762348962101706,,0.8366629984958037,,1.0034042406124177,,-4.6443908991413725,
2017-11-18,리틀 포레스트,군위군,2018-02-28,-102,개봉전,토,1,,,,,,,,,,,,,,,,,,0.24113,-0.023488438018871793,0.26440285714285716,0.2875046428571429,0.9196472603548017,datalab (2).xlsx,,,0.8386994992627448,TRAIN,군위군,시군구,경상북도,리틀포레스트,,,,0.8547818798169288,,1.122814829107082,,1.035178839677568,,-4.634728988229636,
2017-11-19,리틀 포레스트,군위군,2018-02-28,-101,개봉전,일,1,,,,,,,,,,,,,,,,,,0.30959,0.2839132418197652,0.26904428571428574,0.28500142857142857,0.9440103057127534,datalab (2).xlsx,,,1.0862752567656302,TRAIN,군위군,시군구,경상북도,리틀포레스트,,,,0.8386994992627448,,0.8762348962101706,,0.9454917683186898,,-4.624972813284271,
2017-11-20,리틀 포레스트,군위군,2018-02-28,-100,개봉전,월,0,,,,,,,,,,,,,,,,,,0.23092,-0.2541102748796795,0.2642042857142857,0.2833682142857143,0.9323709308055773,datalab (2).xlsx,,,0.8149114415746296,TRAIN,군위군,시군구,경상북도,리틀포레스트,,,,1.0862752567656302,,0.8547818798169288,,0.9089215138230993,,-4.61512051684126,
2017-11-21,리틀 포레스트,군위군,2018-02-28,-99,개봉전,화,0,,,,,,,,,,,,,,,,,,0.22651,-0.019097522951671553,0.26188428571428574,0.28309464285714286,0.92507679789066,datalab (2).xlsx,,,0.8001211104312667,TRAIN,군위군,시군구,경상북도,리틀포레스트,,,,0.8149114415746296,,0.8386994992627448,,0.8366629984958037,,-4.605170185988092,
2017-11-22,리틀 포레스트,군위군,2018-02-28,-98,개봉전,수,0,,,,,,,,,,,,,,,,,,0.22999,0.015363560107721552,0.24842285714285714,0.27964642857142863,0.8883462535599799,datalab (2).xlsx,,,0.8224313865723297,TRAIN,군위군,시군구,경상북도,리틀포레스트,,,,0.8001211104312667,,1.0862752567656302,,1.122814829107082,,-4.59511985013459,
2017-11-23,리틀 포레스트,군위군,2018-02-28,-97,개봉전,목,0,,,,,,,,,,,,,,,,,,0.31145,0.3541893125788078,0.25664571428571425,0.2730653571428572,0.9398691835941942,datalab (2).xlsx,,,1.1405694345806798,TRAIN,군위군,시군구,경상북도,리틀포레스트,,,,0.8224313865723297,,0.8149114415746296,,0.8762348962101706,,-4.584967478670572,
2017-11-24,리틀 포레스트,군위군,2018-02-28,-96,개봉전,금,0,,,,,,,,,,,,,,,,,,0.23022,-0.26081232942687427,0.25425857142857144,0.26924428571428577,0.9443415697905777,datalab (2).xlsx,,,0.8550599296443483,TRAIN,군위군,시군구,경상북도,리틀포레스트,,,,1.1405694345806798,,0.8001211104312667,,0.8547818798169288,,-4.574710978503383,
2017-11-25,리틀 포레스트,군위군,2018-02-28,-95,개봉전,토,1,,,,,,,,,,,,,,,,,,0.23185,0.007080184171661896,0.2529328571428571,0.26558071428571434,0.952376597913467,datalab (2).xlsx,,,0.8729926064984278,TRAIN,군위군,시군구,경상북도,리틀포레스트,,,,0.8550599296443483,,0.8224313865723297,,0.8386994992627448,,-4.564348191467836,
2017-11-26,리틀 포레스트,군위군,2018-02-28,-94,개봉전,일,1,,,,,,,,,,,,,,,,,,0.27037,0.16614190209186974,0.24733,0.26261357142857145,0.9418020502694071,datalab (2).xlsx,,,1.029535520686288,TRAIN,군위군,시군구,경상북도,리틀포레스트,,,,0.8729926064984278,,1.1405694345806798,,1.0862752567656302,,-4.553876891600541,
2017-11-27,리틀 포레스트,군위군,2018-02-28,-93,개봉전,월,0,,,,,,,,,,,,,,,,,,0.37458,0.38543477456818453,0.26785285714285717,0.26109678571428574,1.0258757357356536,datalab (2).xlsx,,,1.4346404111228594,TRAIN,군위군,시군구,경상북도,리틀포레스트,,,,1.029535520686288,,0.8550599296443483,,0.8149114415746296,,-4.543294782270004,
2017-11-28,리틀 포레스트,군위군,2018-02-28,-92,개봉전,화,0,,,,,,,,,,,,,,,,,,0.38665,0.03222275615355863,0.29073,0.26375750000000003,1.1022624949053579,datalab (2).xlsx,,,1.4659298787712196,TRAIN,군위군,시군구,경상북도,리틀포레스트,,,,1.4346404111228594,,0.8729926064984278,,0.8001211104312667,,-4.532599493153256,
2017-11-29,리틀 포레스트,군위군,2018-02-28,-91,개봉전,수,0,,,,,,,,,,,,,,,,,,0.23649,-0.3883615673089357,0.29165857142857143,0.2696010714285714,1.0818153276732951,datalab (2).xlsx,,,0.8771849412425502,TRAIN,군위군,시군구,경상북도,리틀포레스트,,,,1.4659298787712196,,1.029535520686288,,0.8224313865723297,,-4.5217885770490405,
2017-11-30,리틀 포레스트,군위군,2018-02-28,-90,개봉전,목,0,,,,,,,,,,,,,,,,,,0.24183,0.02258023595078007,0.28171285714285715,0.26955142857142855,1.0451172848012042,datalab (2).xlsx,,,0.8971571817728925,TRAIN,군위군,시군구,경상북도,리틀포레스트,,,,0.8771849412425502,,1.4346404111228594,,1.1405694345806798,,-4.51085950651685,
2017-12-01,리틀 포레스트,군위군,2018-02-28,-89,개봉전,금,0,,,,,,,,,,,,,,,,,,0.21931,-0.09312326841169416,0.2801542857142857,0.26994107142857143,1.0378349772106346,datalab (2).xlsx,,,0.8124365767660932,TRAIN,군위군,시군구,경상북도,리틀포레스트,,,,0.8971571817728925,,1.4659298787712196,,0.8550599296443483,,-4.499809670330265,
2017-12-02,리틀 포레스트,군위군,2018-02-28,-88,개봉전,토,1,,,,,,,,,,,,,,,,,,0.48296,1.202179563175414,0.3160271428571429,0.2685982142857143,1.17657946348436,datalab (2).xlsx,,,1.7980759897616594,TRAIN,군위군,시군구,경상북도,리틀포레스트,,,,0.8124365767660932,,0.8771849412425502,,0.8729926064984278,,-4.48863636973214,
2017-12-03,리틀 포레스트,군위군,2018-02-28,-87,개봉전,일,1,,,,,,,,,,,,,,,,,,0.28337,-0.4132640384296836,0.31788428571428573,0.2749803571428572,1.1560254303878847,datalab (2).xlsx,,,1.03050997149147,TRAIN,군위군,시군구,경상북도,리틀포레스트,,,,1.7980759897616594,,0.8971571817728925,,1.029535520686288,,-4.477336814478207,
2017-12-04,리틀 포레스트,군위군,2018-02-28,-86,개봉전,월,0,,,,,,,,,,,,,,,,,,0.22697,-0.19903306630906592,0.29679714285714287,0.2739692857142857,1.083322687371108,datalab (2).xlsx,,,0.8284505301689189,TRAIN,군위군,시군구,경상북도,리틀포레스트,,,,1.03050997149147,,0.8124365767660932,,1.4346404111228594,,-4.465908118654584,
2017-12-05,리틀 포레스트,군위군,2018-02-28,-85,개봉전,화,0,,,,,,,,,,,,,,,,,,0.21908,-0.034762303388113036,0.27285857142857145,0.27277571428571423,1.0003037555710346,datalab (2).xlsx,,,0.8031506784747282,TRAIN,군위군,시군구,경상북도,리틀포레스트,,,,0.8284505301689189,,1.7980759897616594,,1.4659298787712196,,-4.454347296253507,
2017-12-06,리틀 포레스트,군위군,2018-02-28,-84,개봉전,수,0,,,,,,,,,,,,,,,,,,0.27548,0.25744020449151006,0.2784285714285714,0.27183071428571426,1.024271933950489,datalab (2).xlsx,,,1.0134248468716087,TRAIN,군위군,시군구,경상북도,리틀포레스트,,,,0.8031506784747282,,1.03050997149147,,0.8771849412425502,,-4.442651256490317,
2017-12-07,리틀 포레스트,군위군,2018-02-28,-83,개봉전,목,0,,,,,,,,,,,,,,,,,,0.27989,0.016008421664004846,0.2838657142857143,0.2735796428571428,1.037598087785876,datalab (2).xlsx,,,1.0230658870556109,TRAIN,군위군,시군구,경상북도,리틀포레스트,,,,1.0134248468716087,,0.8284505301689189,,0.8971571817728925,,-4.430816798843313,
2017-12-08,리틀 포레스트,군위군,2018-02-28,-82,개봉전,금,0,,,,,,,,,,,,,,,,,,0.27571,-0.014934438529422334,0.29192285714285715,0.2753535714285714,1.0601745807338616,datalab (2).xlsx,,,1.0012944396165968,TRAIN,군위군,시군구,경상북도,리틀포레스트,,,,1.0230658870556109,,0.8031506784747282,,0.8124365767660932,,-4.418840607796598,
2017-12-09,리틀 포레스트,군위군,2018-02-28,-81,개봉전,토,1,,,,,,,,,,,,,,,,,,0.24693,-0.10438504225454281,0.2582042857142857,0.27483142857142856,0.9395005769770561,datalab (2).xlsx,,,0.8984780280899461,TRAIN,군위군,시군구,경상북도,리틀포레스트,,,,1.0012944396165968,,1.0134248468716087,,1.7980759897616594,,-4.406719247264253,
2017-12-10,리틀 포레스트,군위군,2018-02-28,-80,개봉전,일,1,,,,,,,,,,,,,,,,,,0.27617,0.118414125460657,0.25717571428571434,0.27289178571428574,0.9424091443887361,datalab (2).xlsx,,,1.0120128727111872,TRAIN,군위군,시군구,경상북도,리틀포레스트,,,,0.8984780280899461,,1.0230658870556109,,1.03050997149147,,-4.394449154672439,
2017-12-11,리틀 포레스트,군위군,2018-02-28,-79,개봉전,월,0,,,,,,,,,,,,,,,,,,0.25065,-0.09240685085273581,0.2605585714285715,0.27285857142857145,0.954921701980618,datalab (2).xlsx,,,0.9186077559803351,TRAIN,군위군,시군구,경상북도,리틀포레스트,,,,1.0120128727111872,,1.0012944396165968,,0.8284505301689189,,-4.382026634673881,
2017-12-12,리틀 포레스트,군위군,2018-02-28,-78,개봉전,화,0,,,,,,,,,,,,,,,,,,0.32839,0.3101536006383405,0.27617428571428576,0.2723532142857143,1.014029837828765,datalab (2).xlsx,,,1.2057504107717263,TRAIN,군위군,시군구,경상북도,리틀포레스트,,,,0.9186077559803351,,0.8984780280899461,,0.8031506784747282,,-4.3694478524670215,
2017-12-13,리틀 포레스트,군위군,2018-02-28,-77,개봉전,수,0,,,,,,,,,,,,,,,,,,0.2467,-0.2487590974146594,0.2720628571428571,0.27541178571428576,0.9878402859095403,datalab (2).xlsx,,,0.8957496112963315,TRAIN,군위군,시군구,경상북도,리틀포레스트,,,,1.2057504107717263,,1.0120128727111872,,1.0134248468716087,,-4.356708826689592,
2017-12-14,리틀 포레스트,군위군,2018-02-28,-76,개봉전,목,0,,,,,,,,,,,,,,,,,,0.22674,-0.08090798540737743,0.26447,0.2726432142857143,0.9700223080661408,datalab (2).xlsx,,,0.8316363221950193,TRAIN,군위군,시군구,경상북도,리틀포레스트,,,,0.8957496112963315,,0.9186077559803351,,1.0230658870556109,,-4.343805421853684,
2017-12-15,리틀 포레스트,군위군,2018-02-28,-75,개봉전,금,0,,,,,,,,,,,,,,,,,,0.27896,0.23030784158066497,0.2649342857142857,0.27167357142857135,0.9751934438125588,datalab (2).xlsx,,,1.0268205277867613,TRAIN,군위군,시군구,경상북도,리틀포레스트,,,,0.8316363221950193,,1.2057504107717263,,1.0012944396165968,,-4.330733340286331,
2017-12-16,리틀 포레스트,군위군,2018-02-28,-74,개봉전,토,1,,,,,,,,,,,,,,,,,,0.28035,0.004982793232004568,0.26970857142857135,0.2728175,0.9886043652939103,datalab (2).xlsx,,,1.0276100323476316,TRAIN,군위군,시군구,경상북도,리틀포레스트,,,,1.0268205277867613,,0.8957496112963315,,0.8984780280899461,,-4.31748811353631,
2017-12-17,리틀 포레스트,군위군,2018-02-28,-73,개봉전,일,1,,,,,,,,,,,,,,,,,,0.27664,-0.01323345817727839,0.2697757142857143,0.27421821428571425,0.9837993985499037,datalab (2).xlsx,,,1.0088316004850153,TRAIN,군위군,시군구,경상북도,리틀포레스트,,,,1.0276100323476316,,0.8316363221950193,,1.0120128727111872,,-4.30406509320417,
2017-12-18,리틀 포레스트,군위군,2018-02-28,-72,개봉전,월,0,,,,,,,,,,,,,,,,,,0.36901,0.33389965297860047,0.28668428571428567,0.27304142857142855,1.0499662531588612,datalab (2).xlsx,,,1.3514798905451293,TRAIN,군위군,시군구,경상북도,리틀포레스트,,,,1.0088316004850153,,1.0268205277867613,,0.9186077559803351,,-4.290459441148391,
2017-12-19,리틀 포레스트,군위군,2018-02-28,-71,개봉전,화,0,,,,,,,,,,,,,,,,,,0.27664,-0.25031841955502565,0.2792914285714286,0.27797321428571425,1.004742234927569,datalab (2).xlsx,,,0.9952038030385766,TRAIN,군위군,시군구,경상북도,리틀포레스트,,,,1.3514798905451293,,1.0276100323476316,,1.2057504107717263,,-4.276666119016055,
2017-12-20,리틀 포레스트,군위군,2018-02-28,-70,개봉전,수,0,,,,,,,,,,,,,,,,,,0.2706,-0.021833429728166487,0.2827057142857143,0.27976357142857144,1.0105165330929942,datalab (2).xlsx,,,0.9672453015173527,TRAIN,군위군,시군구,경상북도,리틀포레스트,,,,0.9952038030385766,,1.0088316004850153,,0.8957496112963315,,-4.2626798770413155,
2017-12-21,리틀 포레스트,군위군,2018-02-28,-69,개봉전,목,0,,,,,,,,,,,,,,,,,,0.26689,-0.013710273466370992,0.28844142857142857,0.2812139285714285,1.0257010740425123,datalab (2).xlsx,,,0.9490639434390953,TRAIN,군위군,시군구,경상북도,리틀포레스트,,,,0.9672453015173527,,1.3514798905451293,,0.8316363221950193,,-4.248495242049359,
2017-12-22,리틀 포레스트,군위군,2018-02-28,-68,개봉전,금,0,,,,,,,,,,,,,,,,,,0.39431,0.4774251564314884,0.30492,0.27962249999999994,1.090470187484913,datalab (2).xlsx,,,1.4101511859739473,TRAIN,군위군,시군구,경상북도,리틀포레스트,,,,0.9490639434390953,,0.9952038030385766,,1.0268205277867613,,-4.23410650459726,
2017-12-23,리틀 포레스트,군위군,2018-02-28,-67,개봉전,토,1,,,,,,,,,,,,,,,,,,0.43701,0.10829043138647254,0.32730000000000004,0.2854828571428571,1.1464786477046411,datalab (2).xlsx,,,1.5307749276914304,TRAIN,군위군,시군구,경상북도,리틀포레스트,,,,1.4101511859739473,,0.9672453015173527,,1.0276100323476316,,-4.219507705176107,
2017-12-24,리틀 포레스트,군위군,2018-02-28,-66,개봉전,일,1,,,,,,,,,,,,,,,,,,0.57696,0.32024438800027455,0.37020285714285717,0.29280999999999996,1.2643108402816066,datalab (2).xlsx,,,1.9704245073597217,TRAIN,군위군,시군구,경상북도,리틀포레스트,,,,1.5307749276914304,,0.9490639434390953,,1.0088316004850153,,-4.204692619390966,
2017-12-25,리틀 포레스트,군위군,2018-02-28,-65,개봉전,월,0,,,,,,,,,,,,,,,,,,0.50524,-0.12430671103716029,0.38966428571428574,0.30375964285714285,1.2828046611101118,datalab (2).xlsx,,,1.6632887609681999,TRAIN,군위군,시군구,경상북도,리틀포레스트,,,,1.9704245073597217,,1.4101511859739473,,1.3514798905451293,,-4.189654742026425,
2017-12-26,리틀 포레스트,군위군,2018-02-28,-64,개봉전,화,0,,,,,,,,,,,,,,,,,,0.44745,-0.11438128414218984,0.4140657142857143,0.3084260714285714,1.3425120398150518,datalab (2).xlsx,,,1.4507528430638044,TRAIN,군위군,시군구,경상북도,리틀포레스트,,,,1.6632887609681999,,1.5307749276914304,,0.9952038030385766,,-4.174387269895637,
2017-12-27,리틀 포레스트,군위군,2018-02-28,-63,개봉전,수,0,,,,,,,,,,,,,,,,,,0.88748,0.9834171415800648,0.5021914285714286,0.3105975,1.6168559906999527,datalab (2).xlsx,,,2.8573314337687843,TRAIN,군위군,시군구,경상북도,리틀포레스트,,,,1.4507528430638044,,1.9704245073597217,,0.9672453015173527,,-4.1588830833596715,
2017-12-28,리틀 포레스트,군위군,2018-02-28,-62,개봉전,목,0,,,,,,,,,,,,,,,,,,1.06804,0.20345247216838702,0.6166414285714286,0.3338471428571429,1.8470771482243795,datalab (2).xlsx,,,3.199188679164545,TRAIN,군위군,시군구,경상북도,리틀포레스트,,,,2.8573314337687843,,1.6632887609681999,,0.9490639434390953,,-4.143134726391533,
2017-12-29,리틀 포레스트,군위군,2018-02-28,-61,개봉전,금,0,,,,,,,,,,,,,,,,,,0.46486,-0.5647541290588368,0.6267199999999999,0.36335464285714286,1.7248162706053607,datalab (2).xlsx,,,1.2793561583380266,TRAIN,군위군,시군구,경상북도,리틀포레스트,,,,3.199188679164545,,1.4507528430638044,,1.4101511859739473,,-4.127134385045092,
2017-12-30,리틀 포레스트,군위군,2018-02-28,-60,개봉전,토,1,,,,,,,,,,,,,,,,,,0.57371,0.23415652024265388,0.6462485714285714,0.37212428571428563,1.7366471263441172,datalab (2).xlsx,,,1.5417160933175174,TRAIN,군위군,시군구,경상북도,리틀포레스트,,,,1.2793561583380266,,2.8573314337687843,,1.5307749276914304,,-4.110873864173311,
2017-12-31,리틀 포레스트,군위군,2018-02-28,-59,개봉전,일,1,,,,,,,,,,,,,,,,,,0.6373,0.11083997141412905,0.6548685714285715,0.3753653571428571,1.7446164356060716,datalab (2).xlsx,,,1.6978125121905039,TRAIN,군위군,시군구,경상북도,리틀포레스트,,,,1.5417160933175174,,3.199188679164545,,1.9704245073597217,,-4.0943445622221,
2018-01-01,리틀 포레스트,군위군,2018-02-28,-58,개봉전,월,0,,,,,,,,,,,,,,,,,,0.70785,0.1107013965165542,0.683812857142857,0.38800571428571423,1.762378315488726,datalab (2).xlsx,,,1.8243288022267716,TRAIN,군위군,시군구,경상북도,리틀포레스트,,,,1.6978125121905039,,1.2793561583380266,,1.6632887609681999,,-4.07753744390572,
2018-01-02,리틀 포레스트,군위군,2018-02-28,-57,개봉전,화,0,,,,,,,,,,,,,,,,,,0.77307,0.09213816486543758,0.73033,0.40518000000000004,1.8024828471296708,datalab (2).xlsx,,,1.9079668295572336,TRAIN,군위군,시군구,경상북도,리틀포레스트,,,,1.8243288022267716,,1.5417160933175174,,1.4507528430638044,,-4.060443010546419,
2018-01-03,리틀 포레스트,군위군,2018-02-28,-56,개봉전,수,0,,,,,,,,,,,,,,,,,,0.82273,0.06423739118061733,0.72108,0.42496535714285716,1.6967971338840226,datalab (2).xlsx,,,1.9359931019587309,TRAIN,군위군,시군구,경상북도,리틀포레스트,,,,1.9079668295572336,,1.6978125121905039,,2.8573314337687843,,-4.04305126783455,
2018-01-04,리틀 포레스트,군위군,2018-02-28,-55,개봉전,목,0,,,,,,,,,,,,,,,,,,0.60272,-0.2674145831560779,0.6546057142857142,0.44451,1.472645641910675,datalab (2).xlsx,,,1.3559200017997346,TRAIN,군위군,시군구,경상북도,리틀포레스트,,,,1.9359931019587309,,1.8243288022267716,,3.199188679164545,,-4.02535169073515,
2018-01-05,리틀 포레스트,군위군,2018-02-28,-54,개봉전,금,0,,,,,,,,,,,,,,,,,,0.40753,-0.3238485532253783,0.6464157142857143,0.4560396428571428,1.417455092798167,datalab (2).xlsx,,,0.8936284517871645,TRAIN,군위군,시군구,경상북도,리틀포레스트,,,,1.3559200017997346,,1.9079668295572336,,1.2793561583380266,,-4.007333185232471,
2018-01-06,리틀 포레스트,군위군,2018-02-28,-53,개봉전,토,1,,,,,,,,,,,,,,,,,,0.44304,0.08713468947071368,0.6277485714285714,0.4607475,1.3624568151288319,datalab (2).xlsx,,,0.9615678869662885,TRAIN,군위군,시군구,경상북도,리틀포레스트,,,,0.8936284517871645,,1.9359931019587309,,1.5417160933175174,,-3.9889840465642745,
2018-01-07,리틀 포레스트,군위군,2018-02-28,-52,개봉전,일,1,,,,,,,,,,,,,,,,,,0.54446,0.22891838208739634,0.6144857142857143,0.46775142857142854,1.313701416503271,datalab (2).xlsx,,,1.1639943071106145,TRAIN,군위군,시군구,경상북도,리틀포레스트,,,,0.9615678869662885,,1.3559200017997346,,1.6978125121905039,,-3.970291913552122,
2018-01-08,리틀 포레스트,군위군,2018-02-28,-51,개봉전,월,0,,,,,,,,,,,,,,,,,,1.19917,1.2024942144510158,0.6846742857142857,0.4773332142857143,1.4343738613262822,datalab (2).xlsx,,,2.512228280184627,TRAIN,군위군,시군구,경상북도,리틀포레스트,,,,1.1639943071106145,,0.8936284517871645,,1.8243288022267716,,-3.9512437185814275,
2018-01-09,리틀 포레스트,군위군,2018-02-28,-50,개봉전,화,0,,,,,,,,,,,,,,,,,,4.89882,3.0851755797760116,1.2740671428571428,0.5112089285714286,2.492263087848482,datalab (2).xlsx,,,9.582813848126113,TRAIN,군위군,시군구,경상북도,리틀포레스트,,,,2.512228280184627,,0.9615678869662885,,1.9079668295572336,,-3.9318256327243257,
2018-01-10,리틀 포레스트,군위군,2018-02-28,-49,개봉전,수,0,,,,,,,,,,,,,,,,,,3.48914,-0.28775909300607083,1.6549828571428569,0.6744385714285714,2.45386744954004,datalab (2).xlsx,,,5.173399250593615,TRAIN,군위군,시군구,경상북도,리틀포레스트,,,,9.582813848126113,,1.1639943071106145,,1.9359931019587309,,-3.912023005428146,
2018-01-11,리틀 포레스트,군위군,2018-02-28,-48,개봉전,목,0,,,,,,,,,,,,,,,,,,0.99424,-0.7150472609296273,1.7109142857142856,0.7902399999999999,2.1650565470164578,datalab (2).xlsx,,,1.2581494229601136,TRAIN,군위군,시군구,경상북도,리틀포레스트,,,,5.173399250593615,,2.512228280184627,,1.3559200017997346,,-3.8918202981106265,
2018-01-12,리틀 포레스트,군위군,2018-02-28,-47,개봉전,금,0,,,,,,,,,,,,,,,,,,0.75984,-0.23575796588348896,1.7612442857142856,0.8176507142857143,2.154030143852902,datalab (2).xlsx,,,0.9292965648098078,TRAIN,군위군,시군구,경상북도,리틀포레스트,,,,1.2581494229601136,,9.582813848126113,,0.8936284517871645,,-3.871201010907891,
2018-01-13,리틀 포레스트,군위군,2018-02-28,-46,개봉전,토,1,,,,,,,,,,,,,,,,,,0.84501,0.11208938723941886,1.8186685714285713,0.8348250000000002,2.1785027657635685,datalab (2).xlsx,,,1.012200161710538,TRAIN,군위군,시군구,경상북도,리틀포레스트,,,,0.9292965648098078,,5.173399250593615,,0.9615678869662885,,-3.8501476017100584,
2018-01-14,리틀 포레스트,군위군,2018-02-28,-45,개봉전,일,1,,,,,,,,,,,,,,,,,,1.01652,0.2029680122128732,1.886105714285714,0.8549914285714285,2.205993710880978,datalab (2).xlsx,,,1.1889241997413509,TRAIN,군위군,시군구,경상북도,리틀포레스트,,,,1.012200161710538,,1.2581494229601136,,1.1639943071106145,,-3.828641396489095,
2018-01-15,리틀 포레스트,군위군,2018-02-28,-44,개봉전,월,0,,,,,,,,,,,,,,,,,,1.68446,0.6570849565183172,1.955432857142857,0.8814157142857143,2.2185137222423017,datalab (2).xlsx,,,1.9110846025306691,TRAIN,군위군,시군구,경상북도,리틀포레스트,,,,1.1889241997413509,,0.9292965648098078,,2.512228280184627,,-3.8066624897703196,
2018-01-16,리틀 포레스트,군위군,2018-02-28,-43,개봉전,화,0,,,,,,,,,,,,,,,,,,1.05969,-0.3709022476045736,1.4069857142857143,0.9283960714285715,1.5155015812601533,datalab (2).xlsx,,,1.141420168193301,TRAIN,군위군,시군구,경상북도,리틀포레스트,,,,1.9110846025306691,,1.012200161710538,,9.582813848126113,,-3.784189633918261,
2018-01-17,리틀 포레스트,군위군,2018-02-28,-42,개봉전,수,0,,,,,,,,,,,,,,,,,,1.22656,0.15747058101897737,1.08376,0.9563621428571428,1.1332108951555262,datalab (2).xlsx,,,1.2825267176883832,TRAIN,군위군,시군구,경상북도,리틀포레스트,,,,1.141420168193301,,1.1889241997413509,,5.173399250593615,,-3.7612001156935624,
2018-01-18,리틀 포레스트,군위군,2018-02-28,-41,개봉전,목,0,,,,,,,,,,,,,,,,,,0.79279,-0.35364759979128624,1.0549814285714285,0.9905035714285714,1.0650960370085922,datalab (2).xlsx,,,0.8003908545797412,TRAIN,군위군,시군구,경상북도,리틀포레스트,,,,1.2825267176883832,,1.9110846025306691,,1.2581494229601136,,-3.7376696182833684,
2018-01-19,리틀 포레스트,군위군,2018-02-28,-40,개봉전,금,0,,,,,,,,,,,,,,,,,,0.75728,-0.04479118051438591,1.0546157142857144,1.0092857142857141,1.0449129511677286,datalab (2).xlsx,,,0.7503128096249116,TRAIN,군위군,시군구,경상북도,리틀포레스트,,,,0.8003908545797412,,1.141420168193301,,0.9292965648098078,,-3.713572066704308,
2018-01-20,리틀 포레스트,군위군,2018-02-28,-39,개봉전,토,1,,,,,,,,,,,,,,,,,,0.84153,0.11125343334037607,1.0541185714285715,1.0222489285714287,1.0311760100366942,datalab (2).xlsx,,,0.8232143624508567,TRAIN,군위군,시군구,경상북도,리틀포레스트,,,,0.7503128096249116,,1.2825267176883832,,1.012200161710538,,-3.6888794541139363,
2018-01-21,리틀 포레스트,군위군,2018-02-28,-38,개봉전,일,1,,,,,,,,,,,,,,,,,,0.75125,-0.10728078618706405,1.016222857142857,1.0366960714285713,0.9802514788567664,datalab (2).xlsx,,,0.7246579018716397,TRAIN,군위군,시군구,경상북도,리틀포레스트,,,,0.8232143624508567,,0.8003908545797412,,1.1889241997413509,,-3.6635616461296463,
2018-01-22,리틀 포레스트,군위군,2018-02-28,-37,개봉전,월,0,,,,,,,,,,,,,,,,,,0.95316,0.268765391014975,0.9117514285714284,1.0429207142857142,0.8742288997451525,datalab (2).xlsx,,,0.9139333287217424,TRAIN,군위군,시군구,경상북도,리틀포레스트,,,,0.7246579018716397,,0.7503128096249116,,1.9110846025306691,,-3.6375861597263857,
2018-01-23,리틀 포레스트,군위군,2018-02-28,-36,개봉전,화,0,,,,,,,,,,,,,,,,,,1.2739,0.33650174157539126,0.9423528571428573,1.058917857142857,0.8899206400064759,datalab (2).xlsx,,,1.203020603918421,TRAIN,군위군,시군구,경상북도,리틀포레스트,,,,0.9139333287217424,,0.8232143624508567,,1.141420168193301,,-3.6109179126442243,
2018-01-24,리틀 포레스트,군위군,2018-02-28,-35,개봉전,수,0,,,,,,,,,,,,,,,,,,0.98937,-0.22335348143496359,0.9084685714285714,1.0884339285714286,0.8346566085283081,datalab (2).xlsx,,,0.9089848947455633,TRAIN,군위군,시군구,경상북도,리틀포레스트,,,,1.203020603918421,,0.7246579018716397,,1.2825267176883832,,-3.58351893845611,
2018-01-25,리틀 포레스트,군위군,2018-02-28,-34,개봉전,목,0,,,,,,,,,,,,,,,,,,0.9889,-0.0004750497791523589,0.9364842857142858,1.0920728571428573,0.857529128747297,datalab (2).xlsx,,,0.9055256648235137,TRAIN,군위군,시군구,경상북도,리틀포레스트,,,,0.9089848947455633,,0.9139333287217424,,0.8003908545797412,,-3.5553480614894135,
2018-01-26,리틀 포레스트,군위군,2018-02-28,-33,개봉전,금,0,,,,,,,,,,,,,,,,,,0.98519,-0.0037516432399635757,0.9690428571428572,1.0892464285714287,0.8896452003187,datalab (2).xlsx,,,0.9044693415172349,TRAIN,군위군,시군구,경상북도,리틀포레스트,,,,0.9055256648235137,,1.203020603918421,,0.7503128096249116,,-3.5263605246161616,
2018-01-27,리틀 포레스트,군위군,2018-02-28,-32,개봉전,토,1,,,,,,,,,,,,,,,,,,0.84548,-0.14181020919822573,0.9696071428571429,1.1078296428571428,0.8752312678296658,datalab (2).xlsx,,,0.7631859333710089,TRAIN,군위군,시군구,경상북도,리틀포레스트,,,,0.9044693415172349,,0.9089848947455633,,0.8232143624508567,,-3.4965075614664802,
2018-01-28,리틀 포레스트,군위군,2018-02-28,-31,개봉전,일,1,,,,,,,,,,,,,,,,,,0.93204,0.10237971329895434,0.9954342857142857,1.117535714285714,0.8907404685053212,datalab (2).xlsx,,,0.8340136141382507,TRAIN,군위군,시군구,경상북도,리틀포레스트,,,,0.7631859333710089,,0.9055256648235137,,0.7246579018716397,,-3.4657359027997265,
2018-01-29,리틀 포레스트,군위군,2018-02-28,-30,개봉전,월,0,,,,,,,,,,,,,,,,,,1.06062,0.1379554525556843,1.0107857142857142,1.128062142857143,0.8960372623848609,datalab (2).xlsx,,,0.940214159934198,TRAIN,군위군,시군구,경상북도,리틀포레스트,0.0,,,0.8340136141382507,,0.9044693415172349,,0.9139333287217424,,-3.4339872044851463,
2018-01-30,리틀 포레스트,군위군,2018-02-28,-29,개봉전,화,0,,,,,,,,,,,,,,,,,,3.11038,1.9326054571854203,1.27314,1.1406610714285714,1.1161422370674148,datalab (2).xlsx,,,2.7268222593978244,TRAIN,군위군,시군구,경상북도,리틀포레스트,0.0,,,0.940214159934198,,0.7631859333710089,,1.203020603918421,,-3.4011973816621555,
2018-01-31,리틀 포레스트,군위군,2018-02-28,-28,개봉전,수,0,,,,,,,,,,,,,,,,,,1.89171,-0.3918074318893512,1.4020457142857143,1.2241364285714287,1.145334524454849,datalab (2).xlsx,,,1.5453424600782708,TRAIN,군위군,시군구,경상북도,리틀포레스트,0.0,,,2.7268222593978244,,0.8340136141382507,,0.9089848947455633,,-3.367295829986474,
2018-02-01,리틀 포레스트,군위군,2018-02-28,-27,개봉전,목,0,,,,,,,,,,,,,,,,,,7.21153,2.812175227704035,2.2909928571428573,1.262314285714286,1.814914782372513,datalab (2).xlsx,,,5.712943346687489,TRAIN,군위군,시군구,경상북도,리틀포레스트,0.0,,,1.5453424600782708,,0.940214159934198,,0.9055256648235137,,-3.332204510175204,
2018-02-02,리틀 포레스트,군위군,2018-02-28,-26,개봉전,금,0,,,,,,,,,,,,,,,,,,2.27511,-0.6845177098341129,2.4752671428571427,1.4983432142857147,1.6520027716327623,datalab (2).xlsx,,,1.5184171278705214,TRAIN,군위군,시군구,경상북도,리틀포레스트,0.0,,,5.712943346687489,,2.7268222593978244,,0.9044693415172349,,-3.295836866004329,
2018-02-03,리틀 포레스트,군위군,2018-02-28,-25,개봉전,토,1,,,,,,,,,,,,,,,,,,2.02701,-0.10904967232353602,2.644057142857143,1.5650425000000001,1.6894475024525806,datalab (2).xlsx,,,1.2951788849184607,TRAIN,군위군,시군구,경상북도,리틀포레스트,0.0,,,1.5184171278705214,,1.5453424600782708,,0.7631859333710089,,-3.258096538021482,
2018-02-04,리틀 포레스트,군위군,2018-02-28,-24,개봉전,일,1,,,,,,,,,,,,,,,,,,1.91074,-0.05736034849359406,2.783871428571428,1.6216128571428572,1.7167299928025799,datalab (2).xlsx,,,1.1782960350761895,TRAIN,군위군,시군구,경상북도,리틀포레스트,0.0,,,1.2951788849184607,,5.712943346687489,,0.8340136141382507,,-3.2188758248682006,
2018-02-05,리틀 포레스트,군위군,2018-02-28,-23,개봉전,월,0,,,,,,,,,,,,,,,,,,1.71927,-0.10020724954729587,2.8779642857142855,1.6704085714285715,1.722910391469666,datalab (2).xlsx,,,1.029251184055911,TRAIN,군위군,시군구,경상북도,리틀포레스트,0.0,,,1.1782960350761895,,1.5184171278705214,,0.940214159934198,,-3.1780538303479458,
2018-02-06,리틀 포레스트,군위군,2018-02-28,-22,개봉전,화,0,,,,,,,,,,,,,,,,,,4.44579,1.5858591146242298,3.0687371428571426,1.688983571428571,1.8169135536715448,datalab (2).xlsx,,,2.6322280898443995,TRAIN,군위군,시군구,경상북도,리틀포레스트,0.0,,,1.029251184055911,,1.2951788849184607,,2.7268222593978244,,-3.1354942159291497,
2018-02-07,리틀 포레스트,군위군,2018-02-28,-21,개봉전,수,0,,,,,,,,,,,,,,,,,,2.07181,-0.5339838363935319,3.094465714285714,1.6728039285714282,1.849867555564855,datalab (2).xlsx,,,1.238525307487365,TRAIN,군위군,시군구,경상북도,리틀포레스트,0.0,,,2.6322280898443995,,1.1782960350761895,,1.5453424600782708,,-3.091042453358316,
2018-02-08,리틀 포레스트,군위군,2018-02-28,-20,개봉전,목,0,,,,,,,,,,,,,,,,,,2.49582,0.20465679767932388,2.4207928571428567,1.6221849999999998,1.4923038106891984,datalab (2).xlsx,,,1.5385544805308893,TRAIN,군위군,시군구,경상북도,리틀포레스트,0.0,0.0,,1.238525307487365,,1.029251184055911,,5.712943346687489,,-3.044522437723423,
2018-02-09,리틀 포레스트,군위군,2018-02-28,-19,개봉전,금,0,,,,,,,,,,,,,,,,,,1.95994,-0.2147109967866273,2.375768571428572,1.675812857142857,1.4176813128639496,datalab (2).xlsx,,,1.1695458664409342,TRAIN,군위군,시군구,경상북도,리틀포레스트,0.0,0.0,,1.5385544805308893,,2.6322280898443995,,1.5184171278705214,,-2.995732273553991,
2018-02-10,리틀 포레스트,군위군,2018-02-28,-18,개봉전,토,1,,,,,,,,,,,,,,,,,,3.03797,0.550032143841138,2.5201914285714286,1.7186735714285715,1.4663584001449623,datalab (2).xlsx,,,1.7676247837306427,TRAIN,군위군,시군구,경상북도,리틀포레스트,0.0,0.0,,1.1695458664409342,,1.238525307487365,,1.2951788849184607,,-2.9444389791664403,
2018-02-11,리틀 포레스트,군위군,2018-02-28,-17,개봉전,일,1,,,,,,,,,,,,,,,,,,1.63062,-0.463253422515693,2.4801742857142854,1.7969935714285714,1.38017983210847,datalab (2).xlsx,,,0.9074156001035062,TRAIN,군위군,시군구,경상북도,리틀포레스트,0.0,0.0,,1.7676247837306427,,1.5385544805308893,,1.1782960350761895,,-2.8903717578961645,
2018-02-12,리틀 포레스트,군위군,2018-02-28,-16,개봉전,월,0,,,,,,,,,,,,,,,,,,2.48631,0.5247635868565332,2.5897514285714287,1.8189257142857147,1.4237807559878355,datalab (2).xlsx,,,1.3669112380306112,TRAIN,군위군,시군구,경상북도,리틀포레스트,0.0,0.0,,0.9074156001035062,,1.1695458664409342,,1.029251184055911,,-2.833213344056216,
2018-02-13,리틀 포레스트,군위군,2018-02-28,-15,개봉전,화,0,,,,,,,,,15.0,15.0,3238.0,21524000.0,3239.0,3239.0,10.0,,리틀포레스트 KOBIS(1).zip/리틀포레스트 KOBIS/KOBIS_일자별_통계정보_2026-09-21 (1).xls,10.82043,3.3520035715578507,3.5004142857142857,1.8475632142857148,1.894611377109269,datalab (2).xlsx,,,5.856595279844473,TRAIN,군위군,시군구,경상북도,리틀포레스트,0.0,0.0,,1.3669112380306112,,1.7676247837306427,,2.6322280898443995,,-2.772588722239781,
2018-02-14,리틀 포레스트,군위군,2018-02-28,-14,개봉전,수,0,,,,,,,,,,,,,,,,,,3.51165,-0.675461141562766,3.7061057142857137,2.196161071428572,1.6875382058725519,datalab (2).xlsx,,,1.5989947393593134,TRAIN,군위군,시군구,경상북도,리틀포레스트,0.0,0.0,,5.856595279844473,,0.9074156001035062,,1.238525307487365,,-2.70805020110221,
2018-02-15,리틀 포레스트,군위군,2018-02-28,-13,개봉전,목,0,,,,,,,,,,,,,,,,,,2.83072,-0.19390599860464452,3.753948571428571,2.2777714285714294,1.6480795765284355,datalab (2).xlsx,,,1.2427585860866506,TRAIN,군위군,시군구,경상북도,리틀포레스트,0.0,0.0,,1.5989947393593134,,1.3669112380306112,,1.5385544805308893,,-2.6390573296152584,
2018-02-16,리틀 포레스트,군위군,2018-02-28,-12,개봉전,금,0,,,,,,,,,,,,,,,,,,3.11456,0.1002713090662446,3.9188942857142854,2.3505546428571438,1.6672210950819655,datalab (2).xlsx,,,1.3250319491463485,TRAIN,군위군,시군구,경상북도,리틀포레스트,0.0,0.0,,1.2427585860866506,,5.856595279844473,,1.1695458664409342,,-2.5649493574615367,
2018-02-17,리틀 포레스트,군위군,2018-02-28,-11,개봉전,토,1,,,,,,,,,,,,,,,,,,11.63017,2.734129379430802,5.146351428571429,2.434743214285715,2.1137142505934547,datalab (2).xlsx,,,4.776754251438365,TRAIN,군위군,시군구,경상북도,리틀포레스트,0.0,0.0,,1.3250319491463485,,1.5989947393593134,,1.7676247837306427,,-2.4849066497880004,
2018-02-18,리틀 포레스트,군위군,2018-02-28,-10,개봉전,일,1,,,,,,,,,,,,,,,,,,3.74815,-0.6777218217790454,5.448855714285714,2.8200517857142864,1.932182856317861,datalab (2).xlsx,,,1.3291067983174065,TRAIN,군위군,시군구,경상북도,리틀포레스트,0.0,0.0,,4.776754251438365,,1.2427585860866506,,0.9074156001035062,,-2.3978952727983707,
2018-02-19,리틀 포레스트,군위군,2018-02-28,-9,개봉전,월,0,,,,,,,,,,,,,,,,,,6.06527,0.6182036471325854,5.960135714285714,2.9270839285714287,2.036202534580064,datalab (2).xlsx,,,2.072120290366997,TRAIN,군위군,시군구,경상북도,리틀포레스트,0.0,0.0,,1.3291067983174065,,1.3250319491463485,,1.3669112380306112,,-2.302585092994046,
2018-02-20,리틀 포레스트,군위군,2018-02-28,-8,개봉전,화,0,,,,,,,,,35.0,40.0,8477.0,46692700.0,6846.0,10085.0,8.0,,리틀포레스트 KOBIS(1).zip/리틀포레스트 KOBIS/KOBIS_일자별_통계정보_2026-09-21 (1).xls,6.74458,0.11199996043045068,5.377871428571429,3.109659285714286,1.7294085732405684,datalab (2).xlsx,,,2.1689128551749923,TRAIN,군위군,시군구,경상북도,리틀포레스트,0.0,0.0,,2.072120290366997,,4.776754251438365,,5.856595279844473,,-2.1972245773362196,
2018-02-21,리틀 포레스트,군위군,2018-02-28,-7,개봉전,수,0,,,,,,,,,12.0,12.0,2740.0,21636000.0,2740.0,12825.0,10.0,,리틀포레스트 KOBIS(1).zip/리틀포레스트 KOBIS/KOBIS_일자별_통계정보_2026-09-21 (1).xls,5.27247,-0.21826562958701656,5.629417142857142,3.3050407142857146,1.7032822374999916,datalab (2).xlsx,,,1.5952814067343453,TRAIN,군위군,시군구,경상북도,리틀포레스트,0.0,0.0,,2.1689128551749923,,1.3291067983174065,,1.5989947393593134,,-2.0794415416798357,
2018-02-22,리틀 포레스트,군위군,2018-02-28,-6,개봉전,목,0,,,,,,,,,,,,,,,,,,4.69807,-0.10894324671358957,5.8961814285714285,3.4580085714285715,1.7050800502023047,datalab (2).xlsx,,,1.3586056549475627,TRAIN,군위군,시군구,경상북도,리틀포레스트,0.0,0.0,,1.5952814067343453,,2.072120290366997,,1.2427585860866506,,-1.9459101490553132,
2018-02-23,리틀 포레스트,군위군,2018-02-28,-5,개봉전,금,0,,,,,,,,,,,,,,,,,,5.87009,0.24946839872543403,6.289828571428571,3.5904789285714287,1.7518076826400297,datalab (2).xlsx,,,1.634904456140501,TRAIN,군위군,시군구,경상북도,리틀포레스트,0.0,0.0,,1.3586056549475627,,2.1689128551749923,,1.3250319491463485,,-1.791759469228055,
2018-02-24,리틀 포레스트,군위군,2018-02-28,-4,개봉전,토,1,,,,,,,,,2.0,5.0,1332.0,6420000.0,1212.0,14037.0,17.0,,리틀포레스트 KOBIS(1).zip/리틀포레스트 KOBIS/KOBIS_일자별_통계정보_2026-09-21 (1).xls,4.47271,-0.2380508646375098,5.267334285714285,3.764939642857143,1.3990487990179312,datalab (2).xlsx,,,1.1879898283324783,TRAIN,군위군,시군구,경상북도,리틀포레스트,0.0,0.0,,1.634904456140501,,1.5952814067343453,,4.776754251438365,,-1.6094379124341003,
2018-02-25,리틀 포레스트,군위군,2018-02-28,-3,개봉전,일,1,,,,,,,,,2.0,2.0,207.0,1559000.0,207.0,14244.0,34.0,,리틀포레스트 KOBIS(1).zip/리틀포레스트 KOBIS/KOBIS_일자별_통계정보_2026-09-21 (1).xls,23.63935,4.2852409389385855,8.108934285714287,3.894483571428572,2.0821590685873077,datalab (2).xlsx,,,6.069957560850264,TRAIN,군위군,시군구,경상북도,리틀포레스트,0.0,0.0,,1.1879898283324783,,1.3586056549475627,,1.3291067983174065,,-1.3862943611198906,
2018-02-26,리틀 포레스트,군위군,2018-02-28,-2,개봉전,월,0,,,,,,,,,,,,,,,,,,16.25955,-0.3121828645880703,9.56526,4.70545892857143,2.0328006566840866,datalab (2).xlsx,,,3.4554652897451548,TRAIN,군위군,시군구,경상북도,리틀포레스트,0.0,0.0,,6.069957560850264,,1.634904456140501,,2.072120290366997,,-1.0986122886681098,
2018-02-27,리틀 포레스트,군위군,2018-02-28,-1,개봉전,화,0,,,,,,,,,10.0,10.0,1750.0,12106000.0,1354.0,15598.0,17.0,,리틀포레스트 KOBIS(1).zip/리틀포레스트 KOBIS/KOBIS_일자별_통계정보_2026-09-21 (1).xls,25.7773,0.5853636785765903,12.284220000000001,5.248277857142857,2.340619215364387,datalab (2).xlsx,,,4.911573034365422,TRAIN,군위군,시군구,경상북도,리틀포레스트,0.0,0.0,,3.4554652897451548,,1.1879898283324783,,2.1689128551749923,,-0.6931471805599453,
2018-02-28,리틀 포레스트,군위군,2018-02-28,0,개봉후,수,0,,,,,,,,,831.0,4188.0,761215.0,779250900.0,131350.0,146948.0,2.0,,리틀포레스트 KOBIS(1).zip/리틀포레스트 KOBIS/KOBIS_일자별_통계정보_2026-09-21 (1).xls,100.0,2.8793822471709603,25.816724285714287,6.057810714285714,4.261725151766875,datalab (2).xlsx,,,16.507613842105854,TRAIN,군위군,시군구,경상북도,리틀포레스트,0.0,0.0,,4.911573034365422,,6.069957560850264,,1.5952814067343453,,0.0,
2018-03-01,리틀 포레스트,군위군,2018-02-28,1,개봉후,목,0,,,,,,,,,884.0,4274.0,782367.0,1385057900.0,167097.0,314045.0,2.0,,리틀포레스트 KOBIS(1).zip/리틀포레스트 KOBIS/KOBIS_일자별_통계정보_2026-09-21 (1).xls,58.48532,-0.41514680000000004,33.500617142857145,9.561678214285715,3.5036336082514503,datalab (2).xlsx,,,6.116637549318431,TRAIN,군위군,시군구,경상북도,리틀포레스트,0.0,0.0,,16.507613842105854,,3.4554652897451548,,1.3586056549475627,,0.6931471805599453,
2018-03-02,리틀 포레스트,군위군,2018-02-28,2,개봉후,금,0,,,,,,,,,830.0,4101.0,746023.0,658080114.0,78782.0,392827.0,2.0,,리틀포레스트 KOBIS(1).zip/리틀포레스트 KOBIS/KOBIS_일자별_통계정보_2026-09-21 (1).xls,50.68453,-0.13338030808414825,39.90268,11.392884999999998,3.5024210285630026,datalab (2).xlsx,,,4.448787993559139,TRAIN,군위군,시군구,경상북도,리틀포레스트,0.0,0.0,,6.116637549318431,,4.911573034365422,,1.634904456140501,,1.0986122886681098,
2018-03-03,리틀 포레스트,군위군,2018-02-28,3,개봉후,토,1,,,,,,,,,830.0,3950.0,688338.0,1292433216.0,154014.0,546841.0,2.0,,리틀포레스트 KOBIS(1).zip/리틀포레스트 KOBIS/KOBIS_일자별_통계정보_2026-09-21 (1).xls,38.85058,-0.2334824846950342,44.81380428571428,13.121792857142859,3.41521961012514,datalab (2).xlsx,,,2.9607676651328676,TRAIN,군위군,시군구,경상북도,리틀포레스트,0.0,0.0,,4.448787993559139,,16.507613842105854,,1.1879898283324783,,1.3862943611198906,
2018-03-04,리틀 포레스트,군위군,2018-02-28,4,개봉후,일,1,,,,,,,,,833.0,3861.0,667081.0,1167919900.0,139732.0,686573.0,2.0,,리틀포레스트 KOBIS(1).zip/리틀포레스트 KOBIS/KOBIS_일자별_통계정보_2026-09-21 (1).xls,40.77826,0.04961779206385075,47.26222,14.436920357142856,3.273705113751382,datalab (2).xlsx,,,2.8245816276062246,TRAIN,군위군,시군구,경상북도,리틀포레스트,0.0,0.0,,2.9607676651328676,,6.116637549318431,,6.069957560850264,,1.6094379124341003,
2018-03-05,리틀 포레스트,군위군,2018-02-28,5,개봉후,월,0,,,,,,,,,751.0,3710.0,625077.0,385233100.0,50835.0,737408.0,2.0,,리틀포레스트 KOBIS(1).zip/리틀포레스트 KOBIS/KOBIS_일자별_통계정보_2026-09-21 (1).xls,23.94407,-0.4128226658028077,48.36000857142857,15.82504607142857,3.0559158155463733,datalab (2).xlsx,,,1.513048991574816,TRAIN,군위군,시군구,경상북도,리틀포레스트,0.0,0.0,,2.8245816276062246,,4.448787993559139,,3.4554652897451548,,1.791759469228055,
2018-03-06,리틀 포레스트,군위군,2018-02-28,6,개봉후,화,0,,,,,,,,,766.0,3711.0,623848.0,359487700.0,47876.0,785284.0,2.0,,리틀포레스트 KOBIS(1).zip/리틀포레스트 KOBIS/KOBIS_일자별_통계정보_2026-09-21 (1).xls,17.50328,-0.2689931160408402,47.178005714285725,16.61878892857143,2.838835363819811,datalab (2).xlsx,,,1.0532223542419468,TRAIN,군위군,시군구,경상북도,리틀포레스트,0.0,0.0,,1.513048991574816,,2.9607676651328676,,4.911573034365422,,1.9459101490553132,
2018-03-07,리틀 포레스트,군위군,2018-02-28,7,개봉후,수,0,,,,,,,,,666.0,3095.0,507066.0,303065600.0,40047.0,825331.0,3.0,,리틀포레스트 KOBIS(1).zip/리틀포레스트 KOBIS/KOBIS_일자별_통계정보_2026-09-21 (1).xls,16.75342,-0.04284111320849593,35.28563714285715,17.085127857142858,2.065283762456897,datalab (2).xlsx,,,0.9805849941588712,TRAIN,군위군,시군구,경상북도,리틀포레스트,0.0,0.0,,1.0532223542419468,,2.8245816276062246,,16.507613842105854,,2.0794415416798357,
2018-03-08,리틀 포레스트,군위군,2018-02-28,8,개봉후,목,0,,,,,,,,,579.0,2390.0,353463.0,265183900.0,35210.0,860541.0,3.0,,리틀포레스트 KOBIS(1).zip/리틀포레스트 KOBIS/KOBIS_일자별_통계정보_2026-09-21 (1).xls,16.43315,-0.01911669378550751,29.278184285714293,17.609471071428572,1.6626384839700408,datalab (2).xlsx,,,0.933199522764931,TRAIN,군위군,시군구,경상북도,리틀포레스트,0.0,0.0,,0.9805849941588712,,1.513048991574816,,6.116637549318431,,2.1972245773362196,
2018-03-09,리틀 포레스트,군위군,2018-02-28,9,개봉후,금,0,,,,,,,,,622.0,2552.0,381358.0,407934330.0,48732.0,909273.0,3.0,,리틀포레스트 KOBIS(1).zip/리틀포레스트 KOBIS/KOBIS_일자별_통계정보_2026-09-21 (1).xls,16.94303,0.031027526676260964,24.45797,18.107232857142858,1.3507293020949875,datalab (2).xlsx,,,0.9357050927478625,TRAIN,군위군,시군구,경상북도,리틀포레스트,0.0,0.0,,0.933199522764931,,1.0532223542419468,,4.448787993559139,,2.302585092994046,
2018-03-10,리틀 포레스트,군위군,2018-02-28,10,개봉후,토,1,,,,,,,,,699.0,2874.0,447386.0,966023320.0,114883.0,1024156.0,3.0,,리틀포레스트 KOBIS(1).zip/리틀포레스트 KOBIS/KOBIS_일자별_통계정보_2026-09-21 (1).xls,25.29991,0.49323409095067405,22.522160000000003,18.642343214285717,1.2081185149912466,datalab (2).xlsx,,,1.3571207068332782,TRAIN,군위군,시군구,경상북도,리틀포레스트,0.0,0.0,,0.9357050927478625,,0.9805849941588712,,2.9607676651328676,,2.3978952727983707,
2018-03-11,리틀 포레스트,군위군,2018-02-28,11,개봉후,일,1,,,,,,,,,694.0,2800.0,436289.0,830372600.0,99324.0,1123480.0,3.0,,리틀포레스트 KOBIS(1).zip/리틀포레스트 KOBIS/KOBIS_일자별_통계정보_2026-09-21 (1).xls,28.40843,0.1228668402377715,20.755041428571428,19.437412499999997,1.0677882886197652,datalab (2).xlsx,,,1.4615335245882137,TRAIN,군위군,시군구,경상북도,리틀포레스트,0.0,0.0,,1.3571207068332782,,0.933199522764931,,2.8245816276062246,,2.4849066497880004,
2018-03-12,리틀 포레스트,군위군,2018-02-28,12,개봉후,월,0,,,,,,,,,640.0,2625.0,396136.0,226544100.0,30094.0,1153574.0,2.0,,리틀포레스트 KOBIS(1).zip/리틀포레스트 KOBIS/KOBIS_일자별_통계정보_2026-09-21 (1).xls,17.13566,-0.3968107354049484,19.78241142857143,20.393762857142853,0.9700226273663224,datalab (2).xlsx,,,0.8402402303113125,TRAIN,군위군,시군구,경상북도,리틀포레스트,0.0,0.0,,1.4615335245882137,,0.9357050927478625,,1.513048991574816,,2.5649493574615367,
2018-03-13,리틀 포레스트,군위군,2018-02-28,13,개봉후,화,0,,,,,,,,,655.0,2633.0,393671.0,225956300.0,30183.0,1183757.0,2.0,,리틀포레스트 KOBIS(1).zip/리틀포레스트 KOBIS/KOBIS_일자별_통계정보_2026-09-21 (1).xls,14.68997,-0.14272517078420088,19.380509999999997,20.916953928571427,0.9265455221721969,datalab (2).xlsx,,,0.7022996775804099,TRAIN,군위군,시군구,경상북도,리틀포레스트,0.0,0.0,,0.8402402303113125,,1.3571207068332782,,1.0532223542419468,,2.6390573296152584,
2018-03-14,리틀 포레스트,군위군,2018-02-28,14,개봉후,수,0,,,,,,,,,510.0,1838.0,252176.0,172606900.0,22905.0,1206662.0,4.0,,리틀포레스트 KOBIS(1).zip/리틀포레스트 KOBIS/KOBIS_일자별_통계정보_2026-09-21 (1).xls,10.27202,-0.30074601922263977,18.454595714285716,21.055151785714287,0.8764883721620558,datalab (2).xlsx,,,0.4878625480614898,TRAIN,군위군,시군구,경상북도,리틀포레스트,0.0,0.0,,0.7022996775804099,,1.4615335245882137,,0.9805849941588712,,2.70805020110221,
2018-03-15,리틀 포레스트,군위군,2018-02-28,15,개봉후,목,0,,,,,,,,,521.0,1758.0,243851.0,145160300.0,19352.0,1226014.0,4.0,,리틀포레스트 KOBIS(1).zip/리틀포레스트 KOBIS/KOBIS_일자별_통계정보_2026-09-21 (1).xls,9.8914,-0.03705405558010977,17.52006,21.29659357142857,0.8226695946108887,datalab (2).xlsx,,,0.4644592557407991,TRAIN,군위군,시군구,경상북도,리틀포레스트,0.0,0.0,,0.4878625480614898,,0.8402402303113125,,0.933199522764931,,2.772588722239781,
2018-03-16,리틀 포레스트,군위군,2018-02-28,16,개봉후,금,0,,,,,,,,,538.0,1896.0,264749.0,222310818.0,26541.0,1252555.0,3.0,,리틀포레스트 KOBIS(1).zip/리틀포레스트 KOBIS/KOBIS_일자별_통계정보_2026-09-21 (1).xls,11.21474,0.13378692601653963,16.701732857142858,21.548760714285713,0.7750669784954488,datalab (2).xlsx,,,0.5204354973678467,TRAIN,군위군,시군구,경상북도,리틀포레스트,0.0,0.0,,0.4644592557407991,,0.7022996775804099,,0.9357050927478625,,2.833213344056216,
2018-03-17,리틀 포레스트,군위군,2018-02-28,17,개봉후,토,1,,,,,,,,,584.0,2026.0,283848.0,464907224.0,55314.0,1307869.0,3.0,,리틀포레스트 KOBIS(1).zip/리틀포레스트 KOBIS/KOBIS_일자별_통계정보_2026-09-21 (1).xls,16.25375,0.449320269573793,15.409424285714286,21.838052857142856,0.7056226297517237,datalab (2).xlsx,,,0.7442856790541962,TRAIN,군위군,시군구,경상북도,리틀포레스트,0.0,0.0,,0.5204354973678467,,0.4878625480614898,,1.3571207068332782,,2.8903717578961645,
2018-03-18,리틀 포레스트,군위군,2018-02-28,18,개봉후,일,1,,,,,,,,,588.0,1953.0,277233.0,383090300.0,45707.0,1353576.0,3.0,,리틀포레스트 KOBIS(1).zip/리틀포레스트 KOBIS/KOBIS_일자별_통계정보_2026-09-21 (1).xls,18.23319,0.12178358840267633,13.955818571428571,22.003180714285715,0.6342636890841723,datalab (2).xlsx,,,0.8286615574702787,TRAIN,군위군,시군구,경상북도,리틀포레스트,0.0,0.0,,0.7442856790541962,,0.4644592557407991,,1.4615335245882137,,2.9444389791664403,
2018-03-19,리틀 포레스트,군위군,2018-02-28,19,개봉후,월,0,,,,,,,,,546.0,1784.0,251702.0,112879100.0,15005.0,1368581.0,3.0,,리틀포레스트 KOBIS(1).zip/리틀포레스트 KOBIS/KOBIS_일자별_통계정보_2026-09-21 (1).xls,8.94427,-0.5094511711883658,12.78562,22.520503571428574,0.567732420345206,datalab (2).xlsx,,,0.39716119009645334,TRAIN,군위군,시군구,경상북도,리틀포레스트,0.0,0.0,,0.8286615574702787,,0.5204354973678467,,0.8402402303113125,,2.995732273553991,
2018-03-20,리틀 포레스트,군위군,2018-02-28,20,개봉후,화,0,,,,,,,,,528.0,1762.0,248907.0,107330500.0,14371.0,1382952.0,3.0,,리틀포레스트 KOBIS(1).zip/리틀포레스트 KOBIS/KOBIS_일자별_통계정보_2026-09-21 (1).xls,7.9173,-0.11481876106155109,11.818095714285716,22.623325,0.5223854457417606,datalab (2).xlsx,,,0.3499618203778622,TRAIN,군위군,시군구,경상북도,리틀포레스트,0.0,0.0,,0.39716119009645334,,0.7442856790541962,,0.7022996775804099,,3.044522437723423,
2018-03-21,리틀 포레스트,군위군,2018-02-28,21,개봉후,수,0,,,,,,,,,514.0,1236.0,162452.0,93969300.0,12838.0,1395790.0,4.0,,리틀포레스트 KOBIS(1).zip/리틀포레스트 KOBIS/KOBIS_일자별_통계정보_2026-09-21 (1).xls,9.26687,0.17045836333093356,11.674502857142857,22.665207857142857,0.5150847471034191,datalab (2).xlsx,,,0.4088588138440381,TRAIN,군위군,시군구,경상북도,리틀포레스트,0.0,0.0,,0.3499618203778622,,0.8286615574702787,,0.4878625480614898,,3.091042453358316,
2018-03-22,리틀 포레스트,군위군,2018-02-28,22,개봉후,목,0,,,,,,,,,430.0,941.0,123948.0,76009000.0,10268.0,1406058.0,5.0,,리틀포레스트 KOBIS(1).zip/리틀포레스트 KOBIS/KOBIS_일자별_통계정보_2026-09-21 (1).xls,6.31267,-0.31879156608434145,11.163255714285713,22.807865,0.48944764072769253,datalab (2).xlsx,,,0.27677601564197263,TRAIN,군위군,시군구,경상북도,리틀포레스트,0.0,0.0,,0.4088588138440381,,0.39716119009645334,,0.4644592557407991,,3.1354942159291497,
2018-03-23,리틀 포레스트,군위군,2018-02-28,23,개봉후,금,0,,,,,,,,,459.0,989.0,129747.0,106478776.0,12799.0,1418857.0,5.0,,리틀포레스트 KOBIS(1).zip/리틀포레스트 KOBIS/KOBIS_일자별_통계정보_2026-09-21 (1).xls,6.88313,0.09036746733157286,10.544454285714284,22.865529285714285,0.46115067593480774,datalab (2).xlsx,,,0.30102648899977047,TRAIN,군위군,시군구,경상북도,리틀포레스트,0.0,0.0,,0.27677601564197263,,0.3499618203778622,,0.5204354973678467,,3.1780538303479458,
2018-03-24,리틀 포레스트,군위군,2018-02-28,24,개봉후,토,1,,,,,,,,,466.0,954.0,124435.0,211182487.0,25371.0,1444228.0,4.0,,리틀포레스트 KOBIS(1).zip/리틀포레스트 KOBIS/KOBIS_일자별_통계정보_2026-09-21 (1).xls,8.8895,0.29149093508331236,9.492418571428573,22.901709285714286,0.41448515711225925,datalab (2).xlsx,,,0.3881588002492515,TRAIN,군위군,시군구,경상북도,리틀포레스트,0.0,0.0,,0.30102648899977047,,0.4088588138440381,,0.7442856790541962,,3.2188758248682006,
2018-03-25,리틀 포레스트,군위군,2018-02-28,25,개봉후,일,1,,,,,,,,,458.0,929.0,120650.0,181230800.0,22029.0,1466257.0,6.0,,리틀포레스트 KOBIS(1).zip/리틀포레스트 KOBIS/KOBIS_일자별_통계정보_2026-09-21 (1).xls,7.84675,-0.11730131053490067,8.008641428571428,23.059451785714288,0.3473040687607723,datalab (2).xlsx,,,0.34028345829371326,TRAIN,군위군,시군구,경상북도,리틀포레스트,0.0,0.0,,0.3881588002492515,,0.27677601564197263,,0.8286615574702787,,3.258096538021482,
2018-03-26,리틀 포레스트,군위군,2018-02-28,26,개봉후,월,0,,,,,,,,,448.0,974.0,128034.0,57450800.0,7874.0,1474131.0,5.0,,리틀포레스트 KOBIS(1).zip/리틀포레스트 KOBIS/KOBIS_일자별_통계정보_2026-09-21 (1).xls,5.20749,-0.33635071845031383,7.4748157142857155,22.49543035714286,0.332281516539748,datalab (2).xlsx,,,0.23149101472275196,TRAIN,군위군,시군구,경상북도,리틀포레스트,0.0,0.0,,0.34028345829371326,,0.30102648899977047,,0.39716119009645334,,3.295836866004329,
2018-03-27,리틀 포레스트,군위군,2018-02-28,27,개봉후,화,0,,,,,,,,,458.0,999.0,131915.0,61363300.0,8590.0,1482721.0,5.0,,리틀포레스트 KOBIS(1).zip/리틀포레스트 KOBIS/KOBIS_일자별_통계정보_2026-09-21 (1).xls,4.71663,-0.09426038264115721,7.017577142857143,22.100713928571434,0.3175271697347721,datalab (2).xlsx,,,0.21341527768034768,TRAIN,군위군,시군구,경상북도,리틀포레스트,100.0,0.0,inf,0.23149101472275196,,0.3881588002492515,,0.3499618203778622,,3.332204510175204,
2018-03-28,리틀 포레스트,군위군,2018-02-28,28,개봉후,수,0,,,,,,,,,126.0,170.0,20388.0,16493000.0,2808.0,1485529.0,9.0,,리틀포레스트 KOBIS(1).zip/리틀포레스트 KOBIS/KOBIS_일자별_통계정보_2026-09-21 (1).xls,4.03616,-0.14427037948704913,6.270332857142857,21.34854714285715,0.2937123924726091,datalab (2).xlsx,,,0.1890601722445749,TRAIN,군위군,시군구,경상북도,리틀포레스트,0.0,3.5714285714285716,0.0,0.21341527768034768,inf,0.34028345829371326,,0.4088588138440381,,3.367295829986474,
2018-03-29,리틀 포레스트,군위군,2018-02-28,29,개봉후,목,0,,,,,,,,,114.0,153.0,18544.0,13376800.0,1960.0,1487489.0,8.0,,리틀포레스트 KOBIS(1).zip/리틀포레스트 KOBIS/KOBIS_일자별_통계정보_2026-09-21 (1).xls,3.58801,-0.11103375485610079,5.881095714285714,17.921267142857143,0.32816294000894547,datalab (2).xlsx,,,0.20020961527991443,TRAIN,군위군,시군구,경상북도,리틀포레스트,0.0,3.5714285714285716,0.0,0.1890601722445749,0.0,0.23149101472275196,,0.27677601564197263,,3.4011973816621555,
2018-03-30,리틀 포레스트,군위군,2018-02-28,30,개봉후,금,0,,,,,,,,,124.0,167.0,20206.0,17562900.0,2407.0,1489896.0,7.0,,리틀포레스트 KOBIS(1).zip/리틀포레스트 KOBIS/KOBIS_일자별_통계정보_2026-09-21 (1).xls,4.1218,0.14877048837656526,5.48662,15.96064892857143,0.34375920581639435,datalab (2).xlsx,,,0.2582476450955259,TRAIN,군위군,시군구,경상북도,리틀포레스트,0.0,3.5714285714285716,0.0,0.20020961527991443,0.0,0.21341527768034768,inf,0.30102648899977047,,3.4339872044851463,
2018-03-31,리틀 포레스트,군위군,2018-02-28,31,개봉후,토,1,,,,,,,,,92.0,129.0,14818.0,28178300.0,3561.0,1493457.0,9.0,,리틀포레스트 KOBIS(1).zip/리틀포레스트 KOBIS/KOBIS_일자별_통계정보_2026-09-21 (1).xls,5.28617,0.28249065942064133,4.971858571428571,14.297694285714288,0.34773848650521666,datalab (2).xlsx,,,0.3697218512555371,TRAIN,군위군,시군구,경상북도,리틀포레스트,0.0,3.5714285714285716,0.0,0.2582476450955259,0.0,0.1890601722445749,0.0,0.3881588002492515,,3.4657359027997265,
2018-04-01,리틀 포레스트,군위군,2018-02-28,32,개봉후,일,1,,,,,,,,,88.0,126.0,14495.0,21765300.0,2747.0,1496204.0,10.0,,리틀포레스트 KOBIS(1).zip/리틀포레스트 KOBIS/KOBIS_일자별_통계정보_2026-09-21 (1).xls,3.95563,-0.25170208298257524,4.415984285714286,13.098965357142859,0.3371246633083316,datalab (2).xlsx,,,0.3019803390687645,TRAIN,군위군,시군구,경상북도,리틀포레스트,0.0,3.5714285714285716,0.0,0.3697218512555371,0.0,0.20020961527991443,0.0,0.34028345829371326,,3.4965075614664802,
2018-04-02,리틀 포레스트,군위군,2018-02-28,33,개봉후,월,0,,,,,,,,,112.0,166.0,20679.0,11350700.0,1626.0,1497830.0,9.0,,리틀포레스트 KOBIS(1).zip/리틀포레스트 KOBIS/KOBIS_일자별_통계정보_2026-09-21 (1).xls,2.79637,-0.29306583274977693,4.0715385714285715,11.783871428571429,0.34551790522396836,datalab (2).xlsx,,,0.2373048634271298,TRAIN,군위군,시군구,경상북도,리틀포레스트,0.0,3.5714285714285716,0.0,0.3019803390687645,0.0,0.2582476450955259,0.0,0.23149101472275196,,3.5263605246161616,
2018-04-03,리틀 포레스트,군위군,2018-02-28,34,개봉후,화,0,,,,,,,,,105.0,151.0,18787.0,9955600.0,1423.0,1499253.0,12.0,,리틀포레스트 KOBIS(1).zip/리틀포레스트 KOBIS/KOBIS_일자별_통계정보_2026-09-21 (1).xls,2.68706,-0.03908996305925194,3.7815999999999996,11.028596428571431,0.3428904144323506,datalab (2).xlsx,,,0.24364478448397292,TRAIN,군위군,시군구,경상북도,리틀포레스트,0.0,3.5714285714285716,0.0,0.2373048634271298,0.0,0.3697218512555371,0.0,0.21341527768034768,inf,3.5553480614894135,
2018-04-04,리틀 포레스트,군위군,2018-02-28,35,개봉후,수,0,,,,,,,,,94.0,135.0,16482.0,8643100.0,1251.0,1500504.0,10.0,,리틀포레스트 KOBIS(1).zip/리틀포레스트 KOBIS/KOBIS_일자별_통계정보_2026-09-21 (1).xls,10.32354,2.8419462163107636,4.679797142857143,10.499445714285715,0.4457184950715765,datalab (2).xlsx,,,0.98324619041114,TRAIN,군위군,시군구,경상북도,리틀포레스트,0.0,3.5714285714285716,0.0,0.24364478448397292,0.0,0.3019803390687645,0.0,0.1890601722445749,0.0,3.58351893845611,
2018-04-05,리틀 포레스트,군위군,2018-02-28,36,개봉후,목,0,,,,,,,,,23.0,30.0,3799.0,3569400.0,535.0,1501039.0,17.0,,리틀포레스트 KOBIS(1).zip/리틀포레스트 KOBIS/KOBIS_일자별_통계정보_2026-09-21 (1).xls,11.14999,0.08005490364739232,5.76008,10.269807142857145,0.5608751868340829,datalab (2).xlsx,,,1.0857058798572514,TRAIN,군위군,시군구,경상북도,리틀포레스트,0.0,3.5714285714285716,0.0,0.98324619041114,0.0,0.2373048634271298,0.0,0.20020961527991443,0.0,3.6109179126442243,
2018-04-06,리틀 포레스트,군위군,2018-02-28,37,개봉후,금,0,,,,,,,,,24.0,31.0,3860.0,3406900.0,436.0,1501475.0,17.0,,리틀포레스트 KOBIS(1).zip/리틀포레스트 KOBIS/KOBIS_일자별_통계정보_2026-09-21 (1).xls,9.81505,-0.1197256679153973,6.573401428571429,10.081122857142859,0.6520505227167154,datalab (2).xlsx,,,0.9736068232762052,TRAIN,군위군,시군구,경상북도,리틀포레스트,0.0,3.5714285714285716,0.0,1.0857058798572514,0.0,0.24364478448397292,0.0,0.2582476450955259,0.0,3.6375861597263857,
2018-04-07,리틀 포레스트,군위군,2018-02-28,38,개봉후,토,1,,,,,,,,,23.0,29.0,3729.0,3520700.0,411.0,1501886.0,22.0,,리틀포레스트 KOBIS(1).zip/리틀포레스트 KOBIS/KOBIS_일자별_통계정보_2026-09-21 (1).xls,11.75179,0.19732349809730976,7.4970614285714285,9.826552142857143,0.7629391590845009,datalab (2).xlsx,,,1.1959220110120008,TRAIN,군위군,시군구,경상북도,리틀포레스트,0.0,3.5714285714285716,0.0,0.9736068232762052,0.0,0.98324619041114,0.0,0.3697218512555371,0.0,3.6635616461296463,
2018-04-08,리틀 포레스트,군위군,2018-02-28,39,개봉후,일,1,,,,,,,,,18.0,25.0,3020.0,4806400.0,565.0,1502451.0,17.0,,리틀포레스트 KOBIS(1).zip/리틀포레스트 KOBIS/KOBIS_일자별_통계정보_2026-09-21 (1).xls,11.9718,0.018721403292604855,8.642228571428571,9.342690714285718,0.925025652215364,datalab (2).xlsx,,,1.28140814740813,TRAIN,군위군,시군구,경상북도,리틀포레스트,0.0,3.5714285714285716,0.0,1.1959220110120008,0.0,1.0857058798572514,0.0,0.3019803390687645,0.0,3.6888794541139363,
2018-04-09,리틀 포레스트,군위군,2018-02-28,40,개봉후,월,0,,,,,,,,,25.0,32.0,4447.0,1608600.0,218.0,1502669.0,23.0,,리틀포레스트 KOBIS(1).zip/리틀포레스트 KOBIS/KOBIS_일자별_통계정보_2026-09-21 (1).xls,7.26189,-0.3934170300205483,9.280159999999999,8.755668214285716,1.0599031133750048,datalab (2).xlsx,,,0.8293930083087807,TRAIN,군위군,시군구,경상북도,리틀포레스트,0.0,3.5714285714285716,0.0,1.28140814740813,0.0,0.9736068232762052,0.0,0.2373048634271298,0.0,3.713572066704308,
2018-04-10,리틀 포레스트,군위군,2018-02-28,41,개봉후,화,0,,,,,,,,,25.0,32.0,4391.0,1341700.0,186.0,1502855.0,25.0,,리틀포레스트 KOBIS(1).zip/리틀포레스트 KOBIS/KOBIS_일자별_통계정보_2026-09-21 (1).xls,5.66284,-0.22019749679491152,9.705271428571427,8.403033571428574,1.1549723496964992,datalab (2).xlsx,,,0.6739042456351008,TRAIN,군위군,시군구,경상북도,리틀포레스트,0.0,3.5714285714285716,0.0,0.8293930083087807,0.0,1.1959220110120008,0.0,0.24364478448397292,0.0,3.7376696182833684,
2018-04-11,리틀 포레스트,군위군,2018-02-28,42,개봉후,수,0,,,,,,,,,26.0,28.0,3843.0,1558100.0,206.0,1503061.0,29.0,,리틀포레스트 KOBIS(1).zip/리틀포레스트 KOBIS/KOBIS_일자별_통계정보_2026-09-21 (1).xls,5.42193,-0.04254225794830868,9.00504142857143,8.080636071428573,1.1143975980320855,datalab (2).xlsx,,,0.6709781200480989,TRAIN,군위군,시군구,경상북도,리틀포레스트,0.0,3.5714285714285716,0.0,0.6739042456351008,0.0,1.28140814740813,0.0,0.98324619041114,0.0,3.7612001156935624,
2018-04-12,리틀 포레스트,군위군,2018-02-28,43,개봉후,목,0,,,,,,,,,3.0,4.0,245.0,181500.0,24.0,1503085.0,62.0,,리틀포레스트 KOBIS(1).zip/리틀포레스트 KOBIS/KOBIS_일자별_통계정보_2026-09-21 (1).xls,4.34414,-0.19878345902658268,8.032777142857144,7.907418571428571,1.0158532864165715,datalab (2).xlsx,,,0.5493752431035378,TRAIN,군위군,시군구,경상북도,리틀포레스트,0.0,3.5714285714285716,0.0,0.6709781200480989,0.0,0.8293930083087807,0.0,1.0857058798572514,0.0,3.784189633918261,
2018-04-13,리틀 포레스트,군위군,2018-02-28,44,개봉후,금,0,,,,,,,,,5.0,7.0,799.0,1083100.0,152.0,1503237.0,36.0,,리틀포레스트 KOBIS(1).zip/리틀포레스트 KOBIS/KOBIS_일자별_통계정보_2026-09-21 (1).xls,4.6173,0.06288010975705194,7.290241428571429,7.709302142857141,0.9456421986685289,datalab (2).xlsx,,,0.5989258060508165,TRAIN,군위군,시군구,경상북도,리틀포레스트,0.0,3.5714285714285716,0.0,0.5493752431035378,0.0,0.6739042456351008,0.0,0.9736068232762052,0.0,3.8066624897703196,
2018-04-14,리틀 포레스트,군위군,2018-02-28,45,개봉후,토,1,,,,,,,,,7.0,9.0,820.0,1532600.0,170.0,1503407.0,40.0,,리틀포레스트 KOBIS(1).zip/리틀포레스트 KOBIS/KOBIS_일자별_통계정보_2026-09-21 (1).xls,16.36747,2.544814068828103,7.949624285714285,7.473679285714284,1.0636828236541747,datalab (2).xlsx,,,2.1900150346678555,TRAIN,군위군,시군구,경상북도,리틀포레스트,0.0,3.5714285714285716,0.0,0.5989258060508165,0.0,0.6709781200480989,0.0,1.1959220110120008,0.0,3.828641396489095,
2018-04-15,리틀 포레스트,군위군,2018-02-28,46,개봉후,일,1,,,,,,,,,4.0,6.0,696.0,958700.0,107.0,1503514.0,44.0,,리틀포레스트 KOBIS(1).zip/리틀포레스트 KOBIS/KOBIS_일자별_통계정보_2026-09-21 (1).xls,6.99059,-0.572897338440211,7.238022857142857,7.477740714285714,0.9679424753676077,datalab (2).xlsx,,,0.9348532219959104,TRAIN,군위군,시군구,경상북도,리틀포레스트,0.0,3.5714285714285716,0.0,2.1900150346678555,0.0,0.5493752431035378,0.0,1.28140814740813,0.0,3.8501476017100584,
2018-04-16,리틀 포레스트,군위군,2018-02-28,47,개봉후,월,0,,,,,,,,,5.0,8.0,1338.0,534000.0,76.0,1503590.0,39.0,,리틀포레스트 KOBIS(1).zip/리틀포레스트 KOBIS/KOBIS_일자별_통계정보_2026-09-21 (1).xls,4.17309,-0.4030418033384878,6.796765714285714,7.076219285714285,0.9605080679180277,datalab (2).xlsx,,,0.5897344092239732,TRAIN,군위군,시군구,경상북도,리틀포레스트,0.0,3.5714285714285716,0.0,0.9348532219959104,0.0,0.5989258060508165,0.0,0.8293930083087807,0.0,3.871201010907891,
2018-04-17,리틀 포레스트,군위군,2018-02-28,48,개봉후,화,0,,,,,,,,,4.0,6.0,1044.0,395000.0,46.0,1503636.0,56.0,,리틀포레스트 KOBIS(1).zip/리틀포레스트 KOBIS/KOBIS_일자별_통계정보_2026-09-21 (1).xls,3.44783,-0.1737944784320492,6.480335714285715,6.905819999999999,0.9383875795033343,datalab (2).xlsx,,,0.4992643885881764,TRAIN,군위군,시군구,경상북도,리틀포레스트,0.0,3.5714285714285716,0.0,0.5897344092239732,0.0,2.1900150346678555,0.0,0.6739042456351008,0.0,3.8918202981106265,
2018-04-18,리틀 포레스트,군위군,2018-02-28,49,개봉후,수,0,,,,,,,,,5.0,7.0,1218.0,535600.0,75.0,1503711.0,50.0,,리틀포레스트 KOBIS(1).zip/리틀포레스트 KOBIS/KOBIS_일자별_통계정보_2026-09-21 (1).xls,3.35314,-0.02746365105008086,6.184794285714285,6.746196071428571,0.9167824682576409,datalab (2).xlsx,,,0.4970415867693482,TRAIN,군위군,시군구,경상북도,리틀포레스트,0.0,3.5714285714285716,0.0,0.4992643885881764,0.0,0.9348532219959104,0.0,0.6709781200480989,0.0,3.912023005428146,
2018-04-19,리틀 포레스트,군위군,2018-02-28,50,개봉후,목,0,,,,,,,,,1.0,3.0,600.0,247500.0,30.0,1503741.0,77.0,,리틀포레스트 KOBIS(1).zip/리틀포레스트 KOBIS/KOBIS_일자별_통계정보_2026-09-21 (1).xls,3.08021,-0.08139534883720922,6.004232857142858,6.534991428571429,0.9187820554579371,datalab (2).xlsx,,,0.4713410925886011,TRAIN,군위군,시군구,경상북도,리틀포레스트,0.0,3.5714285714285716,0.0,0.4970415867693482,0.0,0.5897344092239732,0.0,0.5493752431035378,0.0,3.9318256327243257,
2018-04-20,리틀 포레스트,군위군,2018-02-28,51,개봉후,금,0,,,,,,,,,3.0,5.0,965.0,361500.0,35.0,1503776.0,81.0,,리틀포레스트 KOBIS(1).zip/리틀포레스트 KOBIS/KOBIS_일자별_통계정보_2026-09-21 (1).xls,3.07812,-0.0006785251654919389,5.784350000000001,6.4195464285714285,0.9010527557298498,datalab (2).xlsx,,,0.4794918199049444,TRAIN,군위군,시군구,경상북도,리틀포레스트,0.0,3.5714285714285716,0.0,0.4713410925886011,0.0,0.4992643885881764,0.0,0.5989258060508165,0.0,3.9512437185814275,
2018-04-21,리틀 포레스트,군위군,2018-02-28,52,개봉후,토,1,,,,,,,,,2.0,4.0,427.0,464000.0,51.0,1503827.0,76.0,,리틀포레스트 KOBIS(1).zip/리틀포레스트 KOBIS/KOBIS_일자별_통계정보_2026-09-21 (1).xls,3.6755,0.1940730056008213,3.9712114285714284,6.283653214285715,0.631990864731839,datalab (2).xlsx,,,0.5849304337234669,TRAIN,군위군,시군구,경상북도,리틀포레스트,0.0,3.5714285714285716,0.0,0.4794918199049444,0.0,0.4970415867693482,0.0,2.1900150346678555,0.0,3.970291913552122,
2018-04-22,리틀 포레스트,군위군,2018-02-28,53,개봉후,일,1,,,,,,,,,4.0,4.0,492.0,344900.0,40.0,1503867.0,77.0,,리틀포레스트 KOBIS(1).zip/리틀포레스트 KOBIS/KOBIS_일자별_통계정보_2026-09-21 (1).xls,4.50404,0.2254223915113589,3.61599,6.097438928571429,0.5930342300037094,datalab (2).xlsx,,,0.7386773451546899,TRAIN,군위군,시군구,경상북도,리틀포레스트,0.0,3.5714285714285716,0.0,0.5849304337234669,0.0,0.4713410925886011,0.0,0.9348532219959104,0.0,3.9889840465642745,
2018-04-23,리틀 포레스트,군위군,2018-02-28,54,개봉후,월,0,,,,,,,,,4.0,5.0,806.0,181500.0,23.0,1503890.0,67.0,,리틀포레스트 KOBIS(1).zip/리틀포레스트 KOBIS/KOBIS_일자별_통계정보_2026-09-21 (1).xls,3.09437,-0.3129790143959644,3.4618871428571434,5.9780564285714295,0.5790991075814297,datalab (2).xlsx,,,0.5176214103986735,TRAIN,군위군,시군구,경상북도,리틀포레스트,0.0,3.5714285714285716,0.0,0.7386773451546899,0.0,0.4794918199049444,0.0,0.5897344092239732,0.0,4.007333185232471,
2018-04-24,리틀 포레스트,군위군,2018-02-28,55,개봉후,화,0,,,,,,,,,4.0,6.0,997.0,339500.0,40.0,1503930.0,71.0,,리틀포레스트 KOBIS(1).zip/리틀포레스트 KOBIS/KOBIS_일자별_통계정보_2026-09-21 (1).xls,2.63415,-0.14872817407097405,3.345647142857143,5.902587857142858,0.566810223554487,datalab (2).xlsx,,,0.4462703586550354,TRAIN,군위군,시군구,경상북도,리틀포레스트,0.0,3.5714285714285716,0.0,0.5176214103986735,0.0,0.5849304337234669,0.0,0.4992643885881764,0.0,4.02535169073515,
2018-04-25,리틀 포레스트,군위군,2018-02-28,56,개봉후,수,0,,,,,,,,,3.0,3.0,220.0,684000.0,130.0,1504060.0,33.0,,리틀포레스트 KOBIS(1).zip/리틀포레스트 KOBIS/KOBIS_일자별_통계정보_2026-09-21 (1).xls,2.3944,-0.09101607729248518,3.2086842857142854,5.828213571428572,0.5505433605666229,datalab (2).xlsx,,,0.410829145269826,TRAIN,군위군,시군구,경상북도,리틀포레스트,0.0,0.0,,0.4462703586550354,0.0,0.7386773451546899,0.0,0.4970415867693482,0.0,4.04305126783455,
2018-04-26,리틀 포레스트,군위군,2018-02-28,57,개봉후,목,0,,,,,,,,,,,,,,,,,,2.50534,0.04633311059137979,3.12656,5.769579285714286,0.5419043304841118,datalab (2).xlsx,,,0.43423270154261057,TRAIN,군위군,시군구,경상북도,리틀포레스트,0.0,0.0,,0.410829145269826,,0.5176214103986735,0.0,0.4713410925886011,0.0,4.060443010546419,
2018-04-27,리틀 포레스트,군위군,2018-02-28,58,개봉후,금,0,,,,,,,,,1.0,1.0,135.0,540000.0,90.0,1504150.0,44.0,,리틀포레스트 KOBIS(1).zip/리틀포레스트 KOBIS/KOBIS_일자별_통계정보_2026-09-21 (1).xls,2.52042,0.006019143110316483,3.0468885714285716,5.7309125,0.5316585397924976,datalab (2).xlsx,,,0.43979383736883093,TRAIN,군위군,시군구,경상북도,리틀포레스트,0.0,0.0,,0.43423270154261057,,0.4462703586550354,0.0,0.4794918199049444,0.0,4.07753744390572,
2018-04-28,리틀 포레스트,군위군,2018-02-28,59,개봉후,토,1,,,,,,,,,1.0,1.0,40.0,84000.0,14.0,1504164.0,75.0,,리틀포레스트 KOBIS(1).zip/리틀포레스트 KOBIS/KOBIS_일자별_통계정보_2026-09-21 (1).xls,3.58522,0.4224692709945168,3.033991428571429,5.673720357142856,0.5347446186260881,datalab (2).xlsx,,,0.6318993137344942,TRAIN,군위군,시군구,경상북도,리틀포레스트,0.0,0.0,,0.43979383736883093,,0.410829145269826,,0.5849304337234669,0.0,4.0943445622221,
2018-04-29,리틀 포레스트,군위군,2018-02-28,60,개봉후,일,1,,,,,,,,,1.0,1.0,40.0,54000.0,9.0,1504173.0,77.0,,리틀포레스트 KOBIS(1).zip/리틀포레스트 KOBIS/KOBIS_일자별_통계정보_2026-09-21 (1).xls,5.14088,0.43390921617083467,3.1249685714285715,5.612972142857141,0.5567404383799214,datalab (2).xlsx,,,0.9158926624180902,TRAIN,군위군,시군구,경상북도,리틀포레스트,0.0,0.0,,0.6318993137344942,,0.43423270154261057,,0.7386773451546899,0.0,4.110873864173311,
2018-04-30,리틀 포레스트,군위군,2018-02-28,61,개봉후,월,0,,,,,,,,,2.0,2.0,99.0,272000.0,33.0,1504206.0,61.0,,리틀포레스트 KOBIS(1).zip/리틀포레스트 KOBIS/KOBIS_일자별_통계정보_2026-09-21 (1).xls,4.25502,-0.17231680179268916,3.290775714285714,5.6553024999999995,0.581892076380656,datalab (2).xlsx,,,0.752394765797232,TRAIN,군위군,시군구,경상북도,리틀포레스트,0.0,0.0,,0.9158926624180902,,0.43979383736883093,,0.5176214103986735,0.0,4.127134385045092,
2018-05-01,리틀 포레스트,군위군,2018-02-28,62,개봉후,화,0,,,,,,,,,1.0,1.0,40.0,308000.0,39.0,1504245.0,68.0,,리틀포레스트 KOBIS(1).zip/리틀포레스트 KOBIS/KOBIS_일자별_통계정보_2026-09-21 (1).xls,6.06109,0.4244562892771362,3.7803385714285715,5.7073971428571415,0.6623577222341535,datalab (2).xlsx,,,1.061970955987443,TRAIN,군위군,시군구,경상북도,리틀포레스트,100.0,0.0,inf,0.752394765797232,,0.6318993137344942,,0.4462703586550354,0.0,4.143134726391533,
2018-05-02,리틀 포레스트,군위군,2018-02-28,63,개봉후,수,0,,,,,,,,,,,,,,,,,,3.11642,-0.4858317563342567,3.883484285714286,5.827898214285713,0.6663610349602269,datalab (2).xlsx,,,0.5347416659338412,TRAIN,군위군,시군구,경상북도,리틀포레스트,0.0,3.5714285714285716,0.0,1.061970955987443,inf,0.9158926624180902,,0.410829145269826,,4.1588830833596715,
2018-05-03,리틀 포레스트,군위군,2018-02-28,64,개봉후,목,0,,,,,,,,,,,,,,,,,,2.70888,-0.13077184718362733,3.9125614285714287,5.570501071428572,0.7023715422368711,datalab (2).xlsx,,,0.4862901856161568,TRAIN,군위군,시군구,경상북도,리틀포레스트,0.0,3.5714285714285716,0.0,0.5347416659338412,0.0,0.752394765797232,,0.43423270154261057,,4.174387269895637,
2018-05-04,리틀 포레스트,군위군,2018-02-28,65,개봉후,금,0,,,,,,,,,,,,,,,,,,2.71955,0.003938897256430707,3.9410085714285716,5.269032857142858,0.7479567272172203,datalab (2).xlsx,,,0.5161383642376223,TRAIN,군위군,시군구,경상북도,리틀포레스트,0.0,3.5714285714285716,0.0,0.4862901856161568,0.0,1.061970955987443,inf,0.43979383736883093,,4.189654742026425,
2018-05-05,리틀 포레스트,군위군,2018-02-28,66,개봉후,토,1,,,,,,,,,,,,,,,,,,3.65996,0.3457961795149933,3.951685714285714,5.015622142857143,0.7878754821898608,datalab (2).xlsx,,,0.7297120667696687,TRAIN,군위군,시군구,경상북도,리틀포레스트,0.0,3.5714285714285716,0.0,0.5161383642376223,0.0,0.5347416659338412,0.0,0.6318993137344942,,4.204692619390966,
2018-05-06,리틀 포레스트,군위군,2018-02-28,67,개봉후,일,1,,,,,,,,,,,,,,,,,,4.469,0.2210515961923083,3.8557028571428567,4.726628214285715,0.8157406680494602,datalab (2).xlsx,,,0.9454942926318889,TRAIN,군위군,시군구,경상북도,리틀포레스트,0.0,3.5714285714285716,0.0,0.7297120667696687,0.0,0.4862901856161568,0.0,0.9158926624180902,,4.219507705176107,
2018-05-07,리틀 포레스트,군위군,2018-02-28,68,개봉후,월,0,,,,,,,,,1.0,1.0,59.0,139000.0,14.0,1504259.0,70.0,,리틀포레스트 KOBIS(1).zip/리틀포레스트 KOBIS/KOBIS_일자별_통계정보_2026-09-21 (1).xls,3.77344,-0.15564108301633484,3.786905714285715,4.458671071428571,0.8493350717330174,datalab (2).xlsx,,,0.8463149533905803,TRAIN,군위군,시군구,경상북도,리틀포레스트,0.0,3.5714285714285716,0.0,0.9454942926318889,0.0,0.5161383642376223,0.0,0.752394765797232,,4.23410650459726,
2018-05-08,리틀 포레스트,군위군,2018-02-28,69,개봉후,화,0,,,,,,,,,1.0,1.0,59.0,20000.0,2.0,1504261.0,89.0,,리틀포레스트 KOBIS(1).zip/리틀포레스트 KOBIS/KOBIS_일자별_통계정보_2026-09-21 (1).xls,2.30644,-0.3887699287652646,3.2505271428571425,4.334083571428573,0.7499918008700799,datalab (2).xlsx,,,0.5321632501977266,TRAIN,군위군,시군구,경상북도,리틀포레스트,0.0,3.5714285714285716,0.0,0.8463149533905803,0.0,0.7297120667696687,0.0,1.061970955987443,inf,4.248495242049359,
2018-05-09,리틀 포레스트,군위군,2018-02-28,70,개봉후,수,0,,,,,,,,,1.0,1.0,59.0,60000.0,6.0,1504267.0,88.0,,리틀포레스트 KOBIS(1).zip/리틀포레스트 KOBIS/KOBIS_일자별_통계정보_2026-09-21 (1).xls,5.40337,1.342731655711833,3.577234285714286,4.214212142857143,0.8488500731453448,datalab (2).xlsx,,,1.2821779770053612,TRAIN,군위군,시군구,경상북도,리틀포레스트,0.0,3.5714285714285716,0.0,0.5321632501977266,0.0,0.9454942926318889,0.0,0.5347416659338412,0.0,4.2626798770413155,
2018-05-10,리틀 포레스트,군위군,2018-02-28,71,개봉후,목,0,,,,,,,,,1.0,1.0,32.0,288000.0,32.0,1504299.0,46.0,,리틀포레스트 KOBIS(1).zip/리틀포레스트 KOBIS/KOBIS_일자별_통계정보_2026-09-21 (1).xls,1.89473,-0.6493429100727879,3.4609271428571424,4.213549285714285,0.8213804819113307,datalab (2).xlsx,,,0.4496755280456637,TRAIN,군위군,시군구,경상북도,리틀포레스트,0.0,3.5714285714285716,0.0,1.2821779770053612,0.0,0.8463149533905803,0.0,0.4862901856161568,0.0,4.276666119016055,
2018-05-11,리틀 포레스트,군위군,2018-02-28,72,개봉후,금,0,,,,,,,,,,,,,,,,,,1.89101,-0.0019633404231736984,3.342564285714286,4.126070357142855,0.8101084073682358,datalab (2).xlsx,,,0.45830774473498115,TRAIN,군위군,시군구,경상북도,리틀포레스트,0.0,3.5714285714285716,0.0,0.4496755280456637,0.0,0.5321632501977266,0.0,0.5161383642376223,0.0,4.290459441148391,
2018-05-12,리틀 포레스트,군위군,2018-02-28,73,개봉후,토,1,,,,,,,,,,,,,,,,,,4.02061,1.1261706706997843,3.3940857142857146,4.028702857142855,0.842476061064675,datalab (2).xlsx,,,0.9979912002870832,TRAIN,군위군,시군구,경상북도,리틀포레스트,0.0,3.5714285714285716,0.0,0.45830774473498115,0.0,1.2821779770053612,0.0,0.7297120667696687,0.0,4.30406509320417,
2018-05-13,리틀 포레스트,군위군,2018-02-28,74,개봉후,일,1,,,,,,,,,,,,,,,,,,2.85045,-0.291040414265497,3.162864285714285,3.5877435714285704,0.8815747900441205,datalab (2).xlsx,,,0.7944965807199553,TRAIN,군위군,시군구,경상북도,리틀포레스트,0.0,3.5714285714285716,0.0,0.9979912002870832,0.0,0.4496755280456637,0.0,0.9454942926318889,0.0,4.31748811353631,
2018-05-14,리틀 포레스트,군위군,2018-02-28,75,개봉후,월,0,,,,,,,,,1.0,1.0,59.0,10000.0,1.0,1504300.0,92.0,,리틀포레스트 KOBIS(1).zip/리틀포레스트 KOBIS/KOBIS_일자별_통계정보_2026-09-21 (1).xls,1.8555,-0.34905014997631956,2.888872857142857,3.4398814285714274,0.8398175684627005,datalab (2).xlsx,,,0.5394081274396088,TRAIN,군위군,시군구,경상북도,리틀포레스트,0.0,3.5714285714285716,0.0,0.7944965807199553,0.0,0.45830774473498115,0.0,0.8463149533905803,0.0,4.330733340286331,
2018-05-15,리틀 포레스트,군위군,2018-02-28,76,개봉후,화,0,,,,,,,,,1.0,1.0,154.0,315000.0,45.0,1504345.0,50.0,,리틀포레스트 KOBIS(1).zip/리틀포레스트 KOBIS/KOBIS_일자별_통계정보_2026-09-21 (1).xls,1.60044,-0.13746160064672586,2.788015714285714,3.3571103571428567,0.8304808057184383,datalab (2).xlsx,,,0.47673142367654847,TRAIN,군위군,시군구,경상북도,리틀포레스트,0.0,3.5714285714285716,0.0,0.5394081274396088,0.0,0.9979912002870832,0.0,0.5321632501977266,0.0,4.343805421853684,
2018-05-16,리틀 포레스트,군위군,2018-02-28,77,개봉후,수,0,,,,,,,,,1.0,1.0,59.0,20000.0,2.0,1504347.0,97.0,,리틀포레스트 KOBIS(1).zip/리틀포레스트 KOBIS/KOBIS_일자별_통계정보_2026-09-21 (1).xls,1.58397,-0.010290919997000825,2.242387142857143,3.2911321428571427,0.6813421781692579,datalab (2).xlsx,,,0.48128423024209,TRAIN,군위군,시군구,경상북도,리틀포레스트,0.0,3.5714285714285716,0.0,0.47673142367654847,0.0,0.7944965807199553,0.0,1.2821779770053612,0.0,4.356708826689592,
2018-05-17,리틀 포레스트,군위군,2018-02-28,78,개봉후,목,0,,,,,,,,,,,,,,,,,,1.61831,0.02167970352973847,2.2028985714285714,3.2279474999999995,0.6824456009363757,datalab (2).xlsx,,,0.5013433458877506,TRAIN,군위군,시군구,경상북도,리틀포레스트,0.0,3.5714285714285716,0.0,0.48128423024209,0.0,0.5394081274396088,0.0,0.4496755280456637,0.0,4.3694478524670215,
2018-05-18,리틀 포레스트,군위군,2018-02-28,79,개봉후,금,0,,,,,,,,,,,,,,,,,,1.84529,0.14025742904635097,2.196367142857143,3.1757367857142853,0.6916086851836296,datalab (2).xlsx,,,0.5810588611439214,TRAIN,군위군,시군구,경상북도,리틀포레스트,0.0,3.5714285714285716,0.0,0.5013433458877506,0.0,0.47673142367654847,0.0,0.45830774473498115,0.0,4.382026634673881,
2018-05-19,리틀 포레스트,군위군,2018-02-28,80,개봉후,토,1,,,,,,,,,1.0,1.0,103.0,110000.0,22.0,1504369.0,72.0,,리틀포레스트 KOBIS(1).zip/리틀포레스트 KOBIS/KOBIS_일자별_통계정보_2026-09-21 (1).xls,4.54211,1.4614613421196667,2.2708671428571425,3.1317071428571426,0.7251211685091883,datalab (2).xlsx,,,1.4503623080975918,TRAIN,군위군,시군구,경상북도,리틀포레스트,0.0,3.5714285714285716,0.0,0.5810588611439214,0.0,0.48128423024209,0.0,0.9979912002870832,0.0,4.394449154672439,
2018-05-20,리틀 포레스트,군위군,2018-02-28,81,개봉후,일,1,,,,,,,,,,,,,,,,,,4.03895,-0.11077670950285223,2.440652857142857,3.1626574999999995,0.7717095060539618,datalab (2).xlsx,,,1.2770747385703323,TRAIN,군위군,시군구,경상북도,리틀포레스트,0.0,3.5714285714285716,0.0,1.4503623080975918,0.0,0.5013433458877506,0.0,0.7944965807199553,0.0,4.406719247264253,
2018-05-21,리틀 포레스트,군위군,2018-02-28,82,개봉후,월,0,,,,,,,,,1.0,1.0,59.0,30000.0,3.0,1504372.0,94.0,,리틀포레스트 KOBIS(1).zip/리틀포레스트 KOBIS/KOBIS_일자별_통계정보_2026-09-21 (1).xls,2.80125,-0.3064410304658388,2.57576,3.146047142857143,0.8187289900750737,datalab (2).xlsx,,,0.8904030590768552,TRAIN,군위군,시군구,경상북도,리틀포레스트,0.0,3.5714285714285716,0.0,1.2770747385703323,0.0,0.5810588611439214,0.0,0.5394081274396088,0.0,4.418840607796598,
2018-05-22,리틀 포레스트,군위군,2018-02-28,83,개봉후,화,0,,,,,,,,,2.0,2.0,261.0,292000.0,47.0,1504419.0,51.0,,리틀포레스트 KOBIS(1).zip/리틀포레스트 KOBIS/KOBIS_일자별_통계정보_2026-09-21 (1).xls,3.47777,0.24150647032574746,2.84395,3.1355785714285713,0.9069936967659192,datalab (2).xlsx,,,1.1091318303070066,TRAIN,군위군,시군구,경상북도,리틀포레스트,0.0,3.5714285714285716,0.0,0.8904030590768552,0.0,1.4503623080975918,0.0,0.47673142367654847,0.0,4.430816798843313,
2018-05-23,리틀 포레스트,군위군,2018-02-28,84,개봉후,수,0,,,,,,,,,1.0,1.0,59.0,60000.0,6.0,1504425.0,82.0,,리틀포레스트 KOBIS(1).zip/리틀포레스트 KOBIS/KOBIS_일자별_통계정보_2026-09-21 (1).xls,1.87082,-0.4620633336879667,2.884928571428571,3.165707857142857,0.9113060022008167,datalab (2).xlsx,,,0.590964196452565,TRAIN,군위군,시군구,경상북도,리틀포레스트,0.0,3.5714285714285716,0.0,1.1091318303070066,0.0,1.2770747385703323,0.0,0.48128423024209,0.0,4.442651256490317,
2018-05-24,리틀 포레스트,군위군,2018-02-28,85,개봉후,목,0,,,,,,,,,,,,,,,,,,1.62899,-0.12926417292951753,2.8864542857142856,3.1470085714285716,0.9172057273437904,datalab (2).xlsx,,,0.517631256167989,TRAIN,군위군,시군구,경상북도,리틀포레스트,0.0,3.5714285714285716,0.0,0.590964196452565,0.0,0.8904030590768552,0.0,0.5013433458877506,0.0,4.454347296253507,
2018-05-25,리틀 포레스트,군위군,2018-02-28,86,개봉후,금,0,,,,,,,,,,,,,,,,,,1.67564,0.028637376533926062,2.8622185714285715,3.115710357142857,0.9186407731600762,datalab (2).xlsx,,,0.537803520843504,TRAIN,군위군,시군구,경상북도,리틀포레스트,0.0,3.5714285714285716,0.0,0.517631256167989,0.0,1.1091318303070066,0.0,0.5810588611439214,0.0,4.465908118654584,
2018-05-26,리틀 포레스트,군위군,2018-02-28,87,개봉후,토,1,,,,,,,,,,,,,,,,,,2.13911,0.2765928242343225,2.518932857142857,3.085539642857143,0.8163670374399662,datalab (2).xlsx,,,0.6932693297109062,TRAIN,군위군,시군구,경상북도,리틀포레스트,0.0,3.5714285714285716,0.0,0.537803520843504,0.0,0.590964196452565,0.0,1.4503623080975918,0.0,4.477336814478207,
2018-05-27,리틀 포레스트,군위군,2018-02-28,88,개봉후,일,1,,,,,,,,,,,,,,,,,,2.41738,0.13008681180490944,2.28728,3.0338928571428574,0.7539092867485196,datalab (2).xlsx,,,0.7967914866566999,TRAIN,군위군,시군구,경상북도,리틀포레스트,0.0,3.5714285714285716,0.0,0.6932693297109062,0.0,0.517631256167989,0.0,1.2770747385703323,0.0,4.48863636973214,
2018-05-28,리틀 포레스트,군위군,2018-02-28,89,개봉후,월,0,,,,,,,,,,,,,,,,,,1.65197,-0.3166279194830768,2.123097142857143,2.936625,0.7229718274744453,datalab (2).xlsx,,,0.5625403311624739,TRAIN,군위군,시군구,경상북도,리틀포레스트,0.0,3.5714285714285716,0.0,0.7967914866566999,0.0,0.537803520843504,0.0,0.8904030590768552,0.0,4.499809670330265,
2018-05-29,리틀 포레스트,군위군,2018-02-28,90,개봉후,화,0,,,,,,,,,1.0,1.0,59.0,10000.0,1.0,1504426.0,94.0,,리틀포레스트 KOBIS(1).zip/리틀포레스트 KOBIS/KOBIS_일자별_통계정보_2026-09-21 (1).xls,1.41617,-0.14273866958843084,1.828582857142857,2.843658928571429,0.643038740958109,datalab (2).xlsx,,,0.49800979497616554,TRAIN,군위군,시군구,경상북도,리틀포레스트,0.0,3.5714285714285716,0.0,0.5625403311624739,0.0,0.6932693297109062,0.0,1.1091318303070066,0.0,4.51085950651685,
2018-05-30,리틀 포레스트,군위군,2018-02-28,91,개봉후,수,0,,,,,,,,,1.0,1.0,64.0,450000.0,50.0,1504476.0,50.0,,리틀포레스트 KOBIS(1).zip/리틀포레스트 KOBIS/KOBIS_일자별_통계정보_2026-09-21 (1).xls,1.40921,-0.004914664199919372,1.7626385714285713,2.6777689285714286,0.6582489447171705,datalab (2).xlsx,,,0.5262627349820673,TRAIN,군위군,시군구,경상북도,리틀포레스트,0.0,0.0,,0.49800979497616554,0.0,0.7967914866566999,0.0,0.590964196452565,0.0,4.5217885770490405,
2018-05-31,리틀 포레스트,군위군,2018-02-28,92,개봉후,목,0,,,,,,,,,1.0,1.0,90.0,490000.0,70.0,1504546.0,52.0,,리틀포레스트 KOBIS(1).zip/리틀포레스트 KOBIS/KOBIS_일자별_통계정보_2026-09-21 (1).xls,1.59487,0.13174757488238087,1.7577642857142857,2.6167971428571426,0.6717235573694779,datalab (2).xlsx,,,0.6094740680810457,TRAIN,군위군,시군구,경상북도,리틀포레스트,0.0,0.0,,0.5262627349820673,,0.5625403311624739,0.0,0.517631256167989,0.0,4.532599493153256,
2018-06-01,리틀 포레스트,군위군,2018-02-28,93,개봉후,금,0,,,,,,,,,,,,,,,,,,1.84645,0.15774326434129415,1.7821657142857146,2.5770110714285717,0.6915630802073998,datalab (2).xlsx,,,0.716508369122534,TRAIN,군위군,시군구,경상북도,리틀포레스트,0.0,0.0,,0.6094740680810457,,0.49800979497616554,0.0,0.537803520843504,0.0,4.543294782270004,
2018-06-02,리틀 포레스트,군위군,2018-02-28,94,개봉후,토,1,,,,,,,,,,,,,,,,,,2.31248,0.25239242871456025,1.8069328571428573,2.545828928571429,0.709762088435692,datalab (2).xlsx,,,0.9083406878001143,TRAIN,군위군,시군구,경상북도,리틀포레스트,0.0,0.0,,0.716508369122534,,0.5262627349820673,,0.6932693297109062,0.0,4.553876891600541,
2018-06-03,리틀 포레스트,군위군,2018-02-28,95,개봉후,일,1,,,,,,,,,,,,,,,,,,2.84024,0.228222514356881,1.8673414285714285,2.497704642857143,0.7476229961423151,datalab (2).xlsx,,,1.1371400570209247,TRAIN,군위군,시군구,경상북도,리틀포레스트,0.0,0.0,,0.9083406878001143,,0.6094740680810457,,0.7967914866566999,0.0,4.564348191467836,
2018-06-04,리틀 포레스트,군위군,2018-02-28,96,개봉후,월,0,,,,,,,,,1.0,1.0,114.0,800000.0,114.0,1504660.0,35.0,,리틀포레스트 KOBIS(1).zip/리틀포레스트 KOBIS/KOBIS_일자별_통계정보_2026-09-21 (1).xls,1.94509,-0.3151670281384672,1.9092157142857145,2.4395346428571427,0.7826147170632808,datalab (2).xlsx,,,0.797320097787971,TRAIN,군위군,시군구,경상북도,리틀포레스트,0.0,0.0,,1.1371400570209247,,0.716508369122534,,0.5625403311624739,0.0,4.574710978503383,
2018-06-05,리틀 포레스트,군위군,2018-02-28,97,개봉후,화,0,,,,,,,,,,,,,,,,,,1.78588,-0.08185225362322568,1.9620314285714286,2.3742364285714284,0.8263841818617776,datalab (2).xlsx,,,0.7521913060168819,TRAIN,군위군,시군구,경상북도,리틀포레스트,0.0,0.0,,0.797320097787971,,0.9083406878001143,,0.49800979497616554,0.0,4.584967478670572,
2018-06-06,리틀 포레스트,군위군,2018-02-28,98,개봉후,수,0,,,,,,,,,,,,,,,,,,2.32872,0.3039621923085538,2.0933900000000003,2.3556450000000004,0.8886695575946291,datalab (2).xlsx,,,0.9885700094878471,TRAIN,군위군,시군구,경상북도,리틀포레스트,0.0,0.0,,0.7521913060168819,,1.1371400570209247,,0.5262627349820673,,4.59511985013459,
2018-06-07,리틀 포레스트,군위군,2018-02-28,99,개봉후,목,0,,,,,,,,,,,,,,,,,,1.46212,-0.37213576557078565,2.0744257142857143,2.2458360714285717,0.9236763718761434,datalab (2).xlsx,,,0.6510359409580364,TRAIN,군위군,시군구,경상북도,리틀포레스트,0.0,0.0,,0.9885700094878471,,0.797320097787971,,0.6094740680810457,,4.605170185988092,
2018-06-08,리틀 포레스트,군위군,2018-02-28,100,개봉후,금,0,,,,,,,,,,,,,,,,,,1.37973,-0.056349684020463586,2.007751428571429,2.2303857142857146,0.9001812626899895,datalab (2).xlsx,,,0.6186060066484335,TRAIN,군위군,시군구,경상북도,리틀포레스트,0.0,0.0,,0.6510359409580364,,0.7521913060168819,,0.716508369122534,,4.61512051684126,
2018-06-09,리틀 포레스트,군위군,2018-02-28,101,개봉후,토,1,,,,,,,,,,,,,,,,,,1.75083,0.2689656671957559,1.9275157142857144,2.2121257142857145,0.8713409467816348,datalab (2).xlsx,,,0.7914694850718894,TRAIN,군위군,시군구,경상북도,리틀포레스트,,0.0,,0.6186060066484335,,0.9885700094878471,,0.9083406878001143,,4.624972813284271,
2018-06-10,리틀 포레스트,군위군,2018-02-28,102,개봉후,일,1,,,,,,,,,,,,,,,,,,2.52112,0.4399570489425013,1.881927142857143,2.1310621428571426,0.8830935076975366,datalab (2).xlsx,,,1.1830344828048522,TRAIN,군위군,시군구,경상북도,리틀포레스트,,0.0,,0.7914694850718894,,0.6510359409580364,,1.1371400570209247,,4.634728988229636,
2018-06-11,리틀 포레스트,군위군,2018-02-28,103,개봉후,월,0,,,,,,,,,,,,,,,,,,1.51109,-0.4006274988893824,1.8199271428571429,2.119300357142857,0.8587396008891749,datalab (2).xlsx,,,0.7130136107923758,TRAIN,군위군,시군구,경상북도,리틀포레스트,,0.0,,1.1830344828048522,,0.6186060066484335,,0.797320097787971,,4.6443908991413725,
2018-06-12,리틀 포레스트,군위군,2018-02-28,104,개봉후,화,0,,,,,,,,,,,,,,,,,,1.40201,-0.07218630260275705,1.7650885714285713,2.107,0.8377259475218658,datalab (2).xlsx,,,0.6654057902230659,TRAIN,군위군,시군구,경상북도,리틀포레스트,,0.0,,0.7130136107923758,,0.7914694850718894,,0.7521913060168819,,4.653960350157523,
2018-06-13,리틀 포레스트,군위군,2018-02-28,105,개봉후,수,0,,,,,,,,,,,,,,,,,,1.81535,0.2948195804594833,1.69175,2.099913214285714,0.805628531927425,datalab (2).xlsx,,,0.8644881072466092,TRAIN,군위군,시군구,경상북도,리틀포레스트,,0.0,,0.6654057902230659,,1.1830344828048522,,0.9885700094878471,,4.663439094112067,
2018-06-14,리틀 포레스트,군위군,2018-02-28,106,개봉후,목,0,,,,,,,,,,,,,,,,,,1.36697,-0.2469936926763434,1.6781571428571431,2.108176785714286,0.7960229683909337,datalab (2).xlsx,,,0.6484133632734446,TRAIN,군위군,시군구,경상북도,리틀포레스트,,0.0,,0.8644881072466092,,0.7130136107923758,,0.6510359409580364,,4.672828834461906,
2018-06-15,리틀 포레스트,군위군,2018-02-28,107,개봉후,금,0,,,,,,,,,,,,,,,,,,1.16389,-0.1485621484012084,1.6473228571428573,2.099200357142857,0.7847382702358945,datalab (2).xlsx,,,0.5544444559756684,TRAIN,군위군,시군구,경상북도,리틀포레스트,,0.0,,0.6484133632734446,,0.6654057902230659,,0.6186060066484335,,4.68213122712422,
2018-06-16,리틀 포레스트,군위군,2018-02-28,108,개봉후,토,1,,,,,,,,,,,,,,,,,,1.30895,0.1246337712326766,1.5841971428571429,2.074864642857143,0.7635183086814097,datalab (2).xlsx,,,0.6308604296218291,TRAIN,군위군,시군구,경상북도,리틀포레스트,,0.0,,0.5544444559756684,,0.8644881072466092,,0.7914694850718894,,4.6913478822291435,
2018-06-17,리틀 포레스트,군위군,2018-02-28,109,개봉후,일,1,,,,,,,,,,,,,,,,,,1.51202,0.15513961572252555,1.44004,1.9593946428571434,0.7349412765057719,datalab (2).xlsx,,,0.771677112373446,TRAIN,군위군,시군구,경상북도,리틀포레스트,,0.0,,0.6308604296218291,,0.6484133632734446,,1.1830344828048522,,4.700480365792417,
2018-06-18,리틀 포레스트,군위군,2018-02-28,110,개봉후,월,0,,,,,,,,,,,,,,,,,,0.98287,-0.34996230208595125,1.3645800000000001,1.8691471428571433,0.730054883701734,datalab (2).xlsx,,,0.5258387515161612,TRAIN,군위군,시군구,경상북도,리틀포레스트,,0.0,,0.771677112373446,,0.5544444559756684,,0.7130136107923758,,4.709530201312334,
2018-06-19,리틀 포레스트,군위군,2018-02-28,111,개봉후,화,0,,,,,,,,,,,,,,,,,,1.05505,0.0734379928169544,1.3150142857142857,1.8042050000000007,0.7288607922682208,datalab (2).xlsx,,,0.5847727946657945,TRAIN,군위군,시군구,경상북도,리틀포레스트,,0.0,,0.5258387515161612,,0.6308604296218291,,0.6654057902230659,,4.718498871295094,
2018-06-20,리틀 포레스트,군위군,2018-02-28,112,개봉후,수,0,,,,,,,,,,,,,,,,,,1.11052,0.05257570731244954,1.2143242857142855,1.7176792857142862,0.7069563543169332,datalab (2).xlsx,,,0.6465234862154126,TRAIN,군위군,시군구,경상북도,리틀포레스트,,0.0,,0.5847727946657945,,0.771677112373446,,0.8644881072466092,,4.727387818712341,
2018-06-21,리틀 포레스트,군위군,2018-02-28,113,개봉후,목,0,,,,,,,,,,,,,,,,,,1.09613,-0.01295789359939481,1.1756328571428571,1.6905257142857144,0.6954244157354263,datalab (2).xlsx,,,0.6483959343162904,TRAIN,군위군,시군구,경상북도,리틀포레스트,,0.0,,0.6465234862154126,,0.5258387515161612,,0.6484133632734446,,4.736198448394496,
2018-06-22,리틀 포레스트,군위군,2018-02-28,114,개봉후,금,0,,,,,,,,,,,,,,,,,,1.11075,0.013337834016038164,1.1680414285714285,1.6714950000000004,0.6988004322905113,datalab (2).xlsx,,,0.6645248714474166,TRAIN,군위군,시군구,경상북도,리틀포레스트,,0.0,,0.6483959343162904,,0.5847727946657945,,0.5544444559756684,,4.74493212836325,
2018-06-23,리틀 포레스트,군위군,2018-02-28,115,개봉후,토,1,,,,,,,,,1.0,1.0,413.0,384000.0,60.0,1504720.0,53.0,,리틀포레스트 KOBIS(1).zip/리틀포레스트 KOBIS/KOBIS_일자별_통계정보_2026-09-21 (1).xls,1.24304,0.11909970740490672,1.1586257142857141,1.6513203571428576,0.7016359419745711,datalab (2).xlsx,,,0.7527552086566224,TRAIN,군위군,시군구,경상북도,리틀포레스트,,0.0,,0.6645248714474166,,0.6465234862154126,,0.6308604296218291,,4.7535901911063645,
2018-06-24,리틀 포레스트,군위군,2018-02-28,116,개봉후,일,1,,,,,,,,,1.0,1.0,841.0,317000.0,49.0,1504769.0,45.0,,리틀포레스트 KOBIS(1).zip/리틀포레스트 KOBIS/KOBIS_일자별_통계정보_2026-09-21 (1).xls,1.42893,0.14954466469301075,1.146755714285714,1.6193178571428575,0.7081720918640783,datalab (2).xlsx,,,0.8824271242961651,TRAIN,군위군,시군구,경상북도,리틀포레스트,,0.0,,0.7527552086566224,,0.6483959343162904,,0.771677112373446,,4.762173934797756,
2018-06-25,리틀 포레스트,군위군,2018-02-28,117,개봉후,월,0,,,,,,,,,,,,,,,,,,1.28458,-0.10101964406933861,1.189857142857143,1.5840160714285718,0.7511648172761594,datalab (2).xlsx,,,0.8109639940972819,TRAIN,군위군,시군구,경상북도,리틀포레스트,,0.0,,0.8824271242961651,,0.6645248714474166,,0.5258387515161612,,4.770684624465665,
2018-06-26,리틀 포레스트,군위군,2018-02-28,118,개봉후,화,0,,,,,,,,,,,,,,,,,,1.54637,0.20379423624842352,1.2600457142857144,1.5708950000000002,0.8021196288012339,datalab (2).xlsx,,,0.9843878807940696,TRAIN,군위군,시군구,경상북도,리틀포레스트,,0.0,,0.8109639940972819,,0.7527552086566224,,0.5847727946657945,,4.77912349311153,
2018-06-27,리틀 포레스트,군위군,2018-02-28,119,개봉후,수,0,,,,,,,,,1.0,1.0,97.0,1261000.0,97.0,1504866.0,39.0,,리틀포레스트 KOBIS(1).zip/리틀포레스트 KOBIS/KOBIS_일자별_통계정보_2026-09-21 (1).xls,1.44797,-0.06363289510272452,1.308252857142857,1.5755450000000002,0.830349407438605,datalab (2).xlsx,,,0.9190280188760078,TRAIN,군위군,시군구,경상북도,리틀포레스트,,0.0,,0.9843878807940696,,0.8824271242961651,,0.6465234862154126,,4.787491742782046,
2018-06-28,리틀 포레스트,군위군,2018-02-28,120,개봉후,목,0,,,,,,,,,,,,,,,,,,1.18362,-0.1825659371395817,1.3207514285714286,1.5769292857142858,0.8375463887546366,datalab (2).xlsx,,,0.7505853374166156,TRAIN,군위군,시군구,경상북도,리틀포레스트,,,,0.9190280188760078,,0.8109639940972819,,0.6483959343162904,,4.795790545596741,
2018-06-29,리틀 포레스트,군위군,2018-02-28,121,개봉후,금,0,,,,,,,,,,,,,,,,,,1.20729,0.019997972322198132,1.334542857142857,1.5622417857142856,0.854248599254231,datalab (2).xlsx,,,0.772793309614366,TRAIN,군위군,시군구,경상북도,리틀포레스트,,,,0.7505853374166156,,0.9843878807940696,,0.6645248714474166,,4.804021044733257,
2018-06-30,리틀 포레스트,군위군,2018-02-28,122,개봉후,토,1,,,,,,,,,,,,,,,,,,1.61646,0.3389160847849315,1.3878885714285716,1.539414642857143,0.9015690333129871,datalab (2).xlsx,,,1.0500484762181173,TRAIN,군위군,시군구,경상북도,리틀포레스트,,,,0.772793309614366,,0.9190280188760078,,0.7527552086566224,,4.812184355372417,
2018-07-01,리틀 포레스트,군위군,2018-02-28,123,개봉후,일,1,,,,,,,,,,,,,,,,,,2.30018,0.4229736584883017,1.5123528571428575,1.5145567857142856,0.9985448359597896,datalab (2).xlsx,,,1.5187149281531915,TRAIN,군위군,시군구,경상북도,리틀포레스트,,,,1.0500484762181173,,0.7505853374166156,,0.8824271242961651,,4.820281565605037,
2018-07-02,리틀 포레스트,군위군,2018-02-28,124,개봉후,월,0,,,,,,,,,,,,,,,,,,1.38994,-0.3957255519133286,1.5274042857142855,1.4952689285714282,1.0214913561893908,datalab (2).xlsx,,,0.9295585385619837,TRAIN,군위군,시군구,경상북도,리틀포레스트,,,,1.5187149281531915,,0.772793309614366,,0.8109639940972819,,4.8283137373023015,
2018-07-03,리틀 포레스트,군위군,2018-02-28,125,개봉후,화,0,,,,,,,,,1.0,1.0,72.0,0.0,0.0,1504866.0,118.0,,리틀포레스트 KOBIS(1).zip/리틀포레스트 KOBIS/KOBIS_일자별_통계정보_2026-09-21 (1).xls,1.19964,-0.13691238470725353,1.4778714285714287,1.4754421428571427,1.0016464798203348,datalab (2).xlsx,,,0.8130715296480137,TRAIN,군위군,시군구,경상북도,리틀포레스트,,,,0.9295585385619837,,1.0500484762181173,,0.9843878807940696,,4.836281906951478,
2018-07-04,리틀 포레스트,군위군,2018-02-28,126,개봉후,수,0,,,,,,,,,1.0,1.0,158.0,1264000.0,158.0,1505024.0,32.0,,리틀포레스트 KOBIS(1).zip/리틀포레스트 KOBIS/KOBIS_일자별_통계정보_2026-09-21 (1).xls,1.27692,0.06441932579773924,1.4534357142857144,1.4545050000000004,0.9992648456249473,datalab (2).xlsx,,,0.8779069167861229,TRAIN,군위군,시군구,경상북도,리틀포레스트,,,,0.8130715296480137,,1.5187149281531915,,0.9190280188760078,,4.844187086458591,
2018-07-05,리틀 포레스트,군위군,2018-02-28,127,개봉후,목,0,,,,,,,,,1.0,1.0,72.0,0.0,0.0,1505024.0,108.0,,리틀포레스트 KOBIS(1).zip/리틀포레스트 KOBIS/KOBIS_일자별_통계정보_2026-09-21 (1).xls,1.17805,-0.07742849982771038,1.4526400000000002,1.4169407142857142,1.0251946220151364,datalab (2).xlsx,,,0.8314038746454258,TRAIN,군위군,시군구,경상북도,리틀포레스트,,,,0.8779069167861229,,0.9295585385619837,,0.7505853374166156,,4.852030263919617,
2018-07-06,리틀 포레스트,군위군,2018-02-28,128,개봉후,금,0,,,,,,,,,1.0,1.0,123.0,0.0,0.0,1505024.0,103.0,,리틀포레스트 KOBIS(1).zip/리틀포레스트 KOBIS/KOBIS_일자별_통계정보_2026-09-21 (1).xls,1.1256,-0.04452272823734149,1.4409700000000003,1.406795357142857,1.0242925473727398,datalab (2).xlsx,,,0.8001163739167058,TRAIN,군위군,시군구,경상북도,리틀포레스트,,,,0.8314038746454258,,0.8130715296480137,,0.772793309614366,,4.859812404361672,
2018-07-07,리틀 포레스트,군위군,2018-02-28,129,개봉후,토,1,,,,,,,,,1.0,1.0,83.0,913000.0,83.0,1505107.0,41.0,,리틀포레스트 KOBIS(1).zip/리틀포레스트 KOBIS/KOBIS_일자별_통계정보_2026-09-21 (1).xls,1.3245,0.17670575692963753,1.3992614285714287,1.397719285714286,1.001103328023663,datalab (2).xlsx,,,0.9476151710413954,TRAIN,군위군,시군구,경상북도,리틀포레스트,,,,0.8001163739167058,,0.8779069167861229,,1.0500484762181173,,4.867534450455582,
2018-07-08,리틀 포레스트,군위군,2018-02-28,130,개봉후,일,1,,,,,,,,,,,,,,,,,,1.58838,0.19922989807474512,1.2975757142857145,1.3824932142857143,0.9385765520419761,datalab (2).xlsx,,,1.1489242649343925,TRAIN,군위군,시군구,경상북도,리틀포레스트,,,,0.9476151710413954,,0.8314038746454258,,1.5187149281531915,,4.875197323201151,
2018-07-09,리틀 포레스트,군위군,2018-02-28,131,개봉후,월,0,,,,,,,,,,,,,,,,,,1.40108,-0.11791888590891342,1.299167142857143,1.3491810714285715,0.9629301584267917,datalab (2).xlsx,,,1.0384669853961677,TRAIN,군위군,시군구,경상북도,리틀포레스트,,,,1.1489242649343925,,0.8001163739167058,,0.9295585385619837,,4.882801922586371,
2018-07-10,리틀 포레스트,군위군,2018-02-28,132,개봉후,화,0,,,,,,,,,2.0,3.0,141.0,725000.0,141.0,1505248.0,37.0,,리틀포레스트 KOBIS(1).zip/리틀포레스트 KOBIS/KOBIS_일자별_통계정보_2026-09-21 (1).xls,1.16877,-0.16580780540725726,1.294757142857143,1.345252142857143,0.9624642857711752,datalab (2).xlsx,,,0.8688111044504138,TRAIN,군위군,시군구,경상북도,리틀포레스트,,,,1.0384669853961677,,0.9476151710413954,,0.8130715296480137,,4.890349128221754,
2018-07-11,리틀 포레스트,군위군,2018-02-28,133,개봉후,수,0,,,,,,,,,,,,,,,,,,1.17179,0.0025839130025582246,1.2797385714285716,1.336922142857143,0.9572274483341535,datalab (2).xlsx,,,0.8764833511514454,TRAIN,군위군,시군구,경상북도,리틀포레스트,,,,0.8688111044504138,,1.1489242649343925,,0.8779069167861229,,4.897839799950911,
2018-07-12,리틀 포레스트,군위군,2018-02-28,134,개봉후,목,0,,,,,,,,,,,,,,,,,,1.11562,-0.04793521023391567,1.27082,1.3139378571428573,0.9671842493094639,datalab (2).xlsx,,,0.8490660299764122,TRAIN,군위군,시군구,경상북도,리틀포레스트,,,,0.8764833511514454,,1.0384669853961677,,0.8314038746454258,,4.90527477843843,
2018-07-13,리틀 포레스트,군위군,2018-02-28,135,개봉후,금,0,,,,,,,,,,,,,,,,,,1.237,0.10880048762123318,1.2867342857142856,1.3049610714285715,0.9860326977460464,datalab (2).xlsx,,,0.9479209970959724,TRAIN,군위군,시군구,경상북도,리틀포레스트,,,,0.8490660299764122,,0.8688111044504138,,0.8001163739167058,,4.912654885736052,
2018-07-14,리틀 포레스트,군위군,2018-02-28,136,개봉후,토,1,,,,,,,,,,,,,,,,,,1.43799,0.16248181083265956,1.302947142857143,1.307572142857143,0.9964629102682672,datalab (2).xlsx,,,1.0997404677480238,TRAIN,군위군,시군구,경상북도,리틀포레스트,,,,0.9479209970959724,,0.8764833511514454,,0.9476151710413954,,4.919980925828125,
2018-07-15,리틀 포레스트,군위군,2018-02-28,137,개봉후,일,1,,,,,,,,,,,,,,,,,,1.67726,0.1663919776910825,1.3156442857142856,1.3121807142857143,1.002639553676459,datalab (2).xlsx,,,1.2782233283416429,TRAIN,군위군,시군구,경상북도,리틀포레스트,,,,1.0997404677480238,,0.8490660299764122,,1.1489242649343925,,4.927253685157205,
2018-07-16,리틀 포레스트,군위군,2018-02-28,138,개봉후,월,0,,,,,,,,,,,,,,,,,,1.23677,-0.26262475704422694,1.2921714285714285,1.3180821428571428,0.980342109612722,datalab (2).xlsx,,,0.9383102613916865,TRAIN,군위군,시군구,경상북도,리틀포레스트,,,,1.2782233283416429,,0.9479209970959724,,1.0384669853961677,,4.9344739331306915,
2018-07-17,리틀 포레스트,군위군,2018-02-28,139,개봉후,화,0,,,,,,,,,,,,,,,,,,1.14927,-0.07074880535588668,1.2893857142857144,1.3271499999999998,0.971544824839479,datalab (2).xlsx,,,0.865968428587575,TRAIN,군위군,시군구,경상북도,리틀포레스트,,,,0.9383102613916865,,1.0997404677480238,,0.8688111044504138,,4.941642422609304,
2018-07-18,리틀 포레스트,군위군,2018-02-28,140,개봉후,수,0,,,,,,,,,,,,,,,,,,1.15322,0.0034369643338814093,1.286732857142857,1.330515,0.9670938374560655,datalab (2).xlsx,,,0.8667470866544158,TRAIN,군위군,시군구,경상북도,리틀포레스트,,,,0.865968428587575,,1.2782233283416429,,0.8764833511514454,,4.948759890378168,
2018-07-19,리틀 포레스트,군위군,2018-02-28,141,개봉후,목,0,,,,,,,,,1.0,1.0,273.0,1188000.0,198.0,1505446.0,34.0,,리틀포레스트 KOBIS(1).zip/리틀포레스트 KOBIS/KOBIS_일자별_통계정보_2026-09-21 (1).xls,3.57292,2.0982119630252685,1.6377757142857143,1.3320399999999997,1.2295244244059598,datalab (2).xlsx,,,2.6822918230683768,TRAIN,군위군,시군구,경상북도,리틀포레스트,,,,0.8667470866544158,,0.9383102613916865,,0.8490660299764122,,4.955827057601261,
2018-07-20,리틀 포레스트,군위군,2018-02-28,142,개봉후,금,0,,,,,,,,,,,,,,,,,,1.15925,-0.6755454922024563,1.6266685714285711,1.4204967857142852,1.145140621075474,datalab (2).xlsx,,,0.8160877318825333,TRAIN,군위군,시군구,경상북도,리틀포레스트,,,,2.6822918230683768,,0.865968428587575,,0.9479209970959724,,4.962844630259907,
2018-07-21,리틀 포레스트,군위군,2018-02-28,143,개봉후,토,1,,,,,,,,,,,,,,,,,,1.6276,0.40401121414707797,1.653755714285714,1.4222289285714287,1.16279150357801,datalab (2).xlsx,,,1.1444008536901709,TRAIN,군위군,시군구,경상북도,리틀포레스트,,,,0.8160877318825333,,0.8667470866544158,,1.0997404677480238,,4.969813299576001,
2018-07-22,리틀 포레스트,군위군,2018-02-28,144,개봉후,일,1,,,,,,,,,,,,,,,,,,1.61274,-0.009130007372818771,1.6445385714285712,1.4359632142857142,1.145251184060873,datalab (2).xlsx,,,1.1231067648221194,TRAIN,군위군,시군구,경상북도,리틀포레스트,,,,1.1444008536901709,,2.6822918230683768,,1.2782233283416429,,4.976733742420574,
2018-07-23,리틀 포레스트,군위군,2018-02-28,145,개봉후,월,0,,,,,,,,,,,,,,,,,,1.22377,-0.24118580800376999,1.6426814285714286,1.4425278571428575,1.1387519627003981,datalab (2).xlsx,,,0.8483510345677898,TRAIN,군위군,시군구,경상북도,리틀포레스트,,,,1.1231067648221194,,0.8160877318825333,,0.9383102613916865,,4.983606621708336,
2018-07-24,리틀 포레스트,군위군,2018-02-28,146,개봉후,화,0,,,,,,,,,,,,,,,,,,1.14115,-0.0675126862073755,1.6415214285714286,1.4403560714285715,1.139663629801857,datalab (2).xlsx,,,0.792269371883986,TRAIN,군위군,시군구,경상북도,리틀포레스트,,,,0.8483510345677898,,1.1444008536901709,,0.865968428587575,,4.990432586778736,
2018-07-25,리틀 포레스트,군위군,2018-02-28,147,개봉후,수,0,,,,,,,,,,,,,,,,,,1.12351,-0.015458090522718404,1.6372771428571427,1.4258839285714289,1.148254153125567,datalab (2).xlsx,,,0.787939310828496,TRAIN,군위군,시군구,경상북도,리틀포레스트,,,,0.792269371883986,,1.1231067648221194,,0.8667470866544158,,4.997212273764115,
2018-07-26,리틀 포레스트,군위군,2018-02-28,148,개봉후,목,0,,,,,,,,,,,,,,,,,,1.48301,0.3199793504285675,1.3387185714285714,1.414296071428572,0.9465617549770465,datalab (2).xlsx,,,1.0485852502595305,TRAIN,군위군,시군구,경상북도,리틀포레스트,,,,0.787939310828496,,0.8483510345677898,,2.6822918230683768,,5.003946305945459,
2018-07-27,리틀 포레스트,군위군,2018-02-28,149,개봉후,금,0,,,,,,,,,1.0,1.0,123.0,440000.0,44.0,1505490.0,50.0,,리틀포레스트 KOBIS(1).zip/리틀포레스트 KOBIS/KOBIS_일자별_통계정보_2026-09-21 (1).xls,1.26416,-0.1475714931119817,1.3537057142857143,1.4249885714285717,0.9499765411652422,datalab (2).xlsx,,,0.8871369394441256,TRAIN,군위군,시군구,경상북도,리틀포레스트,,,,1.0485852502595305,,0.792269371883986,,0.8160877318825333,,5.0106352940962555,
2018-07-28,리틀 포레스트,군위군,2018-02-28,150,개봉후,토,1,,,,,,,,,,,,,,,,,,1.4786,0.16963042652828753,1.3324200000000002,1.4270196428571431,0.933708240576326,datalab (2).xlsx,,,1.036145513063565,TRAIN,군위군,시군구,경상북도,리틀포레스트,,,,0.8871369394441256,,0.787939310828496,,1.1444008536901709,,5.017279836814924,
2018-07-29,리틀 포레스트,군위군,2018-02-28,151,개봉후,일,1,,,,,,,,,,,,,,,,,,1.83624,0.24187745164344654,1.3643485714285715,1.4220960714285718,0.9593926872029188,datalab (2).xlsx,,,1.291220780995055,TRAIN,군위군,시군구,경상북도,리틀포레스트,,,,1.036145513063565,,1.0485852502595305,,1.1231067648221194,,5.0238805208462765,
2018-07-30,리틀 포레스트,군위군,2018-02-28,152,개봉후,월,0,,,,,,,,,,,,,,,,,,1.68724,-0.08114407702696813,1.4305585714285713,1.4055267857142861,1.017809540144455,datalab (2).xlsx,,,1.20043247638468,TRAIN,군위군,시군구,경상북도,리틀포레스트,,,,1.291220780995055,,0.8871369394441256,,0.8483510345677898,,5.030437921392435,
2018-07-31,리틀 포레스트,군위군,2018-02-28,153,개봉후,화,0,,,,,,,,,,,,,,,,,,1.4417,-0.14552760721651936,1.4734942857142859,1.416144642857143,1.040497023483023,datalab (2).xlsx,,,1.0180457252525406,TRAIN,군위군,시군구,경상북도,리틀포레스트,,,,1.20043247638468,,1.036145513063565,,0.792269371883986,,5.0369526024136295,
2018-08-01,리틀 포레스트,군위군,2018-02-28,154,개봉후,수,0,32088.0,23642.0,8446.0,0.7367863375716779,,,,,,,,,,,,군위군 관광데이터(1).zip/군위군 관광데이터/20260920215552_군위군_20180801-20180831_데이터랩_다운로드.zip,,1.67842,0.16419504751335223,1.5527671428571428,1.4247896428571427,1.089822031372551,datalab (2).xlsx,,,1.178012493573613,TRAIN,군위군,시군구,경상북도,리틀포레스트,,,,1.0180457252525406,,1.291220780995055,,0.787939310828496,,5.043425116919247,
2018-08-02,리틀 포레스트,군위군,2018-02-28,155,개봉후,목,0,33632.0,25067.0,8564.0,0.7453318268315889,0.04811767638992759,,,,,,,,,,,군위군 관광데이터(1).zip/군위군 관광데이터/20260920215552_군위군_20180801-20180831_데이터랩_다운로드.zip,,1.84831,0.1012201951835654,1.604952857142857,1.4391289285714284,1.1152252069145996,datalab (2).xlsx,,,1.2843255133747822,TRAIN,군위군,시군구,경상북도,리틀포레스트,,,,1.178012493573613,,1.20043247638468,,1.0485852502595305,,5.049856007249537,
2018-08-03,리틀 포레스트,군위군,2018-02-28,156,개봉후,금,0,36190.0,27808.0,8382.0,0.7683890577507598,0.07605851569933386,,,,,,,,,,,군위군 관광데이터(1).zip/군위군 관광데이터/20260920215552_군위군_20180801-20180831_데이터랩_다운로드.zip,,1.87662,0.015316694710302947,1.6924471428571428,1.4630667857142856,1.1567805102149669,datalab (2).xlsx,,,1.282661884148927,TRAIN,군위군,시군구,경상북도,리틀포레스트,,,,1.2843255133747822,,1.0180457252525406,,0.8871369394441256,,5.056245805348308,
2018-08-04,리틀 포레스트,군위군,2018-02-28,157,개봉후,토,1,40761.0,33530.0,7231.0,0.8226000343465567,0.12630560928433265,,,,,,,,,,,군위군 관광데이터(1).zip/군위군 관광데이터/20260920215552_군위군_20180801-20180831_데이터랩_다운로드.zip,,2.0739,0.10512517185152026,1.77749,1.4898889285714285,1.19303524303945,datalab (2).xlsx,,,1.3919829594200335,TRAIN,군위군,시군구,경상북도,리틀포레스트,,,,1.282661884148927,,1.178012493573613,,1.036145513063565,,5.062595033026967,
2018-08-05,리틀 포레스트,군위군,2018-02-28,158,개봉후,일,1,53543.0,46400.0,7144.0,0.8665932054610314,0.3135840631976645,,,,,,,,,,,군위군 관광데이터(1).zip/군위군 관광데이터/20260920215552_군위군_20180801-20180831_데이터랩_다운로드.zip,,2.3141,0.11582043492936012,1.8457557142857142,1.5166532142857145,1.216992584000156,datalab (2).xlsx,,,1.5257937531157062,TRAIN,군위군,시군구,경상북도,리틀포레스트,,,,1.3919829594200335,,1.2843255133747822,,1.291220780995055,,5.0689042022202315,
2018-08-06,리틀 포레스트,군위군,2018-02-28,159,개봉후,월,0,29407.0,20996.0,8410.0,0.7139796647056823,-0.4507778794613675,,,,,,,,,,,군위군 관광데이터(1).zip/군위군 관광데이터/20260920215552_군위군_20180801-20180831_데이터랩_다운로드.zip,,1.77822,-0.23157166933148954,1.8587528571428569,1.5425717857142855,1.204970085902462,datalab (2).xlsx,,,1.1527632078247807,TRAIN,군위군,시군구,경상북도,리틀포레스트,,,,1.5257937531157062,,1.282661884148927,,1.20043247638468,,5.075173815233827,
2018-08-07,리틀 포레스트,군위군,2018-02-28,160,개봉후,화,0,23866.0,15208.0,8659.0,0.6372245034777507,-0.1884245247730132,35641.0,,,,,,,,,,군위군 관광데이터(1).zip/군위군 관광데이터/20260920215552_군위군_20180801-20180831_데이터랩_다운로드.zip,,1.63526,-0.08039500174331637,1.8864042857142855,1.5560410714285715,1.212310086379927,datalab (2).xlsx,,,1.0509105640114622,TRAIN,군위군,시군구,경상북도,리틀포레스트,,,,1.1527632078247807,,1.3919829594200335,,1.0180457252525406,,5.081404364984463,
2018-08-08,리틀 포레스트,군위군,2018-02-28,161,개봉후,수,0,29166.0,20279.0,8886.0,0.6952958924775423,0.22207324226933722,35223.57142857143,,,,,,,,,,군위군 관광데이터(1).zip/군위군 관광데이터/20260920215552_군위군_20180801-20180831_데이터랩_다운로드.zip,,1.6768,0.025402688257524897,1.8861728571428569,1.572701428571429,1.1993203686831844,datalab (2).xlsx,,,1.0661909308005968,TRAIN,군위군,시군구,경상북도,리틀포레스트,,,,1.0509105640114622,,1.5257937531157062,,1.178012493573613,,5.087596335232384,
2018-08-09,리틀 포레스트,군위군,2018-02-28,162,개봉후,목,0,23664.0,14998.0,8666.0,0.633789722785666,-0.18864431186998565,33799.57142857143,,,,,,,,,,군위군 관광데이터(1).zip/군위군 관광데이터/20260920215552_군위군_20180801-20180831_데이터랩_다운로드.zip,,1.70767,0.01841006679389312,1.8660814285714287,1.5907375000000001,1.173091995738724,datalab (2).xlsx,,,1.0735083569727877,TRAIN,군위군,시군구,경상북도,리틀포레스트,,,,1.0661909308005968,,1.1527632078247807,,1.2843255133747822,,5.093750200806762,
2018-08-10,리틀 포레스트,군위군,2018-02-28,163,개봉후,금,0,25406.0,16380.0,9026.0,0.6447295914350941,0.07361392832995262,32259.0,,,,,,,,,,군위군 관광데이터(1).zip/군위군 관광데이터/20260920215552_군위군_20180801-20180831_데이터랩_다운로드.zip,,1.67796,-0.017397975018592637,1.8377014285714286,1.6118821428571428,1.1400966483281523,datalab (2).xlsx,,,1.0409942237003325,TRAIN,군위군,시군구,경상북도,리틀포레스트,,,,1.0735083569727877,,1.0509105640114622,,1.282661884148927,,5.099866427824199,
2018-08-11,리틀 포레스트,군위군,2018-02-28,164,개봉후,토,1,34324.0,26890.0,7434.0,0.7834168511828459,0.35101944422577347,31339.428571428572,,,1.0,1.0,202.0,543000.0,70.0,1505560.0,40.0,군위군 관광데이터(1).zip/군위군 관광데이터/20260920215552_군위군_20180801-20180831_데이터랩_다운로드.zip,리틀포레스트 KOBIS(1).zip/리틀포레스트 KOBIS/KOBIS_일자별_통계정보_2026-09-21 (1).xls,1.96319,0.16998617368709623,1.8218857142857143,1.6276307142857145,1.1193483253265153,datalab (2).xlsx,,,1.2061642624270246,TRAIN,군위군,시군구,경상북도,리틀포레스트,,,,1.0409942237003325,,1.0661909308005968,,1.3919829594200335,,5.10594547390058,
2018-08-12,리틀 포레스트,군위군,2018-02-28,165,개봉후,일,1,37622.0,30401.0,7220.0,0.808064430386476,0.0960843724507634,29065.0,,,,,,,,,,군위군 관광데이터(1).zip/군위군 관광데이터/20260920215552_군위군_20180801-20180831_데이터랩_다운로드.zip,,2.33731,0.19056739286569302,1.8252014285714286,1.6463878571428572,1.1086096272228858,datalab (2).xlsx,,,1.4196594015557,TRAIN,군위군,시군구,경상북도,리틀포레스트,,,,1.2061642624270246,,1.0735083569727877,,1.5257937531157062,,5.111987788356544,
2018-08-13,리틀 포레스트,군위군,2018-02-28,166,개봉후,월,0,23142.0,14336.0,8806.0,0.6194797338173019,-0.38488118653979053,28170.0,,,,,,,,,,군위군 관광데이터(1).zip/군위군 관광데이터/20260920215552_군위군_20180801-20180831_데이터랩_다운로드.zip,,1.65429,-0.2922248225524213,1.8074971428571427,1.6699610714285715,1.0823588488268865,datalab (2).xlsx,,,0.9906159061449464,TRAIN,군위군,시군구,경상북도,리틀포레스트,,,,1.4196594015557,,1.0409942237003325,,1.1527632078247807,,5.117993812416755,
2018-08-14,리틀 포레스트,군위군,2018-02-28,167,개봉후,화,0,24384.0,15582.0,8802.0,0.6390255905511811,0.05366865439460722,28244.0,,,,,,,,,,군위군 관광데이터(1).zip/군위군 관광데이터/20260920215552_군위군_20180801-20180831_데이터랩_다운로드.zip,,1.55658,-0.05906461382224393,1.796257142857143,1.6848724999999998,1.0661086478989616,datalab (2).xlsx,,,0.9238562561855572,TRAIN,군위군,시군구,경상북도,리틀포레스트,,,,0.9906159061449464,,1.2061642624270246,,1.0509105640114622,,5.123963979403259,
2018-08-15,리틀 포레스트,군위군,2018-02-28,168,개봉후,수,0,30964.0,23576.0,7388.0,0.7614003358739181,0.2698490813648293,28500.85714285714,,,,,,,,,,군위군 관광데이터(1).zip/군위군 관광데이터/20260920215552_군위군_20180801-20180831_데이터랩_다운로드.zip,,2.03723,0.308785928124478,1.8477471428571428,1.6994192857142856,1.0872814957378298,datalab (2).xlsx,,,1.1987800874836658,TRAIN,군위군,시군구,경상북도,리틀포레스트,,,,0.9238562561855572,,1.4196594015557,,1.0661909308005968,,5.1298987149230735,
2018-08-16,리틀 포레스트,군위군,2018-02-28,169,개봉후,목,0,22477.0,13314.0,9163.0,0.592338835253815,-0.27409249450975326,28331.285714285714,,,,,,,,,,군위군 관광데이터(1).zip/군위군 관광데이터/20260920215552_군위군_20180801-20180831_데이터랩_다운로드.zip,,1.3853,-0.32000805014652256,1.8016942857142857,1.7309910714285714,1.0408455106746237,datalab (2).xlsx,,,0.8002929783206358,TRAIN,군위군,시군구,경상북도,리틀포레스트,,,,1.1987800874836658,,0.9906159061449464,,1.0735083569727877,,5.135798437050262,
2018-08-17,리틀 포레스트,군위군,2018-02-28,170,개봉후,금,0,25102.0,16286.0,8816.0,0.6487929248665445,0.11678604796013703,28287.85714285714,,,,,,,,,,군위군 관광데이터(1).zip/군위군 관광데이터/20260920215552_군위군_20180801-20180831_데이터랩_다운로드.zip,,1.29317,-0.06650545008301456,1.746724285714286,1.6528617857142858,1.0567878698698556,datalab (2).xlsx,,,0.7823824176811949,TRAIN,군위군,시군구,경상북도,리틀포레스트,,,,0.8002929783206358,,0.9238562561855572,,1.0409942237003325,,5.14166355650266,
2018-08-18,리틀 포레스트,군위군,2018-02-28,171,개봉후,토,1,35112.0,26747.0,8365.0,0.761762360446571,0.39877300613496924,28400.428571428572,,,,,,,,,,군위군 관광데이터(1).zip/군위군 관광데이터/20260920215552_군위군_20180801-20180831_데이터랩_다운로드.zip,,1.52873,0.1821570249851141,1.6846585714285713,1.657644642857143,1.0162965739899879,datalab (2).xlsx,,,0.9222302298549684,TRAIN,군위군,시군구,경상북도,리틀포레스트,,,,0.7823824176811949,,1.1987800874836658,,1.2061642624270246,,5.147494476813453,
2018-08-19,리틀 포레스트,군위군,2018-02-28,172,개봉후,일,1,36816.0,29526.0,7290.0,0.8019882659713168,0.048530416951469535,28285.285714285714,,,,,,,,,,군위군 관광데이터(1).zip/군위군 관광데이터/20260920215552_군위군_20180801-20180831_데이터랩_다운로드.zip,,1.59859,0.045698063098127184,1.5791271428571427,1.6541135714285715,0.954666698909515,datalab (2).xlsx,,,0.9664330355619906,TRAIN,군위군,시군구,경상북도,리틀포레스트,,,,0.9222302298549684,,0.8002929783206358,,1.4196594015557,,5.153291594497779,
2018-08-20,리틀 포레스트,군위군,2018-02-28,173,개봉후,월,0,20867.0,12068.0,8799.0,0.5783294196578329,-0.4332083876575402,27960.285714285714,,,,,,,,,,군위군 관광데이터(1).zip/군위군 관광데이터/20260920215552_군위군_20180801-20180831_데이터랩_다운로드.zip,,1.27483,-0.20252847822143272,1.5249185714285713,1.6536082142857145,0.9221764613011847,datalab (2).xlsx,,,0.7709383570948636,TRAIN,군위군,시군구,경상북도,리틀포레스트,,,,0.9664330355619906,,0.7823824176811949,,0.9906159061449464,,5.159055299214529,
2018-08-21,리틀 포레스트,군위군,2018-02-28,174,개봉후,화,0,27240.0,18417.0,8824.0,0.6761013215859031,0.30541045670196953,28368.285714285714,,,,,,,,,,군위군 관광데이터(1).zip/군위군 관광데이터/20260920215552_군위군_20180801-20180831_데이터랩_다운로드.zip,,1.18525,-0.07026819262176132,1.4718714285714285,1.655431785714286,0.8891163267934626,datalab (2).xlsx,,,0.7159763454031952,TRAIN,군위군,시군구,경상북도,리틀포레스트,,,,0.7709383570948636,,0.9222302298549684,,0.9238562561855572,,5.1647859739235145,
2018-08-22,리틀 포레스트,군위군,2018-02-28,175,개봉후,수,0,21704.0,12806.0,8897.0,0.5900294876520457,-0.2032305433186491,27045.428571428572,,,,,,,,,,군위군 관광데이터(1).zip/군위군 관광데이터/20260920215552_군위군_20180801-20180831_데이터랩_다운로드.zip,,1.50691,0.27138578358996,1.3961114285714284,1.6570067857142858,0.8425502180243678,datalab (2).xlsx,,,0.9094169154837929,TRAIN,군위군,시군구,경상북도,리틀포레스트,,,,0.7159763454031952,,0.9664330355619906,,1.1987800874836658,,5.170483995038151,
2018-08-23,리틀 포레스트,군위군,2018-02-28,176,개봉후,목,0,17888.0,8998.0,8890.0,0.5030187835420393,-0.17582012532252123,26389.85714285714,,,,,,,,,,군위군 관광데이터(1).zip/군위군 관광데이터/20260920215552_군위군_20180801-20180831_데이터랩_다운로드.zip,,1.28829,-0.14507833911779733,1.3822528571428572,1.6706996428571426,0.8273497052881397,datalab (2).xlsx,,,0.7711080836749532,TRAIN,군위군,시군구,경상북도,리틀포레스트,,,,0.9094169154837929,,0.7709383570948636,,0.8002929783206358,,5.176149732573829,
2018-08-24,리틀 포레스트,군위군,2018-02-28,177,개봉후,금,0,20692.0,11900.0,8792.0,0.5751014884979703,0.1567531305903398,25759.85714285714,,,,,,,,,,군위군 관광데이터(1).zip/군위군 관광데이터/20260920215552_군위군_20180801-20180831_데이터랩_다운로드.zip,,1.36627,0.060529849645654554,1.3926957142857144,1.6637453571428569,0.8370846586026752,datalab (2).xlsx,,,0.8212013900650578,TRAIN,군위군,시군구,경상북도,리틀포레스트,,,,0.7711080836749532,,0.7159763454031952,,0.7823824176811949,,5.181783550292085,
2018-08-25,리틀 포레스트,군위군,2018-02-28,178,개봉후,토,1,31398.0,23765.0,7634.0,0.7568953436524619,0.517398028223468,25229.285714285714,,,,,,,,,,군위군 관광데이터(1).zip/군위군 관광데이터/20260920215552_군위군_20180801-20180831_데이터랩_다운로드.zip,,1.44286,0.05605773383006274,1.3804285714285711,1.6673921428571425,0.8278967712197276,datalab (2).xlsx,,,0.8653393301515756,TRAIN,군위군,시군구,경상북도,리틀포레스트,,,,0.8212013900650578,,0.9094169154837929,,0.9222302298549684,,5.187385805840755,
2018-08-26,리틀 포레스트,군위군,2018-02-28,179,개봉후,일,1,28140.0,21718.0,6422.0,0.7717839374555793,-0.10376457099178293,23989.85714285714,,,,,,,,,,군위군 관광데이터(1).zip/군위군 관광데이터/20260920215552_군위군_20180801-20180831_데이터랩_다운로드.zip,,1.71834,0.19092635460127805,1.397535714285714,1.6661157142857141,0.8387987114597597,datalab (2).xlsx,,,1.0313449331679072,TRAIN,군위군,시군구,경상북도,리틀포레스트,,,,0.8653393301515756,,0.7711080836749532,,0.9664330355619906,,5.19295685089021,
2018-08-27,리틀 포레스트,군위군,2018-02-28,180,개봉후,월,0,22197.0,13570.0,8628.0,0.6113438752984638,-0.2111940298507463,24179.85714285714,,,,,,,,,,군위군 관광데이터(1).zip/군위군 관광데이터/20260920215552_군위군_20180801-20180831_데이터랩_다운로드.zip,,1.1878,-0.3087514694414377,1.3851028571428567,1.6619049999999995,0.8334428605382721,datalab (2).xlsx,,,0.7147219606415531,TRAIN,군위군,시군구,경상북도,리틀포레스트,,,,1.0313449331679072,,0.8212013900650578,,0.7709383570948636,,5.198497031265826,
2018-08-28,리틀 포레스트,군위군,2018-02-28,181,개봉후,화,0,20321.0,11602.0,8718.0,0.5709364696619261,-0.08451592557552823,23191.428571428572,,,,,,,,,,군위군 관광데이터(1).zip/군위군 관광데이터/20260920215552_군위군_20180801-20180831_데이터랩_다운로드.zip,,1.25116,0.05334231352079488,1.3945185714285713,1.6440678571428573,0.8482122957211966,datalab (2).xlsx,,,0.7610148173411333,TRAIN,군위군,시군구,경상북도,리틀포레스트,,,,0.7147219606415531,,0.8653393301515756,,0.7159763454031952,,5.204006687076795,
2018-08-29,리틀 포레스트,군위군,2018-02-28,182,개봉후,수,0,21500.0,12866.0,8634.0,0.5984186046511628,0.058018798287485795,23162.285714285714,28861.178571428572,0.7449453232406854,,,,,,,,군위군 관광데이터(1).zip/군위군 관광데이터/20260920215552_군위군_20180801-20180831_데이터랩_다운로드.zip,,1.07176,-0.1433869369225359,1.3323542857142854,1.6372628571428574,0.8137693223184336,datalab (2).xlsx,20075.75,0.6408726946689414,0.6546047235630198,TRAIN,군위군,시군구,경상북도,리틀포레스트,,,,0.7610148173411333,,1.0313449331679072,,0.9094169154837929,,5.209486152841421,-0.2944444549191156
2018-08-30,리틀 포레스트,군위군,2018-02-28,183,개봉후,목,0,20958.0,12232.0,8726.0,0.5836434774310526,-0.025209302325581384,23600.85714285714,28483.035714285714,0.7358064010532586,,,,,,,,군위군 관광데이터(1).zip/군위군 관광데이터/20260920215552_군위군_20180801-20180831_데이터랩_다운로드.zip,,1.11817,0.0433026050608345,1.3080514285714284,1.6155964285714286,0.8096399604745703,datalab (2).xlsx,15594.25,0.784391682831813,0.6921097250683627,TRAIN,군위군,시군구,경상북도,리틀포레스트,,,,0.6546047235630198,,0.7147219606415531,,0.7711080836749532,,5.214935757608986,-0.30678823690209106
2018-08-31,리틀 포레스트,군위군,2018-02-28,184,개봉후,금,0,20786.0,12383.0,8404.0,0.5957375156355239,-0.008206889970417075,23614.285714285714,28030.39285714286,0.7415522181917331,,,,,,,,군위군 관광데이터(1).zip/군위군 관광데이터/20260920215552_군위군_20180801-20180831_데이터랩_다운로드.zip,,1.1748,0.05064525072216197,1.2806985714285715,1.58952,0.8057140340659894,datalab (2).xlsx,18093.5,0.6843894216154973,0.7390910463536162,TRAIN,군위군,시군구,경상북도,리틀포레스트,,,,0.6921097250683627,,0.7610148173411333,,0.8212013900650578,,5.220355825078324,-0.29900969750778494
2018-09-01,리틀 포레스트,군위군,2018-02-28,185,개봉후,토,1,29939.0,22320.0,7620.0,0.7455158822939978,0.44034446261907045,23405.85714285714,27480.25,1.0894733490415844,,,,,,,,군위군 관광데이터(1).zip/군위군 관광데이터/20260920215614_군위군_20180901-20180930_데이터랩_다운로드.zip,,,,,1.564455,,,27733.0,0.8048173655933365,,TRAIN,군위군,시군구,경상북도,리틀포레스트,,,,0.7390910463536162,,0.6546047235630198,,0.8653393301515756,,5.225746673713202,0.08569441346184548
2018-09-02,리틀 포레스트,군위군,2018-02-28,186,개봉후,일,1,36120.0,28490.0,7630.0,0.7887596899224806,0.20645312134673843,24545.85714285714,27093.75,1.3331487889273357,,,,,,,,군위군 관광데이터(1).zip/군위군 관광데이터/20260920215614_군위군_20180901-20180930_데이터랩_다운로드.zip,,,,,,,,32011.25,0.8899996095122809,,TRAIN,군위군,시군구,경상북도,리틀포레스트,,,,,,0.6921097250683627,,1.0313449331679072,,5.231108616854587,0.2875436545679694
2018-09-03,리틀 포레스트,군위군,2018-02-28,187,개봉후,월,0,19778.0,10146.0,9632.0,0.51299423601982,-0.4524363233665559,24200.285714285714,26471.5,0.7471431539580303,,,,,,,,군위군 관광데이터(1).zip/군위군 관광데이터/20260920215614_군위군_20180901-20180930_데이터랩_다운로드.zip,,,,,,,,15242.5,0.6656388387731671,,TRAIN,군위군,시군구,경상북도,리틀포레스트,,,,,,0.7390910463536162,,0.7147219606415531,,5.236441962829949,-0.2914984737115985
2018-09-04,리틀 포레스트,군위군,2018-02-28,188,개봉후,화,0,19428.0,10314.0,9114.0,0.5308832612723904,-0.017696430377186823,24072.714285714286,26127.60714285714,0.7435812967400383,,,,,,,,군위군 관광데이터(1).zip/군위군 관광데이터/20260920215614_군위군_20180901-20180930_데이터랩_다운로드.zip,,,,,,,,15202.25,0.6784522027989278,,TRAIN,군위군,시군구,경상북도,리틀포레스트,,,,,,,,0.7610148173411333,,5.241747015059643,-0.29627717576419293
2018-09-05,리틀 포레스트,군위군,2018-02-28,189,개봉후,수,0,21287.0,12022.0,9264.0,0.5647578334194578,0.09568663784228937,24042.285714285714,25969.10714285714,0.8197047315835437,,,,,,,,군위군 관광데이터(1).zip/군위군 관광데이터/20260920215614_군위군_20180901-20180930_데이터랩_다운로드.zip,,,,,,,,17381.75,0.6916449724567434,,TRAIN,군위군,시군구,경상북도,리틀포레스트,,,,,,,,0.6546047235630198,,5.247024072160486,-0.198811087004148
2018-09-06,리틀 포레스트,군위군,2018-02-28,190,개봉후,목,0,21434.0,12236.0,9198.0,0.5708687132593077,0.0069056231502795384,24110.285714285714,25687.714285714286,0.8344066646645979,,,,,,,,군위군 관광데이터(1).zip/군위군 관광데이터/20260920215614_군위군_20180901-20180930_데이터랩_다운로드.zip,,,,,,,,12385.5,0.9879294336118849,,TRAIN,군위군,시군구,경상북도,리틀포레스트,,,,,,,,0.6921097250683627,,5.25227342804663,-0.1810343879537941
2018-09-07,리틀 포레스트,군위군,2018-02-28,191,개봉후,금,0,22169.0,13024.0,9146.0,0.5874870314402996,0.03429131286740694,24307.85714285714,25608.071428571428,0.8657036146527463,,,,,,,,군위군 관광데이터(1).zip/군위군 관광데이터/20260920215614_군위군_20180901-20180930_데이터랩_다운로드.zip,,,,,,,,14237.25,0.9147834026936381,,TRAIN,군위군,시군구,경상북도,리틀포레스트,,,,,,,,0.7390910463536162,,5.2574953720277815,-0.14421267535876872
2018-09-08,리틀 포레스트,군위군,2018-02-28,192,개봉후,토,1,36102.0,27710.0,8393.0,0.7675475042933909,0.628490234110695,25188.285714285714,25492.464285714286,1.4161832138068813,,,,,,,,군위군 관광데이터(1).zip/군위군 관광데이터/20260920215614_군위군_20180901-20180930_데이터랩_다운로드.zip,,,,,,,,24930.5,1.111489942038868,,TRAIN,군위군,시군구,경상북도,리틀포레스트,,,,,,,,,,5.262690188904886,0.3479653751832821
2018-09-09,리틀 포레스트,군위군,2018-02-28,193,개봉후,일,1,44320.0,36694.0,7626.0,0.8279332129963899,0.22763281812641956,26359.714285714286,25555.964285714286,1.73423313260673,,,,,,,,군위군 관광데이터(1).zip/군위군 관광데이터/20260920215614_군위군_20180901-20180930_데이터랩_다운로드.zip,,,,,,,,27533.75,1.3326916965542288,,TRAIN,군위군,시군구,경상북도,리틀포레스트,,,,,,,,,,5.267858159063328,0.5505653171911318
2018-09-10,리틀 포레스트,군위군,2018-02-28,194,개봉후,월,0,21276.0,11952.0,9324.0,0.5617597292724196,-0.5199458483754513,26573.714285714286,25795.178571428572,0.8248052999937696,,,,,,,,군위군 관광데이터(1).zip/군위군 관광데이터/20260920215614_군위군_20180901-20180930_데이터랩_다운로드.zip,,,,,,,,12530.0,0.9538707102952912,,TRAIN,군위군,시군구,경상북도,리틀포레스트,,,,,,,,,,5.272999558563747,-0.19260792050739203
2018-09-11,리틀 포레스트,군위군,2018-02-28,195,개봉후,화,0,22494.0,13072.0,9422.0,0.5811327465101805,0.05724760293288211,27011.714285714286,25728.535714285714,0.8742821686315501,,,,,,,,군위군 관광데이터(1).zip/군위군 관광데이터/20260920215614_군위군_20180901-20180930_데이터랩_다운로드.zip,,,,,,,,13978.75,0.9351336850576768,,TRAIN,군위군,시군구,경상북도,리틀포레스트,,,,,,,,,,5.278114659230517,-0.13435210802609124
2018-09-12,리틀 포레스트,군위군,2018-02-28,196,개봉후,수,0,23082.0,13706.0,9376.0,0.5937960315397279,0.02614030408108836,27268.14285714286,25661.035714285714,0.8994960397155777,,,,,,,,군위군 관광데이터(1).zip/군위군 관광데이터/20260920215614_군위군_20180901-20180930_데이터랩_다운로드.zip,,,,,,,,15317.5,0.8947935368043088,,TRAIN,군위군,시군구,경상북도,리틀포레스트,,,,,,,,,,5.2832037287379885,-0.10592062836324513
2018-09-13,리틀 포레스트,군위군,2018-02-28,197,개봉후,목,0,23268.0,13622.0,9646.0,0.585439229843562,0.008058227190018252,27530.14285714286,25379.535714285714,0.9168016413674122,,,,,,,,군위군 관광데이터(1).zip/군위군 관광데이터/20260920215614_군위군_20180901-20180930_데이터랩_다운로드.zip,,,,,,,,11695.0,1.1647712697734074,,TRAIN,군위군,시군구,경상북도,리틀포레스트,,,,,,,,,,5.288267030694535,-0.08686414270104362
2018-09-14,리틀 포레스트,군위군,2018-02-28,198,개봉후,금,0,27930.0,19016.0,8914.0,0.6808449695667741,0.20036101083032487,28353.14285714286,25407.785714285714,1.0992693465726198,,,,,,,,군위군 관광데이터(1).zip/군위군 관광데이터/20260920215614_군위군_20180901-20180930_데이터랩_다운로드.zip,,,,,,,,13398.25,1.4192898326273953,,TRAIN,군위군,시군구,경상북도,리틀포레스트,,,,,,,,,,5.293304824724492,0.09464572871705756
2018-09-15,리틀 포레스트,군위군,2018-02-28,199,개봉후,토,1,34370.0,26540.0,7830.0,0.7721850450974688,0.23057644110275688,28105.714285714286,25508.785714285714,1.3473789142676333,,,,,,,,군위군 관광데이터(1).zip/군위군 관광데이터/20260920215614_군위군_20180901-20180930_데이터랩_다운로드.zip,,,,,,,,25135.5,1.0558771458693879,,TRAIN,군위군,시군구,경상북도,리틀포레스트,,,,,,,,,,5.298317366548036,0.29816116022175965
2018-09-16,리틀 포레스트,군위군,2018-02-28,200,개봉후,일,1,42238.0,34716.0,7522.0,0.8219139163786164,0.22892057026476587,27808.285714285714,25482.285714285714,1.6575436157330583,,,,,,,,군위군 관광데이터(1).zip/군위군 관광데이터/20260920215614_군위군_20180901-20180930_데이터랩_다운로드.zip,,,,,,,,29107.0,1.1927027862713437,,TRAIN,군위군,시군구,경상북도,리틀포레스트,,,,,,,,,,5.303304908059076,0.5053367568994266
2018-09-17,리틀 포레스트,군위군,2018-02-28,201,개봉후,월,0,26740.0,17224.0,9516.0,0.644128646222887,-0.36692078223400726,28588.85714285714,25675.928571428572,1.0414423737630853,1.0,1.0,160.0,972000.0,162.0,1505722.0,34.0,군위군 관광데이터(1).zip/군위군 관광데이터/20260920215614_군위군_20180901-20180930_데이터랩_다운로드.zip,리틀포레스트 KOBIS(1).zip/리틀포레스트 KOBIS/KOBIS_일자별_통계정보_2026-09-21 (1).xls,,,,,,,11934.0,1.4432713256242669,,TRAIN,군위군,시군구,경상북도,리틀포레스트,,,,,,,,,,5.308267697401205,0.040606650147881986
2018-09-18,리틀 포레스트,군위군,2018-02-28,202,개봉후,화,0,28354.0,18588.0,9765.0,0.6555688791704875,0.060359012715033744,29426.0,25885.678571428572,1.0953547121339846,,,,,,,,군위군 관광데이터(1).zip/군위군 관광데이터/20260920215614_군위군_20180901-20180930_데이터랩_다운로드.zip,,,,,,,,13351.25,1.3922291920232188,,TRAIN,군위군,시군구,경상북도,리틀포레스트,,,,,,,,,,5.313205979041787,0.09107824883377504
2018-09-19,리틀 포레스트,군위군,2018-02-28,203,개봉후,수,0,23716.0,14200.0,9516.0,0.5987518974531961,-0.1635748042604218,29516.571428571428,25925.464285714286,0.9147762886186086,,,,,,,,군위군 관광데이터(1).zip/군위군 관광데이터/20260920215614_군위군_20180901-20180930_데이터랩_다운로드.zip,,,,,,,,12850.0,1.105058365758755,,TRAIN,군위군,시군구,경상북도,리틀포레스트,,,,,,,,,,5.318119993844216,-0.08907573691297443
2018-09-20,리틀 포레스트,군위군,2018-02-28,204,개봉후,목,0,25994.0,16552.0,9443.0,0.6367623297684081,0.09605329735199875,29906.0,25997.321428571428,0.9998722395851222,,,,,,,,군위군 관광데이터(1).zip/군위군 관광데이터/20260920215614_군위군_20180901-20180930_데이터랩_다운로드.zip,,,,,,,,11772.0,1.4060482500849474,,TRAIN,군위군,시군구,경상북도,리틀포레스트,,,,,,,,,,5.3230099791384085,-0.00012776857693483522
2018-09-21,리틀 포레스트,군위군,2018-02-28,205,개봉후,금,0,29806.0,20699.0,9107.0,0.6944574917801785,0.14664922674463332,30174.0,26286.821428571428,1.133876154672833,,,,,,,,군위군 관광데이터(1).zip/군위군 관광데이터/20260920215614_군위군_20180901-20180930_데이터랩_다운로드.zip,,,,,,,,14080.75,1.4700211281359303,,TRAIN,군위군,시군구,경상북도,리틀포레스트,,,,,,,,,,5.327876168789581,0.12564198829471532
2018-09-22,리틀 포레스트,군위군,2018-02-28,206,개봉후,토,1,49637.0,41388.0,8250.0,0.8338134859076898,0.6653358384217942,32355.0,26612.321428571428,1.8651886545571668,,,,,,,,군위군 관광데이터(1).zip/군위군 관광데이터/20260920215614_군위군_20180901-20180930_데이터랩_다운로드.zip,,,,,,,,25083.75,1.6499925250411123,,TRAIN,군위군,시군구,경상북도,리틀포레스트,,,,,,,,,,5.332718793265369,0.6233622032384651
2018-09-23,리틀 포레스트,군위군,2018-02-28,207,개봉후,일,1,57701.0,50407.0,7294.0,0.8735897124833192,0.16245945564800457,34564.0,27263.714285714286,2.116402754053006,,,,,,,,군위군 관광데이터(1).zip/군위군 관광데이터/20260920215614_군위군_20180901-20180930_데이터랩_다운로드.zip,,,,,,,,30404.5,1.6578795901922412,,TRAIN,군위군,시군구,경상북도,리틀포레스트,,,,,,,,,,5.337538079701318,0.7497178333383396
2018-09-24,리틀 포레스트,군위군,2018-02-28,208,개봉후,월,0,104853.0,98368.0,6486.0,0.9381515073483829,0.8171782118160864,45723.0,28319.464285714286,3.702506479011785,,,,,,,,군위군 관광데이터(1).zip/군위군 관광데이터/20260920215614_군위군_20180901-20180930_데이터랩_다운로드.zip,,,,,,,,13223.0,7.439159041064811,,TRAIN,군위군,시군구,경상북도,리틀포레스트,,,,,,,,,,5.342334251964811,1.3090100170601857
2018-09-25,리틀 포레스트,군위군,2018-02-28,209,개봉후,화,0,61912.0,55514.0,6398.0,0.8966597751647499,-0.40953525411766944,50517.0,31271.464285714286,1.979824143645336,,,,,,,,군위군 관광데이터(1).zip/군위군 관광데이터/20260920215614_군위군_20180901-20180930_데이터랩_다운로드.zip,,,,,,,,13394.0,4.1446916529789455,,TRAIN,군위군,시군구,경상북도,리틀포레스트,,,,,,,,,,5.3471075307174685,0.6830080244212998
2018-09-26,리틀 포레스트,군위군,2018-02-28,210,개봉후,수,0,34296.0,27128.0,7168.0,0.7909960345229764,-0.4460524615583409,52028.42857142857,32756.85714285714,1.046986890422071,,,,,,,,군위군 관광데이터(1).zip/군위군 관광데이터/20260920215614_군위군_20180901-20180930_데이터랩_다운로드.zip,,,,,,,,13198.5,2.055385081638065,,TRAIN,군위군,시군구,경상북도,리틀포레스트,,,,,,,,,,5.351858133476067,0.0459164107231631
2018-09-27,리틀 포레스트,군위군,2018-02-28,211,개봉후,목,0,25480.0,16306.0,9174.0,0.6399529042386185,-0.25705621646839283,51955.0,33213.857142857145,0.767149683651832,,,,,,,,군위군 관광데이터(1).zip/군위군 관광데이터/20260920215614_군위군_20180901-20180930_데이터랩_다운로드.zip,,,,,,,,13660.5,1.1936605541524834,,TRAIN,군위군,시군구,경상북도,리틀포레스트,,,,,,,,,,5.356586274672012,-0.2650733419590814
2018-09-28,리틀 포레스트,군위군,2018-02-28,212,개봉후,금,0,24006.0,14564.0,9443.0,0.606681662917604,-0.05784929356357926,51126.42857142857,33375.357142857145,0.7192732019989084,,,,,,,,군위군 관광데이터(1).zip/군위군 관광데이터/20260920215614_군위군_20180901-20180930_데이터랩_다운로드.zip,,,,,,,,16280.5,0.8945671201744418,,TRAIN,군위군,시군구,경상북도,리틀포레스트,,,,,,,,,,5.3612921657094255,-0.3295140184695837
2018-09-29,리틀 포레스트,군위군,2018-02-28,213,개봉후,토,1,29676.0,21903.0,7774.0,0.738071168621108,0.23619095226193454,48274.857142857145,33490.357142857145,0.8861058087082635,,,,,,,,군위군 관광데이터(1).zip/군위군 관광데이터/20260920215614_군위군_20180901-20180930_데이터랩_다운로드.zip,,,,,,,,29489.5,0.7427389409789925,,TRAIN,군위군,시군구,경상북도,리틀포레스트,,,,,,,,,,5.365976015021851,-0.12091891258611485
2018-09-30,리틀 포레스트,군위군,2018-02-28,214,개봉후,일,1,33775.0,26246.0,7528.0,0.7770836417468542,0.1381250842431594,44856.857142857145,33480.96428571428,1.008782175799255,,,,,,,,군위군 관광데이터(1).zip/군위군 관광데이터/20260920215614_군위군_20180901-20180930_데이터랩_다운로드.zip,,,,,,,,37576.75,0.698463810734031,,TRAIN,군위군,시군구,경상북도,리틀포레스트,,,,,,,,,,5.3706380281276624,0.008743836796435332
2018-10-01,리틀 포레스트,군위군,2018-02-28,215,개봉후,월,0,23964.0,14896.0,9068.0,0.6215990652645635,-0.2904811250925241,33301.28571428572,33397.21428571428,0.7175448764973983,,,,,,,,군위군 관광데이터(1).zip/군위군 관광데이터/20260920215635_군위군_20181001-20181031_데이터랩_다운로드.zip,,,,,,,,34422.5,0.4327402135231317,,TRAIN,군위군,시군구,경상북도,리틀포레스트,,,,,,,,,,5.375278407684165,-0.3319197876632847
2018-10-02,리틀 포레스트,군위군,2018-02-28,216,개봉후,화,0,22516.0,13090.0,9426.0,0.5813643631195594,-0.060423969287264234,27673.285714285714,33546.71428571428,0.6711834669778177,,,,,,,,군위군 관광데이터(1).zip/군위군 관광데이터/20260920215635_군위군_20181001-20181031_데이터랩_다운로드.zip,,,,,,,,24372.0,0.5370917446249794,,TRAIN,군위군,시군구,경상북도,리틀포레스트,,,,,,,,,,5.37989735354046,-0.39871275616794666
2018-10-03,리틀 포레스트,군위군,2018-02-28,217,개봉후,수,0,28413.0,20254.0,8158.0,0.7128427128427128,0.26190264700657306,26832.85714285714,33657.0,0.8441928870665835,,,,,,,,군위군 관광데이터(1).zip/군위군 관광데이터/20260920215635_군위군_20181001-20181031_데이터랩_다운로드.zip,,,,,,,,16764.0,1.2081842042471964,,TRAIN,군위군,시군구,경상북도,리틀포레스트,,,,,,,,,,5.384495062789089,-0.16937427131886335
2018-10-04,리틀 포레스트,군위군,2018-02-28,218,개봉후,목,0,21346.0,12103.0,9244.0,0.5669914738124239,-0.24872417555344384,26242.285714285714,33911.5,0.6294619819235363,,,,,,,,군위군 관광데이터(1).zip/군위군 관광데이터/20260920215635_군위군_20181001-20181031_데이터랩_다운로드.zip,,,,,,,,14679.0,0.8245112064854554,,TRAIN,군위군,시군구,경상북도,리틀포레스트,,,,,,,,,,5.389071729816501,-0.4628898214064618
2018-10-05,리틀 포레스트,군위군,2018-02-28,219,개봉후,금,0,25032.0,16460.0,8572.0,0.6575583253435603,0.1726787220088073,26388.85714285714,33908.357142857145,0.7382250898956642,,,,,,,,군위군 관광데이터(1).zip/군위군 관광데이터/20260920215635_군위군_20181001-20181031_데이터랩_다운로드.zip,,,,,,,,16825.75,0.9782624845846396,,TRAIN,군위군,시군구,경상북도,리틀포레스트,,,,,,,,,,5.393627546352362,-0.30350650102604254
2018-10-06,리틀 포레스트,군위군,2018-02-28,220,개봉후,토,1,27720.0,20814.0,6906.0,0.7508658008658009,0.10738255033557054,26109.428571428572,34010.607142857145,0.815039845762404,,,,,,,,군위군 관광데이터(1).zip/군위군 관광데이터/20260920215635_군위군_20181001-20181031_데이터랩_다운로드.zip,,,,,,,,29385.25,0.7083145455628249,,TRAIN,군위군,시군구,경상북도,리틀포레스트,,,,,,,,,,5.3981627015177525,-0.20451827643035905
2018-10-07,리틀 포레스트,군위군,2018-02-28,221,개봉후,일,1,34366.0,26656.0,7710.0,0.7756503520921841,0.23975468975468983,26193.85714285714,33711.25,1.0194222996774074,,,,,,,,군위군 관광데이터(1).zip/군위군 관광데이터/20260920215635_군위군_20181001-20181031_데이터랩_다운로드.zip,,,,,,,,37015.75,0.7201258923566319,,TRAIN,군위군,시군구,경상북도,리틀포레스트,,,,,,,,,,5.402677381872279,0.019236093981195804
2018-10-08,리틀 포레스트,군위군,2018-02-28,222,개봉후,월,0,23856.0,14962.0,8894.0,0.6271797451374916,-0.30582552522842343,26178.428571428572,33355.75,0.7151990286532307,,,,,,,,군위군 관광데이터(1).zip/군위군 관광데이터/20260920215635_군위군_20181001-20181031_데이터랩_다운로드.zip,,,,,,,,35610.0,0.4201628755967425,,TRAIN,군위군,시군구,경상북도,리틀포레스트,,,,,,,,,,5.407171771460119,-0.33519441327080374
2018-10-09,리틀 포레스트,군위군,2018-02-28,223,개봉후,화,0,29782.0,21889.0,7892.0,0.7349741454569875,0.24840710932260235,27216.428571428572,33447.892857142855,0.8903998863904518,,,,,,,,군위군 관광데이터(1).zip/군위군 관광데이터/20260920215635_군위군_20181001-20181031_데이터랩_다운로드.zip,,,,,,,,25066.0,0.8732546078353147,,TRAIN,군위군,시군구,경상북도,리틀포레스트,,,,,,,,,,5.4116460518550396,-0.11608460661464237
2018-10-10,리틀 포레스트,군위군,2018-02-28,224,개봉후,수,0,26768.0,17322.0,9446.0,0.6471159593544531,-0.10120206836344103,26981.428571428572,33708.17857142857,0.7941099500015363,,,,,,,,군위군 관광데이터(1).zip/군위군 관광데이터/20260920215635_군위군_20181001-20181031_데이터랩_다운로드.zip,,,,,,,,18822.0,0.9203060248645203,,TRAIN,군위군,시군구,경상북도,리틀포레스트,,,,,,,,,,5.41610040220442,-0.23053335124946378
2018-10-11,리틀 포레스트,군위군,2018-02-28,225,개봉후,목,0,22852.0,13024.0,9828.0,0.5699282338526168,-0.14629408248655107,27196.571428571428,33839.82142857143,0.6752990717825048,,,,,,,,군위군 관광데이터(1).zip/군위군 관광데이터/20260920215635_군위군_20181001-20181031_데이터랩_다운로드.zip,,,,,,,,14645.75,0.8892682177423484,,TRAIN,군위군,시군구,경상북도,리틀포레스트,,,,,,,,,,5.420534999272286,-0.3925996169284149
2018-10-12,리틀 포레스트,군위군,2018-02-28,226,개봉후,금,0,26831.0,16160.0,10672.0,0.6022883977488726,0.17412042709609654,27453.571428571428,33824.96428571428,0.7932306971076942,,,,,,,,군위군 관광데이터(1).zip/군위군 관광데이터/20260920215635_군위군_20181001-20181031_데이터랩_다운로드.zip,,,,,,,,17684.75,0.9137816480300824,,TRAIN,군위군,시군구,경상북도,리틀포레스트,,,,,,,,,,5.424950017481403,-0.23164118274784845
2018-10-13,리틀 포레스트,군위군,2018-02-28,227,개봉후,토,1,35052.0,26338.0,8715.0,0.7513979230857012,0.3063993142260817,28501.0,33785.71428571428,1.037479915433404,,,,,,,,군위군 관광데이터(1).zip/군위군 관광데이터/20260920215635_군위군_20181001-20181031_데이터랩_다운로드.zip,,,,,,,,27661.25,0.9521623209363279,,TRAIN,군위군,시군구,경상북도,리틀포레스트,,,,,,,,,,5.429345628954441,0.03679461431693007
2018-10-14,리틀 포레스트,군위군,2018-02-28,228,개봉후,일,1,37866.0,30310.0,7556.0,0.8004542333491786,0.08028072577884293,29001.0,33810.07142857143,1.119962141458272,,,,,,,,군위군 관광데이터(1).zip/군위군 관광데이터/20260920215635_군위군_20181001-20181031_데이터랩_다운로드.zip,,,,,,,,34506.25,0.878391595725412,,TRAIN,군위군,시군구,경상북도,리틀포레스트,,,,,,,,,,5.43372200355424,0.11329488246629368
2018-10-15,리틀 포레스트,군위군,2018-02-28,229,개봉후,월,0,21259.0,12302.0,8956.0,0.5786725622089468,-0.4385728621982782,28630.0,33653.92857142857,0.6316944529931763,,,,,,,,군위군 관광데이터(1).zip/군위군 관광데이터/20260920215635_군위군_20181001-20181031_데이터랩_다운로드.zip,,,,,,,,36362.5,0.3383155723616363,,TRAIN,군위군,시군구,경상북도,리틀포레스트,,,,,,,,,,5.438079308923196,-0.4593494621938006
2018-10-16,리틀 포레스트,군위군,2018-02-28,230,개봉후,화,0,21606.0,12726.0,8880.0,0.5890030547070259,0.016322498706430322,27462.0,33458.17857142857,0.6457613929543171,,,,,,,,군위군 관광데이터(1).zip/군위군 관광데이터/20260920215635_군위군_20181001-20181031_데이터랩_다운로드.zip,,,,,,,,27270.25,0.4666623885002888,,TRAIN,군위군,시군구,경상북도,리틀포레스트,,,,,,,,,,5.442417710521793,-0.4373252041818504
2018-10-17,리틀 포레스트,군위군,2018-02-28,231,개봉후,수,0,22925.0,13668.0,9258.0,0.5962050163576881,0.06104785707673788,26913.0,33217.17857142857,0.6901549434941687,1.0,1.0,293.0,90000.0,10.0,1505732.0,78.0,군위군 관광데이터(1).zip/군위군 관광데이터/20260920215635_군위군_20181001-20181031_데이터랩_다운로드.zip,리틀포레스트 KOBIS(1).zip/리틀포레스트 KOBIS/KOBIS_일자별_통계정보_2026-09-21 (1).xls,,,,,,,19726.0,0.6928926290175403,,TRAIN,군위군,시군구,경상북도,리틀포레스트,,,,,,,,,,5.44673737166631,-0.37083915081105895
2018-10-18,리틀 포레스트,군위군,2018-02-28,232,개봉후,목,0,20822.0,12156.0,8666.0,0.5838055902410911,-0.09173391494002181,26623.0,33188.92857142857,0.6273778906476988,,,,,,,,군위군 관광데이터(1).zip/군위군 관광데이터/20260920215635_군위군_20181001-20181031_데이터랩_다운로드.zip,,,,,,,,14496.25,0.838561696990601,,TRAIN,군위군,시군구,경상북도,리틀포레스트,,,,,,,,,,5.4510384535657,-0.46620622348994123
2018-10-19,리틀 포레스트,군위군,2018-02-28,233,개봉후,금,0,24871.0,15712.0,9160.0,0.6317397772506131,0.19445778503505906,26343.0,33004.21428571428,0.753570431481694,,,,,,,,군위군 관광데이터(1).zip/군위군 관광데이터/20260920215635_군위군_20181001-20181031_데이터랩_다운로드.zip,,,,,,,,16970.75,0.9258282633354448,,TRAIN,군위군,시군구,경상북도,리틀포레스트,,,,,,,,,,5.455321115357702,-0.2829327928463129
2018-10-20,리틀 포레스트,군위군,2018-02-28,234,개봉후,토,1,34856.0,26908.0,7948.0,0.77197613036493,0.40147159342205785,26315.0,32827.96428571428,1.061777687359318,,,,,,,,군위군 관광데이터(1).zip/군위군 관광데이터/20260920215635_군위군_20181001-20181031_데이터랩_다운로드.zip,,,,,,,,27610.75,0.974547956864627,,TRAIN,군위군,시군구,경상북도,리틀포레스트,,,,,,,,,,5.459585514144159,0.05994456696972843
2018-10-21,리틀 포레스트,군위군,2018-02-28,235,개봉후,일,1,41636.0,34346.0,7290.0,0.8249111345950619,0.19451457424833607,26853.571428571428,32300.071428571428,1.2890373970866937,,,,,,,,군위군 관광데이터(1).zip/군위군 관광데이터/20260920215635_군위군_20181001-20181031_데이터랩_다운로드.zip,,,,,,,,33404.75,1.0281771304979082,,TRAIN,군위군,시군구,경상북도,리틀포레스트,,,,,,,,,,5.4638318050256105,0.2538957360161761
2018-10-22,리틀 포레스트,군위군,2018-02-28,236,개봉후,월,0,26898.0,17850.0,9048.0,0.6636181128708454,-0.3539725237775002,27659.14285714286,31726.321428571428,0.8478133861361173,,,,,,,,군위군 관광데이터(1).zip/군위군 관광데이터/20260920215635_군위군_20181001-20181031_데이터랩_다운로드.zip,,,,,,,,35132.0,0.5080837982466128,,TRAIN,군위군,시군구,경상북도,리틀포레스트,,,,,,,,,,5.4680601411351315,-0.16509473092649266
2018-10-23,리틀 포레스트,군위군,2018-02-28,237,개봉후,화,0,23314.0,14158.0,9156.0,0.6072745989534185,-0.1332441073685776,27903.14285714286,28942.214285714286,0.805536154554272,,,,,,,,군위군 관광데이터(1).zip/군위군 관광데이터/20260920215635_군위군_20181001-20181031_데이터랩_다운로드.zip,,,,,,,,25804.75,0.5486586771815266,,TRAIN,군위군,시군구,경상북도,리틀포레스트,,,,,,,,,,5.472270673671475,-0.21624719276125362
2018-10-24,리틀 포레스트,군위군,2018-02-28,238,개봉후,수,0,23569.0,14567.0,9002.0,0.618057618057618,0.010937634039632771,27995.14285714286,27563.714285714286,0.8550734402371648,1.0,1.0,106.0,700000.0,100.0,1505832.0,48.0,군위군 관광데이터(1).zip/군위군 관광데이터/20260920215635_군위군_20181001-20181031_데이터랩_다운로드.zip,리틀포레스트 KOBIS(1).zip/리틀포레스트 KOBIS/KOBIS_일자별_통계정보_2026-09-21 (1).xls,,,,,,,19593.0,0.743479814219364,,TRAIN,군위군,시군구,경상북도,리틀포레스트,,,,,,,,,,5.476463551931511,-0.1565679187199145
2018-10-25,리틀 포레스트,군위군,2018-02-28,239,개봉후,목,0,31364.0,22106.0,9258.0,0.7048208136717256,0.3307310450167593,29501.14285714286,27180.60714285714,1.15391094228159,,,,,,,,군위군 관광데이터(1).zip/군위군 관광데이터/20260920215635_군위군_20181001-20181031_데이터랩_다운로드.zip,,,,,,,,13397.25,1.6500401201739163,,TRAIN,군위군,시군구,경상북도,리틀포레스트,,,,,,,,,,5.480638923341991,0.14315699204170043
2018-10-26,리틀 포레스트,군위군,2018-02-28,240,개봉후,금,0,24042.0,14956.0,9086.0,0.6220780301139672,-0.2334523657696722,29382.714285714286,27390.75,0.8777415733413653,,,,,,,,군위군 관광데이터(1).zip/군위군 관광데이터/20260920215635_군위군_20181001-20181031_데이터랩_다운로드.zip,,,,,,,,15724.0,0.951157466293564,,TRAIN,군위군,시군구,경상북도,리틀포레스트,,,,,,,,,,5.484796933490655,-0.13040306427433504
2018-10-27,리틀 포레스트,군위군,2018-02-28,241,개봉후,토,1,33226.0,25456.0,7770.0,0.7661469933184856,0.3819981698693953,29149.85714285714,27392.035714285714,1.2129803110132378,,,,,,,,군위군 관광데이터(1).zip/군위군 관광데이터/20260920215635_군위군_20181001-20181031_데이터랩_다운로드.zip,,,,,,,,23990.75,1.0610756228963247,,TRAIN,군위군,시군구,경상북도,리틀포레스트,,,,,,,,,,5.488937726156687,0.1930803981840431
2018-10-28,리틀 포레스트,군위군,2018-02-28,242,개봉후,일,1,41822.0,34360.0,7462.0,0.8215771603462293,0.25871305604045025,29176.428571428572,27518.821428571428,1.519759852672262,,,,,,,,군위군 관광데이터(1).zip/군위군 관광데이터/20260920215635_군위군_20181001-20181031_데이터랩_다운로드.zip,,,,,,,,29389.5,1.169125027645928,,TRAIN,군위군,시군구,경상북도,리틀포레스트,,,,,,,,,,5.493061443340548,0.41855233071320197
2018-10-29,리틀 포레스트,군위군,2018-02-28,243,개봉후,월,0,21494.0,12614.0,8880.0,0.5868614497068949,-0.4860599684376644,28404.428571428572,27806.214285714286,0.7729926763544634,1.0,1.0,92.0,140000.0,20.0,1505852.0,66.0,군위군 관광데이터(1).zip/군위군 관광데이터/20260920215635_군위군_20181001-20181031_데이터랩_다운로드.zip,리틀포레스트 KOBIS(1).zip/리틀포레스트 KOBIS/KOBIS_일자별_통계정보_2026-09-21 (1).xls,,,,,,,15002.5,0.8407932011331445,,TRAIN,군위군,시군구,경상북도,리틀포레스트,,,,,,,,,,5.497168225293202,-0.25748570475465044
2018-10-30,리틀 포레스트,군위군,2018-02-28,244,개봉후,화,0,23079.0,14063.0,9016.0,0.6093418259023354,0.07374150925839773,28370.85714285714,27718.0,0.8326358323111336,,,,,,,,군위군 관광데이터(1).zip/군위군 관광데이터/20260920215635_군위군_20181001-20181031_데이터랩_다운로드.zip,,,,,,,,15465.75,0.9092995813329454,,TRAIN,군위군,시군구,경상북도,리틀포레스트,,,,,,,,,,5.501258210544727,-0.1831589085017034
2018-10-31,리틀 포레스트,군위군,2018-02-28,245,개봉후,수,0,21892.0,13027.0,8866.0,0.595057555271332,-0.051432037783266216,28131.285714285714,27738.10714285714,0.7892391462492935,,,,,,,,군위군 관광데이터(1).zip/군위군 관광데이터/20260920215635_군위군_20181001-20181031_데이터랩_다운로드.zip,,,,,,,,16452.75,0.7917825287565908,,TRAIN,군위군,시군구,경상북도,리틀포레스트,,,,,,,,,,5.5053315359323625,-0.23668590361921815
2018-11-01,리틀 포레스트,군위군,2018-02-28,246,개봉후,목,0,20783.0,12092.0,8690.0,0.581821681181735,-0.05065777452950848,26619.714285714286,27505.214285714286,0.755602184520857,,,,,,,,군위군 관광데이터(1).zip/군위군 관광데이터/20260920215658_군위군_20181101-20181130_데이터랩_다운로드.zip,,,,,,,,14847.25,0.814426914074997,,TRAIN,군위군,시군구,경상북도,리틀포레스트,,,,,,,,,,5.5093883366279774,-0.2802402522514221
2018-11-02,리틀 포레스트,군위군,2018-02-28,247,개봉후,금,0,31776.0,23152.0,8624.0,0.728600201409869,0.5289419236876294,27724.571428571428,27485.10714285714,1.1561170140192807,,,,,,,,군위군 관광데이터(1).zip/군위군 관광데이터/20260920215658_군위군_20181101-20181130_데이터랩_다운로드.zip,,,,,,,,15822.0,1.4632789786373404,,TRAIN,군위군,시군구,경상북도,리틀포레스트,,,,,,,,,,5.5134287461649825,0.1450669883275331
2018-11-03,리틀 포레스트,군위군,2018-02-28,248,개봉후,토,1,35038.0,27104.0,7934.0,0.7735601347108854,0.10265609264853981,27983.428571428572,27725.964285714286,1.263725208578344,,,,,,,,군위군 관광데이터(1).zip/군위군 관광데이터/20260920215658_군위군_20181101-20181130_데이터랩_다운로드.zip,,,,,,,,24879.0,1.0894328550182886,,TRAIN,군위군,시군구,경상북도,리틀포레스트,,,,,,,,,,5.517452896464707,0.23406387381360824
2018-11-04,리틀 포레스트,군위군,2018-02-28,249,개봉후,일,1,39322.0,32088.0,7234.0,0.8160317379583948,0.12226725269707184,27626.285714285714,27987.321428571428,1.4049933324400719,,,,,,,,군위군 관광데이터(1).zip/군위군 관광데이터/20260920215658_군위군_20181101-20181130_데이터랩_다운로드.zip,,,,,,,,31418.0,1.0213253548921,,TRAIN,군위군,시군구,경상북도,리틀포레스트,,,,,,,,,,5.521460917862246,0.3400325571801938
2018-11-05,리틀 포레스트,군위군,2018-02-28,250,개봉후,월,0,20240.0,11386.0,8855.0,0.5625494071146245,-0.48527541834087784,27447.14285714286,28164.321428571428,0.7186397176772538,,,,,,,,군위군 관광데이터(1).zip/군위군 관광데이터/20260920215658_군위군_20181101-20181130_데이터랩_다운로드.zip,,,,,,,,14432.0,0.7889412416851441,,TRAIN,군위군,시군구,경상북도,리틀포레스트,,,,,,,,,,5.5254529391317835,-0.33039513491825157
2018-11-06,리틀 포레스트,군위군,2018-02-28,251,개봉후,화,0,21077.0,12285.0,8792.0,0.582862836267021,0.041353754940711474,27161.14285714286,28035.178571428572,0.751805448511755,,,,,,,,군위군 관광데이터(1).zip/군위군 관광데이터/20260920215658_군위군_20181101-20181130_데이터랩_다운로드.zip,,,,,,,,15709.0,0.782035775669998,,TRAIN,군위군,시군구,경상북도,리틀포레스트,,,,,,,,,,5.529429087511423,-0.2852777005894741
2018-11-07,리틀 포레스트,군위군,2018-02-28,252,개봉후,수,0,20664.0,11837.0,8827.0,0.5728319783197832,-0.019594818997010988,26985.714285714286,27724.285714285714,0.745339310558046,,,,,,,,군위군 관광데이터(1).zip/군위군 관광데이터/20260920215658_군위군_20181101-20181130_데이터랩_다운로드.zip,,,,,,,,14646.0,0.8082070189812918,,TRAIN,군위군,시군구,경상북도,리틀포레스트,,,,,,,,,,5.53338948872752,-0.29391571387515114
2018-11-08,리틀 포레스트,군위군,2018-02-28,253,개봉후,목,0,18599.0,10234.0,8365.0,0.5502446368084306,-0.09993224932249323,26673.714285714286,27506.285714285714,0.6761727189629384,,,,,,,,군위군 관광데이터(1).zip/군위군 관광데이터/20260920215658_군위군_20181101-20181130_데이터랩_다운로드.zip,,,,,,,,14844.5,0.6894135875239988,,TRAIN,군위군,시군구,경상북도,리틀포레스트,,,,,,,,,,5.537334267018537,-0.39130673414963807
2018-11-09,리틀 포레스트,군위군,2018-02-28,254,개봉후,금,0,21928.0,13184.0,8743.0,0.6012404232032105,0.1789881176407333,25266.85714285714,27354.39285714286,0.8016262731371169,,,,,,,,군위군 관광데이터(1).zip/군위군 관광데이터/20260920215658_군위군_20181101-20181130_데이터랩_다운로드.zip,,,,,,,,17495.0,0.7535867390683052,,TRAIN,군위군,시군구,경상북도,리틀포레스트,,,,,,,,,,5.541263545158426,-0.221112773318997
2018-11-10,리틀 포레스트,군위군,2018-02-28,255,개봉후,토,1,33428.0,25924.0,7504.0,0.7755175302141917,0.5244436337103247,25036.85714285714,27179.285714285714,1.229907229770571,,,,,,,,군위군 관광데이터(1).zip/군위군 관광데이터/20260920215658_군위군_20181101-20181130_데이터랩_다운로드.zip,,,,,,,,26451.5,0.9800578417103,,TRAIN,군위군,시군구,경상북도,리틀포레스트,,,,,,,,,,5.545177444479562,0.20693874358911715
2018-11-11,리틀 포레스트,군위군,2018-02-28,256,개봉후,일,1,36592.0,29326.0,7266.0,0.8014320069960648,0.09465119061864313,24646.85714285714,27121.285714285714,1.3491985736032321,,,,,,,,군위군 관광데이터(1).zip/군위군 관광데이터/20260920215658_군위군_20181101-20181130_데이터랩_다운로드.zip,,,,,,,,32776.0,0.8947400536978277,,TRAIN,군위군,시군구,경상북도,리틀포레스트,,,,,,,,,,5.54907608489522,0.2995107669881021
2018-11-12,리틀 포레스트,군위군,2018-02-28,257,개봉후,월,0,19450.0,10745.0,8704.0,0.5524421593830334,-0.46846305203323135,24534.0,27075.785714285714,0.7183540380044373,,,,,,,,군위군 관광데이터(1).zip/군위군 관광데이터/20260920215658_군위군_20181101-20181130_데이터랩_다운로드.zip,,,,,,,,13538.0,0.7936918304033092,,TRAIN,군위군,시군구,경상북도,리틀포레스트,,,,,,,,,,5.552959584921617,-0.33079274231974587
2018-11-13,리틀 포레스트,군위군,2018-02-28,258,개봉후,화,0,20786.0,11680.0,9107.0,0.561916674684884,0.06868894601542408,24492.428571428572,27011.178571428572,0.7695332488004305,,,,,,,,군위군 관광데이터(1).zip/군위군 관광데이터/20260920215658_군위군_20181101-20181130_데이터랩_다운로드.zip,,,,,,,,13308.0,0.8776675683799219,,TRAIN,군위군,시군구,경상북도,리틀포레스트,,,,,,,,,,5.556828061699537,-0.2619711183190071
2018-11-14,리틀 포레스트,군위군,2018-02-28,259,개봉후,수,0,20562.0,11529.0,9034.0,0.5606944849722789,-0.010776484172038914,24477.85714285714,26981.89285714286,0.7620666240454907,1.0,1.0,85.0,0.0,0.0,1505852.0,123.0,군위군 관광데이터(1).zip/군위군 관광데이터/20260920215658_군위군_20181101-20181130_데이터랩_다운로드.zip,리틀포레스트 KOBIS(1).zip/리틀포레스트 KOBIS/KOBIS_일자별_통계정보_2026-09-21 (1).xls,,,,,,,13274.75,0.8684909320326183,,TRAIN,군위군,시군구,경상북도,리틀포레스트,,,,,,,,,,5.560681631015528,-0.27172129398697886
2018-11-15,리틀 포레스트,군위군,2018-02-28,260,개봉후,목,0,20444.0,11669.0,8774.0,0.5707787125807082,-0.005738741367571243,24741.428571428572,26897.5,0.7600706385351799,,,,,,,,군위군 관광데이터(1).zip/군위군 관광데이터/20260920215658_군위군_20181101-20181130_데이터랩_다운로드.zip,,,,,,,,14147.0,0.8248391885205344,,TRAIN,군위군,시군구,경상북도,리틀포레스트,,,,,,,,,,5.564520407322694,-0.27434390457989405
2018-11-16,리틀 포레스트,군위군,2018-02-28,261,개봉후,금,0,28004.0,19288.0,8715.0,0.6887587487501785,0.36979064762277436,25609.428571428572,26884.0,1.0416604671923821,,,,,,,,군위군 관광데이터(1).zip/군위군 관광데이터/20260920215658_군위군_20181101-20181130_데이터랩_다운로드.zip,,,,,,,,16751.0,1.1514536445585337,,TRAIN,군위군,시군구,경상북도,리틀포레스트,,,,,,,,,,5.568344503761097,0.04081604300723177
2018-11-17,리틀 포레스트,군위군,2018-02-28,262,개봉후,토,1,31129.0,23667.0,7462.0,0.7602878344951652,0.11159120125696331,25281.0,26995.89285714286,1.153101331551757,,,,,,,,군위군 관광데이터(1).zip/군위군 관광데이터/20260920215658_군위군_20181101-20181130_데이터랩_다운로드.zip,,,,,,,,26348.0,0.8982465462274176,,TRAIN,군위군,시군구,경상북도,리틀포레스트,,,,,,,,,,5.572154032177765,0.14245512255253326
2018-11-18,리틀 포레스트,군위군,2018-02-28,263,개봉후,일,1,34475.0,27136.0,7340.0,0.7871211022480058,0.10748819428828416,24978.571428571428,26862.785714285714,1.2833739719580195,,,,,,,,군위군 관광데이터(1).zip/군위군 관광데이터/20260920215658_군위군_20181101-20181130_데이터랩_다운로드.zip,,,,,,,,32530.0,0.8341838303104826,,TRAIN,군위군,시군구,경상북도,리틀포레스트,,,,,,,,,,5.575949103146316,0.2494925255910058
2018-11-19,리틀 포레스트,군위군,2018-02-28,264,개봉후,월,0,23429.0,14616.0,8813.0,0.6238422467881685,-0.3204060913705584,25547.0,26607.035714285714,0.8805565659995946,,,,,,,,군위군 관광데이터(1).zip/군위군 관광데이터/20260920215658_군위군_20181101-20181130_데이터랩_다운로드.zip,,,,,,,,13148.75,1.1115885540450614,,TRAIN,군위군,시군구,경상북도,리틀포레스트,,,,,,,,,,5.579729825986222,-0.12720111006610738
2018-11-20,리틀 포레스트,군위군,2018-02-28,265,개봉후,화,0,20150.0,11372.0,8778.0,0.5643672456575682,-0.13995475692517823,25456.14285714286,26483.14285714286,0.7608613565502583,,,,,,,,군위군 관광데이터(1).zip/군위군 관광데이터/20260920215658_군위군_20181101-20181130_데이터랩_다운로드.zip,,,,,,,,13046.5,0.8716514007588242,,TRAIN,군위군,시군구,경상북도,리틀포레스트,,,,,,,,,,5.583496308781699,-0.27330412359182416
2018-11-21,리틀 포레스트,군위군,2018-02-28,266,개봉후,수,0,20125.0,11476.0,8648.0,0.5702360248447205,-0.001240694789081842,25393.714285714286,26370.14285714286,0.7631737191954103,,,,,,,,군위군 관광데이터(1).zip/군위군 관광데이터/20260920215658_군위군_20181101-20181130_데이터랩_다운로드.zip,,,,,,,,12740.0,0.9007849293563579,,TRAIN,군위군,시군구,경상북도,리틀포레스트,,,,,,,,,,5.58724865840025,-0.27026959445745496
2018-11-22,리틀 포레스트,군위군,2018-02-28,267,개봉후,목,0,20150.0,11305.0,8844.0,0.5610421836228288,0.001242236024844745,25351.714285714286,26247.14285714286,0.7677026070864855,,,,,,,,군위군 관광데이터(1).zip/군위군 관광데이터/20260920215658_군위군_20181101-20181130_데이터랩_다운로드.zip,,,,,,,,14025.25,0.8060462380349727,,TRAIN,군위군,시군구,경상북도,리틀포레스트,,,,,,,,,,5.5909869805108565,-0.2643528511836382
2018-11-23,리틀 포레스트,군위군,2018-02-28,268,개봉후,금,0,22572.0,13738.0,8834.0,0.6086301612617402,0.12019851116625313,24575.714285714286,25846.64285714286,0.8733049055832064,,,,,,,,군위군 관광데이터(1).zip/군위군 관광데이터/20260920215658_군위군_20181101-20181130_데이터랩_다운로드.zip,,,,,,,,17645.0,0.778577500708416,,TRAIN,군위군,시군구,경상북도,리틀포레스트,,,,,,,,,,5.594711379601839,-0.1354705222838189
2018-11-24,리틀 포레스트,군위군,2018-02-28,269,개봉후,토,1,38500.0,31454.0,7046.0,0.816987012987013,0.7056530214424952,25628.714285714286,25794.14285714286,1.4925869106497045,,,,,,,,군위군 관광데이터(1).zip/군위군 관광데이터/20260920215658_군위군_20181101-20181130_데이터랩_다운로드.zip,,,,,,,,25537.75,1.2316668461395386,,TRAIN,군위군,시군구,경상북도,리틀포레스트,,,,,,,,,,5.598421958998375,0.4005107961803186
2018-11-25,리틀 포레스트,군위군,2018-02-28,270,개봉후,일,1,32263.0,25532.0,6730.0,0.7913709202492019,-0.16200000000000003,25312.714285714286,25982.5,1.2417203887231791,,,,,,,,군위군 관광데이터(1).zip/군위군 관광데이터/20260920215658_군위군_20181101-20181130_데이터랩_다운로드.zip,,,,,,,,30727.5,0.8309169310877879,,TRAIN,군위군,시군구,경상북도,리틀포레스트,,,,,,,,,,5.602118820879701,0.2164978283132449
2018-11-26,리틀 포레스트,군위군,2018-02-28,271,개봉후,월,0,18991.0,10490.0,8502.0,0.552366910641883,-0.41136906053373834,24678.714285714286,25641.10714285714,0.740646645801733,,,,,,,,군위군 관광데이터(1).zip/군위군 관광데이터/20260920215658_군위군_20181101-20181130_데이터랩_다운로드.zip,,,,,,,,12340.25,0.8500638155628938,,TRAIN,군위군,시군구,경상북도,리틀포레스트,,,,,,,,,,5.605802066295998,-0.3002316286867595
2018-11-27,리틀 포레스트,군위군,2018-02-28,272,개봉후,화,0,19754.0,11252.0,8502.0,0.5696061557152982,0.040176925912274175,24622.14285714286,25551.714285714286,0.773098813610493,,,,,,,,군위군 관광데이터(1).zip/군위군 관광데이터/20260920215658_군위군_20181101-20181130_데이터랩_다운로드.zip,,,,,,,,12350.0,0.9110931174089069,,TRAIN,군위군,시군구,경상북도,리틀포레스트,,,,,,,,,,5.60947179518496,-0.25734840724426994
2018-11-28,리틀 포레스트,군위군,2018-02-28,273,개봉후,수,0,24143.0,15228.0,8914.0,0.6307418299300004,0.22218284904323182,25196.14285714286,25432.964285714286,0.9492798294676622,,,,,,,,군위군 관광데이터(1).zip/군위군 관광데이터/20260920215658_군위군_20181101-20181130_데이터랩_다운로드.zip,,,,,,,,11967.25,1.2724727903235915,,TRAIN,군위군,시군구,경상북도,리틀포레스트,,,,,,,,,,5.6131281063880705,-0.05205165611569522
2018-11-29,리틀 포레스트,군위군,2018-02-28,274,개봉후,목,0,19414.0,11084.0,8330.0,0.5709281961471103,-0.19587458062378327,25091.0,25513.35714285714,0.7609347484650898,,,,,,,,군위군 관광데이터(1).zip/군위군 관광데이터/20260920215658_군위군_20181101-20181130_데이터랩_다운로드.zip,,,,,,,,11325.0,0.978719646799117,,TRAIN,군위군,시군구,경상북도,리틀포레스트,,,,,,,,,,5.616771097666572,-0.2732076692578349
2018-11-30,리틀 포레스트,군위군,2018-02-28,275,개봉후,금,0,21539.0,12908.0,8631.0,0.5992850178745531,0.1094570928196148,24943.428571428572,25464.464285714286,0.8458454008036409,,,,,,,,군위군 관광데이터(1).zip/군위군 관광데이터/20260920215658_군위군_20181101-20181130_데이터랩_다운로드.zip,,,,,,,,17340.5,0.7443845333179551,,TRAIN,군위군,시군구,경상북도,리틀포레스트,,,,,,,,,,5.62040086571715,-0.16741867744200653
2018-12-01,리틀 포레스트,군위군,2018-02-28,276,개봉후,토,1,37324.0,29732.0,7592.0,0.7965920051441432,0.7328566785830355,24775.428571428572,25098.85714285714,1.487079662136011,,,,,,,,군위군 관광데이터(1).zip/군위군 관광데이터/20260920215722_군위군_20181201-20181231_데이터랩_다운로드.zip,,,,,,,,27037.25,1.0996680505598757,,TRAIN,군위군,시군구,경상북도,리틀포레스트,,,,,,,,,,5.6240175061873385,0.39681423842774355
2018-12-02,리틀 포레스트,군위군,2018-02-28,277,개봉후,일,1,30534.0,23468.0,7066.0,0.7685858387371455,-0.18192048012003004,24528.428571428572,25180.5,1.2126049919580628,,,,,,,,군위군 관광데이터(1).zip/군위군 관광데이터/20260920215722_군위군_20181201-20181231_데이터랩_다운로드.zip,,,,,,,,28520.5,0.8228467242860399,,TRAIN,군위군,시군구,경상북도,리틀포레스트,,,,,,,,,,5.627621113690637,0.19277093138630932
2018-12-03,리틀 포레스트,군위군,2018-02-28,278,개봉후,월,0,17686.0,8792.0,8894.0,0.49711636322514985,-0.4207768389336477,24342.0,24866.64285714286,0.7112339249654586,,,,,,,,군위군 관광데이터(1).zip/군위군 관광데이터/20260920215722_군위군_20181201-20181231_데이터랩_다운로드.zip,,,,,,,,11809.25,0.7445011325867434,,TRAIN,군위군,시군구,경상북도,리틀포레스트,,,,,,,,,,5.631211781821365,-0.3407538949000511
2018-12-04,리틀 포레스트,군위군,2018-02-28,279,개봉후,화,0,16992.0,8351.0,8642.0,0.4914665725047081,-0.039240076896980614,23947.428571428572,24775.428571428572,0.6858408100191433,,,,,,,,군위군 관광데이터(1).zip/군위군 관광데이터/20260920215722_군위군_20181201-20181231_데이터랩_다운로드.zip,,,,,,,,11647.25,0.7169932816759321,,TRAIN,군위군,시군구,경상북도,리틀포레스트,,,,,,,,,,5.634789603169249,-0.37710973355094457
2018-12-05,리틀 포레스트,군위군,2018-02-28,280,개봉후,수,0,22358.0,13559.0,8799.0,0.6064495929868503,0.31579566854990593,23692.428571428572,24629.535714285714,0.9077718824813994,,,,,,,,군위군 관광데이터(1).zip/군위군 관광데이터/20260920215722_군위군_20181201-20181231_데이터랩_다운로드.zip,,,,,,,,12517.5,1.0832035150788895,,TRAIN,군위군,시군구,경상북도,리틀포레스트,,,,,,,,,,5.638354669333745,-0.0967621626919321
2018-12-06,리틀 포레스트,군위군,2018-02-28,281,개봉후,목,0,18802.0,10000.0,8802.0,0.5318583129454313,-0.15904821540388225,23605.0,24690.035714285714,0.7615217822111581,,,,,,,,군위군 관광데이터(1).zip/군위군 관광데이터/20260920215722_군위군_20181201-20181231_데이터랩_다운로드.zip,,,,,,,,11073.0,0.9030976248532466,,TRAIN,군위군,시군구,경상북도,리틀포레스트,,,,,,,,,,5.641907070938114,-0.27243650270781217
2018-12-07,리틀 포레스트,군위군,2018-02-28,282,개봉후,금,0,19292.0,10850.0,8442.0,0.5624092888243831,0.026061057334326065,23284.0,24697.285714285714,0.7811384709713618,1.0,2.0,174.0,870000.0,145.0,1505997.0,44.0,군위군 관광데이터(1).zip/군위군 관광데이터/20260920215722_군위군_20181201-20181231_데이터랩_다운로드.zip,리틀포레스트 KOBIS(1).zip/리틀포레스트 KOBIS/KOBIS_일자별_통계정보_2026-09-21 (1).xls,,,,,,,14779.5,0.7341249703981867,,TRAIN,군위군,시군구,경상북도,리틀포레스트,,,,,,,,,,5.645446897643238,-0.24700284527895547
2018-12-08,리틀 포레스트,군위군,2018-02-28,283,개봉후,토,1,24056.0,16765.0,7290.0,0.696915530428999,0.24694173750777515,21388.571428571428,24603.14285714286,0.9777612616274343,,,,,,,,군위군 관광데이터(1).zip/군위군 관광데이터/20260920215722_군위군_20181201-20181231_데이터랩_다운로드.zip,,,,,,,,27694.25,0.6053603184776624,,TRAIN,군위군,시군구,경상북도,리틀포레스트,,,,,,,,,,5.648974238161206,-0.022489747512118657
2018-12-09,리틀 포레스트,군위군,2018-02-28,284,개봉후,일,1,24255.0,17479.0,6776.0,0.7206349206349206,0.008272364482873273,20491.571428571428,24268.428571428572,0.999446664979191,,,,,,,,군위군 관광데이터(1).zip/군위군 관광데이터/20260920215722_군위군_20181201-20181231_데이터랩_다운로드.zip,,,,,,,,26365.5,0.6629496880392938,,TRAIN,군위군,시군구,경상북도,리틀포레스트,,,,,,,,,,5.652489180268651,-0.0005534881671283899
2018-12-10,리틀 포레스트,군위군,2018-02-28,285,개봉후,월,0,17563.0,8771.0,8792.0,0.49940215225189316,-0.27590187590187587,20474.0,23827.821428571428,0.7370795543624725,,,,,,,,군위군 관광데이터(1).zip/군위군 관광데이터/20260920215722_군위군_20181201-20181231_데이터랩_다운로드.zip,,,,,,,,11160.75,0.7858790851869274,,TRAIN,군위군,시군구,경상북도,리틀포레스트,,,,,,,,,,5.655991810819852,-0.305059449114248
2018-12-11,리틀 포레스트,군위군,2018-02-28,286,개봉후,화,0,15057.0,7441.0,7616.0,0.4941887494188749,-0.1426863292148266,20197.571428571428,23760.428571428572,0.63370069082448,,,,,,,,군위군 관광데이터(1).zip/군위군 관광데이터/20260920215722_군위군_20181201-20181231_데이터랩_다운로드.zip,,,,,,,,10663.75,0.6977845504630172,,TRAIN,군위군,시군구,경상북도,리틀포레스트,,,,,,,,,,5.659482215759621,-0.45617853250890145
2018-12-12,리틀 포레스트,군위군,2018-02-28,287,개봉후,수,0,19982.0,11802.0,8180.0,0.5906315684115704,0.3270903898518962,19858.14285714286,23555.821428571428,0.8482828782087534,,,,,,,,군위군 관광데이터(1).zip/군위군 관광데이터/20260920215722_군위군_20181201-20181231_데이터랩_다운로드.zip,,,,,,,,12948.0,0.9114921223354958,,TRAIN,군위군,시군구,경상북도,리틀포레스트,,,,,,,,,,5.662960480135946,-0.16454111602326243
2018-12-13,리틀 포레스트,군위군,2018-02-28,288,개봉후,목,0,22446.0,13629.0,8816.0,0.607190590751136,0.12331097988189366,20378.714285714286,23535.10714285714,0.9537241476639003,1.0,1.0,413.0,80000.0,16.0,1506013.0,84.0,군위군 관광데이터(1).zip/군위군 관광데이터/20260920215722_군위군_20181201-20181231_데이터랩_다운로드.zip,리틀포레스트 KOBIS(1).zip/리틀포레스트 KOBIS/KOBIS_일자별_통계정보_2026-09-21 (1).xls,,,,,,,11014.5,1.2373689227836033,,TRAIN,군위군,시군구,경상북도,리틀포레스트,,,,,,,,,,5.666426688112432,-0.047380802738891045
2018-12-14,리틀 포레스트,군위군,2018-02-28,289,개봉후,금,0,24647.0,16100.0,8547.0,0.6532235160465777,0.09805756036710322,21143.714285714286,23606.60714285714,1.0440721045106924,1.0,1.0,413.0,1070000.0,214.0,1506227.0,46.0,군위군 관광데이터(1).zip/군위군 관광데이터/20260920215722_군위군_20181201-20181231_데이터랩_다운로드.zip,리틀포레스트 KOBIS(1).zip/리틀포레스트 KOBIS/KOBIS_일자별_통계정보_2026-09-21 (1).xls,,,,,,,14196.0,1.1341222879684418,,TRAIN,군위군,시군구,경상북도,리틀포레스트,,,,,,,,,,5.66988092298052,0.043128552698795244
2018-12-15,리틀 포레스트,군위군,2018-02-28,290,개봉후,토,1,30628.0,23317.0,7312.0,0.7612968525532193,0.24266645027792433,22082.571428571428,23486.714285714286,1.3040563966254477,1.0,1.0,42.0,462000.0,42.0,1506269.0,67.0,군위군 관광데이터(1).zip/군위군 관광데이터/20260920215722_군위군_20181201-20181231_데이터랩_다운로드.zip,리틀포레스트 KOBIS(1).zip/리틀포레스트 KOBIS/KOBIS_일자별_통계정보_2026-09-21 (1).xls,,,,,,,25404.5,0.9178295183924108,,TRAIN,군위군,시군구,경상북도,리틀포레스트,,,,,,,,,,5.673323267171493,0.265479711515148
2018-12-16,리틀 포레스트,군위군,2018-02-28,291,개봉후,일,1,22442.0,16065.0,6377.0,0.715845290081098,-0.2672717774585347,21823.571428571428,23468.821428571428,0.9562474224921514,,,,,,,,군위군 관광데이터(1).zip/군위군 관광데이터/20260920215722_군위군_20181201-20181231_데이터랩_다운로드.zip,,,,,,,,23403.75,0.6864284569780484,,TRAIN,군위군,시군구,경상북도,리틀포레스트,,,,,,,,,,5.676753802268282,-0.04473858927806838
2018-12-17,리틀 포레스트,군위군,2018-02-28,292,개봉후,월,0,20850.0,12117.0,8732.0,0.5811510791366906,-0.07093841903573661,22293.14285714286,23039.071428571428,0.9049843898718637,,,,,,,,군위군 관광데이터(1).zip/군위군 관광데이터/20260920215722_군위군_20181201-20181231_데이터랩_다운로드.zip,,,,,,,,10667.25,1.135906630106166,,TRAIN,군위군,시군구,경상북도,리틀포레스트,,,,,,,,,,5.680172609017068,-0.09983758419134411
2018-12-18,리틀 포레스트,군위군,2018-02-28,293,개봉후,화,0,22516.0,13426.0,9090.0,0.5962870847397407,0.07990407673860922,23358.714285714286,22946.964285714286,0.9812191155070309,,,,,,,,군위군 관광데이터(1).zip/군위군 관광데이터/20260920215722_군위군_20181201-20181231_데이터랩_다운로드.zip,,,,,,,,9604.0,1.3979591836734695,,TRAIN,군위군,시군구,경상북도,리틀포레스트,,,,,,,,,,5.683579767338681,-0.018959485023372108
2018-12-19,리틀 포레스트,군위군,2018-02-28,294,개봉후,수,0,22505.0,13556.0,8950.0,0.6023550322150634,-0.0004885414816130362,23719.14285714286,23031.464285714286,0.9771415191329873,,,,,,,,군위군 관광데이터(1).zip/군위군 관광데이터/20260920215722_군위군_20181201-20181231_데이터랩_다운로드.zip,,,,,,,,13016.25,1.0414673965235763,,TRAIN,군위군,시군구,경상북도,리틀포레스트,,,,,,,,,,5.68697535633982,-0.023123786730138044
2018-12-20,리틀 포레스트,군위군,2018-02-28,295,개봉후,목,0,19002.0,10280.0,8722.0,0.5409956846647721,-0.15565429904465677,23227.14285714286,23116.464285714286,0.8220115223997738,,,,,,,,군위군 관광데이터(1).zip/군위군 관광데이터/20260920215722_군위군_20181201-20181231_데이터랩_다운로드.zip,,,,,,,,11504.5,0.8935633882393846,,TRAIN,군위군,시군구,경상북도,리틀포레스트,,,,,,,,,,5.69035945432406,-0.1960008665062286
2018-12-21,리틀 포레스트,군위군,2018-02-28,296,개봉후,금,0,20909.0,12008.0,8900.0,0.5742981491223875,0.10035785706767708,22693.14285714286,23075.464285714286,0.9061139460125396,,,,,,,,군위군 관광데이터(1).zip/군위군 관광데이터/20260920215722_군위군_20181201-20181231_데이터랩_다운로드.zip,,,,,,,,13399.0,0.8961862825583998,,TRAIN,군위군,시군구,경상북도,리틀포레스트,,,,,,,,,,5.6937321388027,-0.09859021262155684
2018-12-22,리틀 포레스트,군위군,2018-02-28,297,개봉후,토,1,26159.0,18756.0,7402.0,0.716999885316717,0.2510880482089053,22054.714285714286,23016.071428571428,1.1365536503995655,,,,,,,,군위군 관광데이터(1).zip/군위군 관광데이터/20260920215722_군위군_20181201-20181231_데이터랩_다운로드.zip,,,,,,,,25317.0,0.740846071809456,,TRAIN,군위군,시군구,경상북도,리틀포레스트,,,,,,,,,,5.697093486505405,0.12800056988307545
2018-12-23,리틀 포레스트,군위군,2018-02-28,298,개봉후,일,1,36624.0,29505.0,7119.0,0.8056192660550459,0.40005351886539997,24080.714285714286,22575.321428571428,1.6223024826414432,,,,,,,,군위군 관광데이터(1).zip/군위군 관광데이터/20260920215722_군위군_20181201-20181231_데이터랩_다운로드.zip,,,,,,,,20636.0,1.4297829036635006,,TRAIN,군위군,시군구,경상북도,리틀포레스트,,,,,,,,,,5.700443573390687,0.4838464257550838
2018-12-24,리틀 포레스트,군위군,2018-02-28,299,개봉후,월,0,23342.0,14458.0,8883.0,0.6193985091251821,-0.36265836609873303,24436.714285714286,22731.071428571428,1.0268763649504298,,,,,,,,군위군 관광데이터(1).zip/군위군 관광데이터/20260920215722_군위군_20181201-20181231_데이터랩_다운로드.zip,,,,,,,,10042.5,1.439681354244461,,TRAIN,군위군,시군구,경상북도,리틀포레스트,,,,,,,,,,5.703782474656201,0.026521539035954316
2018-12-25,리틀 포레스트,군위군,2018-02-28,300,개봉후,화,0,20160.0,13184.0,6976.0,0.653968253968254,-0.13632079513323625,24100.14285714286,22886.464285714286,0.8808700089416545,,,,,,,,군위군 관광데이터(1).zip/군위군 관광데이터/20260920215722_군위군_20181201-20181231_데이터랩_다운로드.zip,,,,,,,,10117.5,1.3030887076847046,,TRAIN,군위군,시군구,경상북도,리틀포레스트,,,,,,,,,,5.707110264748875,-0.12684521337438323
2018-12-26,리틀 포레스트,군위군,2018-02-28,301,개봉후,수,0,22393.0,13654.0,8740.0,0.6097441164649667,0.11076388888888888,24084.14285714286,22900.964285714286,0.9778190874682444,,,,,,,,군위군 관광데이터(1).zip/군위군 관광데이터/20260920215722_군위군_20181201-20181231_데이터랩_다운로드.zip,,,,,,,,13536.25,1.008698864161049,,TRAIN,군위군,시군구,경상북도,리틀포레스트,,,,,,,,,,5.71042701737487,-0.022430608197435167
2018-12-27,리틀 포레스트,군위군,2018-02-28,302,개봉후,목,0,22480.0,13755.0,8726.0,0.6118772241992882,0.003885142678515585,24581.0,22838.464285714286,0.9843043612201846,,,,,,,,군위군 관광데이터(1).zip/군위군 관광데이터/20260920215722_군위군_20181201-20181231_데이터랩_다운로드.zip,,,,,,,,11248.25,1.2228568888493765,,TRAIN,군위군,시군구,경상북도,리틀포레스트,,,,,,,,,,5.713732805509369,-0.015820119573301976
2018-12-28,리틀 포레스트,군위군,2018-02-28,303,개봉후,금,0,20846.0,11830.0,9016.0,0.5674949630624581,-0.07268683274021348,24572.0,22947.964285714286,0.9084030173856068,,,,,,,,군위군 관광데이터(1).zip/군위군 관광데이터/20260920215722_군위군_20181201-20181231_데이터랩_다운로드.zip,,,,,,,,12966.5,0.9123510584968958,,TRAIN,군위군,시군구,경상북도,리틀포레스트,,,,,,,,,,5.717027701406222,-0.09606714710762988
2018-12-29,리틀 포레스트,군위군,2018-02-28,304,개봉후,토,1,31535.0,24626.0,6909.0,0.7809100998890122,0.512760241773002,25340.0,22923.214285714286,1.3756796759367453,,,,,,,,군위군 관광데이터(1).zip/군위군 관광데이터/20260920215722_군위군_20181201-20181231_데이터랩_다운로드.zip,,,,,,,,22142.5,1.1121598735463476,,TRAIN,군위군,시군구,경상북도,리틀포레스트,,,,,,,,,,5.720311776607412,0.31894791875988293
2018-12-30,리틀 포레스트,군위군,2018-02-28,305,개봉후,일,1,26114.0,19474.0,6640.0,0.7457302596308494,-0.17190423339146976,23838.571428571428,22716.464285714286,1.1495626991750791,,,,,,,,군위군 관광데이터(1).zip/군위군 관광데이터/20260920215722_군위군_20181201-20181231_데이터랩_다운로드.zip,,,,,,,,21629.25,0.9003548435567577,,TRAIN,군위군,시군구,경상북도,리틀포레스트,,,,,,,,,,5.723585101952381,0.13938160847050007
2018-12-31,리틀 포레스트,군위군,2018-02-28,306,개봉후,월,0,26428.0,18106.0,8323.0,0.6851067050098381,0.01202420157769768,24279.428571428572,22558.60714285714,1.1715262308811494,,,,,,,,군위군 관광데이터(1).zip/군위군 관광데이터/20260920215722_군위군_20181201-20181231_데이터랩_다운로드.zip,,,,,,,,11034.5,1.6408536861661154,,TRAIN,군위군,시군구,경상북도,리틀포레스트,,,,,,,,,,5.726847747587197,0.1583073695653615
2019-01-01,리틀 포레스트,군위군,2018-02-28,307,개봉후,화,0,28508.0,22418.0,6090.0,0.7863757541742669,0.07870440441955506,25472.0,22870.821428571428,1.2464790601874192,,,,,,,,군위군 관광데이터(1).zip/군위군 관광데이터/20260920215755_군위군_20190101-20190131_데이터랩_다운로드.zip,,,,,,,,10600.5,2.1148059053818216,,TRAIN,군위군,시군구,경상북도,리틀포레스트,,,,,,,,,,5.730099782973574,0.2203228249534245
2019-01-02,리틀 포레스트,군위군,2018-02-28,308,개봉후,수,0,17602.0,9286.0,8316.0,0.5275536870810135,-0.3825592816051635,24787.571428571428,23282.10714285714,0.7560312256960051,,,,,,,,군위군 관광데이터(1).zip/군위군 관광데이터/20260920215755_군위군_20190101-20190131_데이터랩_다운로드.zip,,,,,,,,13142.75,0.7065492381731373,,TRAIN,군위군,시군구,경상북도,리틀포레스트,,,,,,,,,,5.733341276897746,-0.2796725998248892
2019-01-03,리틀 포레스트,군위군,2018-02-28,309,개봉후,목,0,18025.0,9583.0,8442.0,0.5316504854368932,0.02403136007271911,24151.14285714286,23112.25,0.7798894525630348,,,,,,,,군위군 관광데이터(1).zip/군위군 관광데이터/20260920215755_군위군_20190101-20190131_데이터랩_다운로드.zip,,,,,,,,11916.0,0.8042128230949983,,TRAIN,군위군,시군구,경상북도,리틀포레스트,,,,,,,,,,5.736572297479192,-0.2486030968260772
2019-01-04,리틀 포레스트,군위군,2018-02-28,310,개봉후,금,0,19246.0,10650.0,8596.0,0.5533617375038969,0.06773925104022194,23922.571428571428,23084.5,0.8337195953995105,,,,,,,,군위군 관광데이터(1).zip/군위군 관광데이터/20260920215755_군위군_20190101-20190131_데이터랩_다운로드.zip,,,,,,,,12697.0,0.8387808143655981,,TRAIN,군위군,시군구,경상북도,리틀포레스트,,,,,,,,,,5.739792912179234,-0.18185814970419523
2019-01-05,리틀 포레스트,군위군,2018-02-28,311,개봉후,토,1,22628.0,15452.0,7175.0,0.6828707795651405,0.1757248259378572,22650.14285714286,23082.85714285714,0.9802945909147173,,,,,,,,군위군 관광데이터(1).zip/군위군 관광데이터/20260920215755_군위군_20190101-20190131_데이터랩_다운로드.zip,,,,,,,,20866.0,0.7405348413687338,,TRAIN,군위군,시군구,경상북도,리틀포레스트,,,,,,,,,,5.7430031878094825,-0.01990214951533987
2019-01-06,리틀 포레스트,군위군,2018-02-28,312,개봉후,일,1,24423.0,17927.0,6496.0,0.7340212095156206,0.07932649814389259,22408.571428571428,23031.85714285714,1.060400811298636,,,,,,,,군위군 관광데이터(1).zip/군위군 관광데이터/20260920215755_군위군_20190101-20190131_데이터랩_다운로드.zip,,,,,,,,20630.75,0.8689456272796675,,TRAIN,군위군,시군구,경상북도,리틀포레스트,,,,,,,,,,5.746203190540153,0.058646960519800284
2019-01-07,리틀 포레스트,군위군,2018-02-28,313,개봉후,월,0,17818.0,9177.0,8642.0,0.5150409698058144,-0.27044179666707613,21178.571428571428,23037.85714285714,0.7734226273524943,,,,,,,,군위군 관광데이터(1).zip/군위군 관광데이터/20260920215755_군위군_20190101-20190131_데이터랩_다운로드.zip,,,,,,,,13363.0,0.6867469879518072,,TRAIN,군위군,시군구,경상북도,리틀포레스트,,,,,,,,,,5.749392985908253,-0.2569296432515357
2019-01-08,리틀 포레스트,군위군,2018-02-28,314,개봉후,화,0,21896.0,13202.0,8694.0,0.6029411764705882,0.2288696823436973,20234.0,23046.964285714286,0.9500600481935179,,,,,,,,군위군 관광데이터(1).zip/군위군 관광데이터/20260920215755_군위군_20190101-20190131_데이터랩_다운로드.zip,,,,,,,,14117.25,0.9351679682657742,,TRAIN,군위군,시군구,경상북도,리틀포레스트,,,,,,,,,,5.752572638825633,-0.05123008776037584
2019-01-09,리틀 포레스트,군위군,2018-02-28,315,개봉후,수,0,17920.0,9272.0,8648.0,0.5174107142857143,-0.18158567774936063,20279.428571428572,23291.214285714286,0.7693888253388004,,,,,,,,군위군 관광데이터(1).zip/군위군 관광데이터/20260920215755_군위군_20190101-20190131_데이터랩_다운로드.zip,,,,,,,,12074.5,0.7678992918961448,,TRAIN,군위군,시군구,경상북도,리틀포레스트,,,,,,,,,,5.755742213586912,-0.262158812633724
2019-01-10,리틀 포레스트,군위군,2018-02-28,316,개봉후,목,0,22046.0,13612.0,8435.0,0.6174362696180713,0.23024553571428563,20853.85714285714,23217.571428571428,0.9495394498009513,,,,,,,,군위군 관광데이터(1).zip/군위군 관광데이터/20260920215755_군위군_20190101-20190131_데이터랩_다운로드.zip,,,,,,,,11811.75,1.1524117933413762,,TRAIN,군위군,시군구,경상북도,리틀포레스트,,,,,,,,,,5.75890177387728,-0.05177820161927058
2019-01-11,리틀 포레스트,군위군,2018-02-28,317,개봉후,금,0,20594.0,12036.0,8558.0,0.5844420705059726,-0.0658622879433911,21046.428571428572,23203.285714285714,0.8875467144431516,,,,,,,,군위군 관광데이터(1).zip/군위군 관광데이터/20260920215755_군위군_20190101-20190131_데이터랩_다운로드.zip,,,,,,,,12647.0,0.951688147386732,,TRAIN,군위군,시군구,경상북도,리틀포레스트,,,,,,,,,,5.762051382780177,-0.11929412302550794
2019-01-12,리틀 포레스트,군위군,2018-02-28,318,개봉후,토,1,30471.0,23905.0,6566.0,0.78451642545371,0.4796057104010878,22166.85714285714,23058.535714285714,1.3214629227788284,,,,,,,,군위군 관광데이터(1).zip/군위군 관광데이터/20260920215755_군위군_20190101-20190131_데이터랩_다운로드.zip,,,,,,,,20537.75,1.1639541819332693,,TRAIN,군위군,시군구,경상북도,리틀포레스트,,,,,,,,,,5.765191102784844,0.278739397747551
2019-01-13,리틀 포레스트,군위군,2018-02-28,319,개봉후,일,1,29284.0,22334.0,6951.0,0.7626690342849337,-0.03895507203570603,22861.285714285714,23052.928571428572,1.2702941367846043,,,,,,,,군위군 관광데이터(1).zip/군위군 관광데이터/20260920215755_군위군_20190101-20190131_데이터랩_다운로드.zip,,,,,,,,20742.75,1.0767135505176508,,TRAIN,군위군,시군구,경상북도,리틀포레스트,,,,,,,,,,5.768320995793772,0.23924847742189273
2019-01-14,리틀 포레스트,군위군,2018-02-28,320,개봉후,월,0,19082.0,10350.0,8732.0,0.5423959752646473,-0.34838136866548286,23041.85714285714,23297.285714285714,0.8190653724222933,,,,,,,,군위군 관광데이터(1).zip/군위군 관광데이터/20260920215755_군위군_20190101-20190131_데이터랩_다운로드.zip,,,,,,,,13464.5,0.768688031490215,,TRAIN,군위군,시군구,경상북도,리틀포레스트,,,,,,,,,,5.771441123130016,-0.19959137850705908
2019-01-15,리틀 포레스트,군위군,2018-02-28,321,개봉후,화,0,18452.0,9933.0,8519.0,0.5383156297420334,-0.03301540719002205,22549.85714285714,23234.14285714286,0.7941760586329232,,,,,,,,군위군 관광데이터(1).zip/군위군 관광데이터/20260920215755_군위군_20190101-20190131_데이터랩_다운로드.zip,,,,,,,,15557.5,0.6384701912260967,,TRAIN,군위군,시군구,경상북도,리틀포레스트,,,,,,,,,,5.7745515455444085,-0.230450106001359
2019-01-16,리틀 포레스트,군위군,2018-02-28,322,개봉후,수,0,18837.0,10342.0,8494.0,0.5490258533736795,0.020864946889226132,22680.85714285714,23089.0,0.8158430421412795,,,,,,,,군위군 관광데이터(1).zip/군위군 관광데이터/20260920215755_군위군_20190101-20190131_데이터랩_다운로드.zip,,,,,,,,11442.0,0.9038629610208005,,TRAIN,군위군,시군구,경상북도,리틀포레스트,,,,,,,,,,5.777652323222656,-0.20353329283678434
2019-01-17,리틀 포레스트,군위군,2018-02-28,323,개봉후,목,0,18732.0,10132.0,8600.0,0.5408925902199445,-0.005574136008918651,22207.428571428572,22958.0,0.8159247321195227,,,,,,,,군위군 관광데이터(1).zip/군위군 관광데이터/20260920215755_군위군_20190101-20190131_데이터랩_다운로드.zip,,,,,,,,11807.5,0.8580986661020538,,TRAIN,군위군,시군구,경상북도,리틀포레스트,,,,,,,,,,5.780743515792329,-0.20343316832200964
2019-01-18,리틀 포레스트,군위군,2018-02-28,324,개봉후,금,0,21794.0,12898.0,8897.0,0.5918142608057263,0.1634635917147127,22378.85714285714,22948.35714285714,0.9496976129632685,,,,,,,,군위군 관광데이터(1).zip/군위군 관광데이터/20260920215755_군위군_20190101-20190131_데이터랩_다운로드.zip,,,,,,,,11631.0,1.108933023815665,,TRAIN,군위군,시군구,경상북도,리틀포레스트,,,,,,,,,,5.783825182329737,-0.05161164720035815
2019-01-19,리틀 포레스트,군위군,2018-02-28,325,개봉후,토,1,26652.0,19481.0,7172.0,0.7309395167342038,0.22290538680370742,21833.285714285714,22979.964285714286,1.1597929252034769,,,,,,,,군위군 관광데이터(1).zip/군위군 관광데이터/20260920215755_군위군_20190101-20190131_데이터랩_다운로드.zip,,,,,,,,20684.75,0.9418049529242558,,TRAIN,군위군,시군구,경상북도,리틀포레스트,,,,,,,,,,5.786897381366708,0.14824147642735147
2019-01-20,리틀 포레스트,군위군,2018-02-28,326,개봉후,일,1,28662.0,21970.0,6692.0,0.7665201311841463,0.07541647906348481,21744.428571428572,22997.571428571428,1.2463055105197445,,,,,,,,군위군 관광데이터(1).zip/군위군 관광데이터/20260920215755_군위군_20190101-20190131_데이터랩_다운로드.zip,,,,,,,,22310.0,0.9847601972209772,,TRAIN,군위군,시군구,경상북도,리틀포레스트,,,,,,,,,,5.7899601708972535,0.2201835833438651
2019-01-21,리틀 포레스트,군위군,2018-02-28,327,개봉후,월,0,18924.0,10252.0,8673.0,0.5417459310927922,-0.33975298304375134,21721.85714285714,22713.214285714286,0.8331713760083023,,,,,,,,군위군 관광데이터(1).zip/군위군 관광데이터/20260920215755_군위군_20190101-20190131_데이터랩_다운로드.zip,,,,,,,,13022.75,0.7872377186078209,,TRAIN,군위군,시군구,경상북도,리틀포레스트,,,,,,,,,,5.793013608384144,-0.1825159244721653
2019-01-22,리틀 포레스트,군위군,2018-02-28,328,개봉후,화,0,23499.0,14878.0,8620.0,0.6331333248223329,0.24175649968294222,22442.85714285714,22555.428571428572,1.0418334515605998,4.0,4.0,522.0,1745000.0,240.0,1506509.0,29.0,군위군 관광데이터(1).zip/군위군 관광데이터/20260920215755_군위군_20190101-20190131_데이터랩_다운로드.zip,리틀포레스트 KOBIS(1).zip/리틀포레스트 KOBIS/KOBIS_일자별_통계정보_2026-09-21 (1).xls,,,,,,,14684.25,1.013194408975603,,TRAIN,군위군,시군구,경상북도,리틀포레스트,,,,,,,,,,5.796057750765372,0.04098209520163287
2019-01-23,리틀 포레스트,군위군,2018-02-28,329,개봉후,수,0,20489.0,11270.0,9219.0,0.550051247010591,-0.12809055704498062,22678.85714285714,22674.678571428572,0.9036070758602658,,,,,,,,군위군 관광데이터(1).zip/군위군 관광데이터/20260920215755_군위군_20190101-20190131_데이터랩_다운로드.zip,,,,,,,,10638.5,1.0593598721624289,,TRAIN,군위군,시군구,경상북도,리틀포레스트,,,,,,,,,,5.799092654460526,-0.10136066367496292
2019-01-24,리틀 포레스트,군위군,2018-02-28,330,개봉후,목,0,24580.0,15698.0,8883.0,0.6386493083807974,0.19966811459807698,23514.285714285714,22606.678571428572,1.0872893124187384,,,,,,,,군위군 관광데이터(1).zip/군위군 관광데이터/20260920215755_군위군_20190101-20190131_데이터랩_다운로드.zip,,,,,,,,11770.5,1.333673165965762,,TRAIN,군위군,시군구,경상북도,리틀포레스트,,,,,,,,,,5.802118375377063,0.0836877295046086
2019-01-25,리틀 포레스트,군위군,2018-02-28,331,개봉후,금,0,25711.0,17090.0,8620.0,0.6646960444945743,0.04601301871440189,24073.85714285714,22681.678571428572,1.1335580794442335,,,,,,,,군위군 관광데이터(1).zip/군위군 관광데이터/20260920215755_군위군_20190101-20190131_데이터랩_다운로드.zip,,,,,,,,11853.5,1.441768254102164,,TRAIN,군위군,시군구,경상북도,리틀포레스트,,,,,,,,,,5.805134968916488,0.12536142868606157
2019-01-26,리틀 포레스트,군위군,2018-02-28,332,개봉후,토,1,24448.0,17346.0,7102.0,0.709505890052356,-0.04912294348722335,23759.0,22855.428571428572,1.0696802260169511,,,,,,,,군위군 관광데이터(1).zip/군위군 관광데이터/20260920215755_군위군_20190101-20190131_데이터랩_다운로드.zip,,,,,,,,20866.0,0.8313045145212307,,TRAIN,군위군,시군구,경상북도,리틀포레스트,,,,,,,,,,5.808142489980444,0.06735974961823686
2019-01-27,리틀 포레스트,군위군,2018-02-28,333,개봉후,일,1,27874.0,20895.0,6979.0,0.7496233048719236,0.14013416230366493,23646.428571428572,22602.321428571428,1.2332361562102503,,,,,,,,군위군 관광데이터(1).zip/군위군 관광데이터/20260920215755_군위군_20190101-20190131_데이터랩_다운로드.zip,,,,,,,,20426.25,1.0229484119698917,,TRAIN,군위군,시군구,경상북도,리틀포레스트,,,,,,,,,,5.811140992976701,0.20964173561583652
2019-01-28,리틀 포레스트,군위군,2018-02-28,334,개봉후,월,0,19722.0,10818.0,8904.0,0.5485244904167934,-0.2924589222931764,23760.428571428572,22665.178571428572,0.8701453614339176,,,,,,,,군위군 관광데이터(1).zip/군위군 관광데이터/20260920215755_군위군_20190101-20190131_데이터랩_다운로드.zip,,,,,,,,11971.25,0.9036650308029655,,TRAIN,군위군,시군구,경상북도,리틀포레스트,,,,,,,,,,5.814130531825066,-0.13909499918221715
2019-01-29,리틀 포레스트,군위군,2018-02-28,335,개봉후,화,0,19800.0,10969.0,8830.0,0.553989898989899,0.003954974140553791,23232.0,22425.678571428572,0.8829164271187844,,,,,,,,군위군 관광데이터(1).zip/군위군 관광데이터/20260920215755_군위군_20190101-20190131_데이터랩_다운로드.zip,,,,,,,,15107.75,0.726051198887988,,TRAIN,군위군,시군구,경상북도,리틀포레스트,,,,,,,,,,5.817111159963204,-0.12452472938203499
2019-01-30,리틀 포레스트,군위군,2018-02-28,336,개봉후,수,0,20220.0,11417.0,8802.0,0.5646389713155292,0.021212121212121238,23193.571428571428,22114.678571428572,0.914324842420435,,,,,,,,군위군 관광데이터(1).zip/군위군 관광데이터/20260920215755_군위군_20190101-20190131_데이터랩_다운로드.zip,,,,,,,,10042.5,1.1368683096838437,,TRAIN,군위군,시군구,경상북도,리틀포레스트,,,,,,,,,,5.820082930352362,-0.08956936320807604
2019-01-31,리틀 포레스트,군위군,2018-02-28,337,개봉후,목,0,20027.0,12106.0,7920.0,0.6044839466719928,-0.009545004945598401,22543.14285714286,22208.178571428572,0.9017848958475722,,,,,,,,군위군 관광데이터(1).zip/군위군 관광데이터/20260920215755_군위군_20190101-20190131_데이터랩_다운로드.zip,,,,,,,,12256.25,0.9877409484956655,,TRAIN,군위군,시군구,경상북도,리틀포레스트,,,,,,,,,,5.823045895483019,-0.10337926202921643
2019-02-01,리틀 포레스트,군위군,2018-02-28,338,개봉후,금,0,19344.0,10787.0,8558.0,0.5576406120760959,-0.03410395965446644,21633.571428571428,22279.678571428572,0.8682351470189843,,,,,,,,군위군 관광데이터(1).zip/군위군 관광데이터/20260920215815_군위군_20190201-20190228_데이터랩_다운로드.zip,,,,,,,,13168.5,0.8191517636784752,,TRAIN,군위군,시군구,경상북도,리틀포레스트,,,,,,,,,,5.82600010738045,-0.14129269430648306
2019-02-02,리틀 포레스트,군위군,2018-02-28,339,개봉후,토,1,27342.0,19918.0,7424.0,0.7284763367712677,0.41346153846153855,22047.0,22283.178571428572,1.2270242287183317,,,,,,,,군위군 관광데이터(1).zip/군위군 관광데이터/20260920215815_군위군_20190201-20190228_데이터랩_다운로드.zip,,,,,,,,19046.0,1.0457838916307887,,TRAIN,군위군,시군구,경상북도,리틀포레스트,,,,,,,,,,5.8289456176102075,0.20459191184052747
2019-02-03,리틀 포레스트,군위군,2018-02-28,340,개봉후,일,1,34226.0,27181.0,7046.0,0.7941623327295039,0.25177382781069424,22954.428571428572,22451.535714285714,1.524439149087797,,,,,,,,군위군 관광데이터(1).zip/군위군 관광데이터/20260920215815_군위군_20190201-20190228_데이터랩_다운로드.zip,,,,,,,,20781.5,1.3079421600943146,,TRAIN,군위군,시군구,경상북도,리틀포레스트,,,,,,,,,,5.831882477283517,0.4216265713250329
2019-02-04,리틀 포레스트,군위군,2018-02-28,341,개봉후,월,0,48825.0,42738.0,6086.0,0.8753302611367128,0.4265470694793432,27112.0,22801.64285714286,2.1412930772532053,,,,,,,,군위군 관광데이터(1).zip/군위군 관광데이터/20260920215815_군위군_20190201-20190228_데이터랩_다운로드.zip,,,,,,,,10149.25,4.210951548143951,,TRAIN,군위군,시군구,경상북도,리틀포레스트,,,,,,,,,,5.834810737062605,0.7614098882603496
2019-02-05,리틀 포레스트,군위군,2018-02-28,342,개봉후,화,0,85544.0,79586.0,5957.0,0.9303516319087254,0.7520532514080902,36504.0,23909.035714285714,3.5778941912277635,,,,,,,,군위군 관광데이터(1).zip/군위군 관광데이터/20260920215815_군위군_20190201-20190228_데이터랩_다운로드.zip,,,,,,,,12245.5,6.499203789147034,,TRAIN,군위군,시군구,경상북도,리틀포레스트,,,,,,,,,,5.8377304471659395,1.2747744126056
2019-02-06,리틀 포레스트,군위군,2018-02-28,343,개봉후,수,0,42276.0,36054.0,6223.0,0.852824297473744,-0.5057981857289815,39654.857142857145,26182.178571428572,1.61468610737129,,,,,,,,군위군 관광데이터(1).zip/군위군 관광데이터/20260920215815_군위군_20190201-20190228_데이터랩_다운로드.zip,,,,,,,,10575.25,3.4092811044656153,,TRAIN,군위군,시군구,경상북도,리틀포레스트,,,,,,,,,,5.840641657373398,0.47914057702330826
2019-02-07,리틀 포레스트,군위군,2018-02-28,344,개봉후,목,0,19411.0,11378.0,8032.0,0.5861624851888104,-0.5408506008137004,39566.857142857145,27052.035714285714,0.7175430420472714,,,,,,,,군위군 관광데이터(1).zip/군위군 관광데이터/20260920215815_군위군_20190201-20190228_데이터랩_다운로드.zip,,,,,,,,12887.0,0.8829052533560953,,TRAIN,군위군,시군구,경상북도,리틀포레스트,,,,,,,,,,5.84354441703136,-0.3319223442315663
2019-02-08,리틀 포레스트,군위군,2018-02-28,345,개봉후,금,0,19131.0,10584.0,8547.0,0.5532381997804611,-0.014424810674359856,39536.42857142857,26957.928571428572,0.7096613506230608,,,,,,,,군위군 관광데이터(1).zip/군위군 관광데이터/20260920215815_군위군_20190201-20190228_데이터랩_다운로드.zip,,,,,,,,13202.75,0.801651171157524,,TRAIN,군위군,시군구,경상북도,리틀포레스트,,,,,,,,,,5.846438775057725,-0.3429673936870401
2019-02-09,리틀 포레스트,군위군,2018-02-28,346,개봉후,토,1,23030.0,15824.0,7206.0,0.6871037776812853,0.20380534211489199,38920.42857142857,26905.678571428572,0.8559531378798155,,,,,,,,군위군 관광데이터(1).zip/군위군 관광데이터/20260920215815_군위군_20190201-20190228_데이터랩_다운로드.zip,,,,,,,,20162.5,0.7848233106013639,,TRAIN,군위군,시군구,경상북도,리틀포레스트,,,,,,,,,,5.849324779946859,-0.15553964980648796
2019-02-10,리틀 포레스트,군위군,2018-02-28,347,개봉후,일,1,24084.0,17280.0,6804.0,0.7174887892376681,0.04576639166304819,37471.57142857143,26639.928571428572,0.9040564780579098,,,,,,,,군위군 관광데이터(1).zip/군위군 관광데이터/20260920215815_군위군_20190201-20190228_데이터랩_다운로드.zip,,,,,,,,23095.0,0.748213899112362,,TRAIN,군위군,시군구,경상북도,리틀포레스트,,,,,,,,,,5.8522024797744745,-0.10086344481371125
2019-02-11,리틀 포레스트,군위군,2018-02-28,348,개봉후,월,0,18991.0,10028.0,8964.0,0.5280395977041756,-0.21146819465205113,33209.57142857143,26454.214285714286,0.7178818389724564,,,,,,,,군위군 관광데이터(1).zip/군위군 관광데이터/20260920215815_군위군_20190201-20190228_데이터랩_다운로드.zip,,,,,,,,18539.5,0.5408991612503034,,TRAIN,군위군,시군구,경상북도,리틀포레스트,,,,,,,,,,5.855071922202427,-0.3314502931532325
2019-02-12,리틀 포레스트,군위군,2018-02-28,349,개봉후,화,0,19362.0,10272.0,9090.0,0.5305237062286954,0.019535569480280124,23755.0,26450.964285714286,0.7319959979854906,,,,,,,,군위군 관광데이터(1).zip/군위군 관광데이터/20260920215815_군위군_20190201-20190228_데이터랩_다운로드.zip,,,,,,,,28841.5,0.3561534594247872,,TRAIN,군위군,시군구,경상북도,리틀포레스트,,,,,,,,,,5.857933154483459,-0.31198023226870714
2019-02-13,리틀 포레스트,군위군,2018-02-28,350,개봉후,수,0,19898.0,10801.0,9096.0,0.5428183737059001,0.027683090589815107,20558.14285714286,26483.464285714286,0.7513367505599855,,,,,,,,군위군 관광데이터(1).zip/군위군 관광데이터/20260920215815_군위군_20190201-20190228_데이터랩_다운로드.zip,,,,,,,,17270.75,0.6253926436315737,,TRAIN,군위군,시군구,경상북도,리틀포레스트,,,,,,,,,,5.860786223465865,-0.2859013248443835
2019-02-14,리틀 포레스트,군위군,2018-02-28,351,개봉후,목,0,19894.0,11000.0,8894.0,0.5529305318186388,-0.0002010252286661629,20627.14285714286,26521.35714285714,0.750112443071487,,,,,,,,군위군 관광데이터(1).zip/군위군 관광데이터/20260920215815_군위군_20190201-20190228_데이터랩_다운로드.zip,,,,,,,,12328.5,0.8922415541225616,,TRAIN,군위군,시군구,경상북도,리틀포레스트,,,,,,,,,,5.863631175598097,-0.287532159593959
2019-02-15,리틀 포레스트,군위군,2018-02-28,352,개봉후,금,0,21784.0,12610.0,9174.0,0.5788652221814176,0.09500351864883894,21006.14285714286,26562.85714285714,0.8200925029579434,,,,,,,,군위군 관광데이터(1).zip/군위군 관광데이터/20260920215815_군위군_20190201-20190228_데이터랩_다운로드.zip,,,,,,,,12839.75,0.9821063494226913,,TRAIN,군위군,시군구,경상북도,리틀포레스트,,,,,,,,,,5.8664680569332965,-0.19833813660094007
2019-02-16,리틀 포레스트,군위군,2018-02-28,353,개봉후,토,1,24776.0,17482.0,7294.0,0.7056021956732321,0.1373485126698495,21255.571428571428,26562.5,0.9327435294117647,,,,,,,,군위군 관광데이터(1).zip/군위군 관광데이터/20260920215815_군위군_20190201-20190228_데이터랩_다운로드.zip,,,,,,,,18142.25,0.9636070498422191,,TRAIN,군위군,시군구,경상북도,리틀포레스트,,,,,,,,,,5.869296913133774,-0.06962500401373388
2019-02-17,리틀 포레스트,군위군,2018-02-28,354,개봉후,일,1,27349.0,20538.0,6811.0,0.7509598157153826,0.10385050048433975,21722.0,26495.5,1.0322130173048254,,,,,,,,군위군 관광데이터(1).zip/군위군 관광데이터/20260920215815_군위군_20190201-20190228_데이터랩_다운로드.zip,,,,,,,,21831.5,0.9407507500629824,,TRAIN,군위군,시군구,경상북도,리틀포레스트,,,,,,,,,,5.872117789475416,0.031705057876399836
2019-02-18,리틀 포레스트,군위군,2018-02-28,355,개봉후,월,0,23660.0,14805.0,8855.0,0.6257396449704142,-0.1348861018684413,22389.0,26448.60714285714,0.8945650662133167,,,,,,,,군위군 관광데이터(1).zip/군위군 관광데이터/20260920215815_군위군_20190201-20190228_데이터랩_다운로드.zip,,,,,,,,18459.0,0.8020477815699659,,TRAIN,군위군,시군구,경상북도,리틀포레스트,,,,,,,,,,5.87493073085203,-0.11141763836207988
2019-02-19,리틀 포레스트,군위군,2018-02-28,356,개봉후,화,0,16292.0,8554.0,7738.0,0.5250429658728211,-0.31141166525781916,21950.428571428572,26617.75,0.6120727709892835,,,,,,,,군위군 관광데이터(1).zip/군위군 관광데이터/20260920215815_군위군_20190201-20190228_데이터랩_다운로드.zip,,,,,,,,28926.25,0.29571755758178125,,TRAIN,군위군,시군구,경상북도,리틀포레스트,,,,,,,,,,5.877735781779639,-0.4909040966934351
2019-02-20,리틀 포레스트,군위군,2018-02-28,357,개봉후,수,0,19138.0,10580.0,8558.0,0.5528268366600481,0.1746869629265897,21841.85714285714,26360.35714285714,0.7260144426831416,,,,,,,,군위군 관광데이터(1).zip/군위군 관광데이터/20260920215815_군위군_20190201-20190228_데이터랩_다운로드.zip,,,,,,,,17385.5,0.6085531045986599,,TRAIN,군위군,시군구,경상북도,리틀포레스트,,,,,,,,,,5.8805329864007,-0.3201853708522642
2019-02-21,리틀 포레스트,군위군,2018-02-28,358,개봉후,목,0,20710.0,12075.0,8634.0,0.5830516658619025,0.08214024453965929,21958.428571428572,26312.10714285714,0.7870901363983718,,,,,,,,군위군 관광데이터(1).zip/군위군 관광데이터/20260920215815_군위군_20190201-20190228_데이터랩_다운로드.zip,,,,,,,,12545.5,0.9624965126937945,,TRAIN,군위군,시군구,경상북도,리틀포레스트,,,,,,,,,,5.883322388488279,-0.23941250548591397
2019-02-22,리틀 포레스트,군위군,2018-02-28,359,개봉후,금,0,21682.0,13090.0,8592.0,0.6037265934876856,0.04693384838242398,21943.85714285714,26173.89285714286,0.8283826986814833,,,,,,,,군위군 관광데이터(1).zip/군위군 관광데이터/20260920215815_군위군_20190201-20190228_데이터랩_다운로드.zip,,,,,,,,12767.75,1.0252393726380922,,TRAIN,군위군,시군구,경상북도,리틀포레스트,,,,,,,,,,5.886104031450156,-0.18828003490154593
2019-02-23,리틀 포레스트,군위군,2018-02-28,360,개봉후,토,1,26968.0,19470.0,7497.0,0.7219667754375556,0.2437966977216124,22257.0,26030.0,1.0360353438340377,,,,,,,,군위군 관광데이터(1).zip/군위군 관광데이터/20260920215815_군위군_20190201-20190228_데이터랩_다운로드.zip,,,,,,,,17642.5,1.103585092815644,,TRAIN,군위군,시군구,경상북도,리틀포레스트,,,,,,,,,,5.8888779583328805,0.035401258925285665
2019-02-24,리틀 포레스트,군위군,2018-02-28,361,개봉후,일,1,31552.0,24594.0,6958.0,0.7794751521298174,0.1699792346484723,22857.428571428572,26120.0,1.2079632465543644,,,,,,,,군위군 관광데이터(1).zip/군위군 관광데이터/20260920215815_군위군_20190201-20190228_데이터랩_다운로드.zip,,,,,,,,21473.5,1.1453186485668383,,TRAIN,군위군,시군구,경상북도,리틀포레스트,,,,,,,,,,5.8916442118257715,0.18893567401199451
2019-02-25,리틀 포레스트,군위군,2018-02-28,362,개봉후,월,0,20982.0,12187.0,8796.0,0.5808311886378801,-0.33500253549695735,22474.85714285714,26251.35714285714,0.799272962758388,,,,,,,,군위군 관광데이터(1).zip/군위군 관광데이터/20260920215815_군위군_20190201-20190228_데이터랩_다운로드.zip,,,,,,,,19597.25,0.6218729668703518,,TRAIN,군위군,시군구,경상북도,리틀포레스트,,,,,,,,,,5.8944028342648505,-0.22405276107217698
2019-02-26,리틀 포레스트,군위군,2018-02-28,363,개봉후,화,0,25756.0,16905.0,8852.0,0.6563519179996894,0.22752835763988188,23826.85714285714,26296.35714285714,0.9794512547908591,,,,,,,,군위군 관광데이터(1).zip/군위군 관광데이터/20260920215815_군위군_20190201-20190228_데이터랩_다운로드.zip,,,,,,,,27345.25,0.6182060869803714,,TRAIN,군위군,시군구,경상북도,리틀포레스트,,,,,,,,,,5.8971538676367405,-0.020762808235717724
2019-02-27,리틀 포레스트,군위군,2018-02-28,364,개봉후,수,0,25064.0,16594.0,8470.0,0.6620651133099266,-0.02686752601335607,24673.428571428572,26509.071428571428,0.945487663252741,,,,,,,,군위군 관광데이터(1).zip/군위군 관광데이터/20260920215815_군위군_20190201-20190228_데이터랩_다운로드.zip,,,,,,,,17213.0,0.9640388078777669,,TRAIN,군위군,시군구,경상북도,리틀포레스트,,,,,,,,,,5.8998973535824915,-0.05605443882412589
2019-02-28,리틀 포레스트,군위군,2018-02-28,365,개봉후,목,0,23765.0,14756.0,9009.0,0.6209131075110457,-0.05182732205553786,25109.85714285714,26682.071428571428,0.8906729773068593,,,,,,,,군위군 관광데이터(1).zip/군위군 관광데이터/20260920215815_군위군_20190201-20190228_데이터랩_다운로드.zip,,,,,,,,11639.75,1.2677248222685196,,TRAIN,군위군,시군구,경상북도,리틀포레스트,,,,,,,,,,5.902633333401366,-0.11577794771919349
2025-11-01,왕과 사는 남자,영월군,2026-02-04,-95,개봉전,토,1,51566.0,31644.0,19922.0,0.6136601636737385,,,,,,,,,,,,영월군 관광데이터/20260915130701_영월군_20251101-20251130_데이터랩_다운로드.zip,,0.10602,,,,,datalab.xlsx,,,,TRAIN,영월군,시군구,강원특별자치도,왕과 사는 남자,,,,,,,,,,-4.564348191467836,
2025-11-02,왕과 사는 남자,영월군,2026-02-04,-94,개봉전,일,1,45734.0,26474.0,19260.0,0.5788691126951502,-0.11309777760539885,,,,,,,,,,,영월군 관광데이터/20260915130701_영월군_20251101-20251130_데이터랩_다운로드.zip,,0.09527,-0.1013959630258443,,,,datalab.xlsx,,,,TRAIN,영월군,시군구,강원특별자치도,왕과 사는 남자,,,,,,,,,,-4.553876891600541,
2025-11-03,왕과 사는 남자,영월군,2026-02-04,-93,개봉전,월,0,36578.0,13408.0,23170.0,0.36655913390562633,-0.20020116324834913,,,,,,,,,,,영월군 관광데이터/20260915130701_영월군_20251101-20251130_데이터랩_다운로드.zip,,0.09379,-0.015534795843392457,,,,datalab.xlsx,,,,TRAIN,영월군,시군구,강원특별자치도,왕과 사는 남자,,,,,,,,,,-4.543294782270004,
2025-11-04,왕과 사는 남자,영월군,2026-02-04,-92,개봉전,화,0,38143.0,14598.0,23544.0,0.38271766772409094,0.042785280769861656,,,,,,,,,,,영월군 관광데이터/20260915130701_영월군_20251101-20251130_데이터랩_다운로드.zip,,0.09153,-0.02409638554216864,,,,datalab.xlsx,,,,TRAIN,영월군,시군구,강원특별자치도,왕과 사는 남자,,,,,,,,,,-4.532599493153256,
2025-11-05,왕과 사는 남자,영월군,2026-02-04,-91,개봉전,수,0,37460.0,14122.0,23338.0,0.3769887880405766,-0.017906299976404583,,,,,,,,,,,영월군 관광데이터/20260915130701_영월군_20251101-20251130_데이터랩_다운로드.zip,,0.08333,-0.08958811318693327,,,,datalab.xlsx,,,,TRAIN,영월군,시군구,강원특별자치도,왕과 사는 남자,,,,,,,,,,-4.5217885770490405,
2025-11-06,왕과 사는 남자,영월군,2026-02-04,-90,개봉전,목,0,38052.0,14794.0,23258.0,0.38878376957847155,0.015803523758675997,,,,,,,,,,,영월군 관광데이터/20260915130701_영월군_20251101-20251130_데이터랩_다운로드.zip,,0.08707,0.0448817952718108,,,,datalab.xlsx,,,,TRAIN,영월군,시군구,강원특별자치도,왕과 사는 남자,,,,,,,,,,-4.51085950651685,
2025-11-07,왕과 사는 남자,영월군,2026-02-04,-89,개봉전,금,0,42196.0,18876.0,23320.0,0.4473409801876955,0.10890360559234735,41389.857142857145,,,,,,,,,,영월군 관광데이터/20260915130701_영월군_20251101-20251130_데이터랩_다운로드.zip,,0.09379,0.07717928103824523,0.09297142857142858,,,datalab.xlsx,,,,TRAIN,영월군,시군구,강원특별자치도,왕과 사는 남자,,,,,,,,,,-4.499809670330265,
2025-11-08,왕과 사는 남자,영월군,2026-02-04,-88,개봉전,토,1,47142.0,27562.0,19579.0,0.5846591150142124,0.1172149018864348,40757.857142857145,,,,,,,,,,영월군 관광데이터/20260915130701_영월군_20251101-20251130_데이터랩_다운로드.zip,,0.09697,0.033905533638980634,0.09167857142857143,,,datalab.xlsx,,,,TRAIN,영월군,시군구,강원특별자치도,왕과 사는 남자,,,,,,,,,,-4.48863636973214,
2025-11-09,왕과 사는 남자,영월군,2026-02-04,-87,개봉전,일,1,45122.0,25984.0,19138.0,0.5758609990691902,-0.04284926392601074,40670.42857142857,,,,,,,,,,영월군 관광데이터/20260915130701_영월군_20251101-20251130_데이터랩_다운로드.zip,,0.10828,0.11663401051871713,0.09353714285714286,,,datalab.xlsx,,,,TRAIN,영월군,시군구,강원특별자치도,왕과 사는 남자,,,,,,,,,,-4.477336814478207,
2025-11-10,왕과 사는 남자,영월군,2026-02-04,-86,개봉전,월,0,37146.0,14108.0,23037.0,0.37979863242341033,-0.1767652143078764,40751.57142857143,,,,,,,,,,영월군 관광데이터/20260915130701_영월군_20251101-20251130_데이터랩_다운로드.zip,,0.08142,-0.2480605836719615,0.09177,,,datalab.xlsx,,,,TRAIN,영월군,시군구,강원특별자치도,왕과 사는 남자,,,,,,,,,,-4.465908118654584,
2025-11-11,왕과 사는 남자,영월군,2026-02-04,-85,개봉전,화,0,38160.0,14410.0,23751.0,0.3776205450733753,0.027297690195444924,40754.0,,,,,,,,,,영월군 관광데이터/20260915130701_영월군_20251101-20251130_데이터랩_다운로드.zip,,0.07838,-0.03733726357160405,0.08989142857142858,,,datalab.xlsx,,,,TRAIN,영월군,시군구,강원특별자치도,왕과 사는 남자,,,,,,,,,,-4.454347296253507,
2025-11-12,왕과 사는 남자,영월군,2026-02-04,-84,개봉전,수,0,37474.0,14108.0,23366.0,0.37647435555318354,-0.017976939203354303,40756.0,,,,,,,,,,영월군 관광데이터/20260915130701_영월군_20251101-20251130_데이터랩_다운로드.zip,,0.08262,0.05409543250829274,0.08979000000000001,,,datalab.xlsx,,,,TRAIN,영월군,시군구,강원특별자치도,왕과 사는 남자,,,,,,,,,,-4.442651256490317,
2025-11-13,왕과 사는 남자,영월군,2026-02-04,-83,개봉전,목,0,38098.0,15026.0,23072.0,0.39440390571683553,0.01665154507124944,40762.57142857143,,,,,,,,,,영월군 관광데이터/20260915130701_영월군_20251101-20251130_데이터랩_다운로드.zip,,0.08092,-0.020576131687242705,0.08891142857142856,,,datalab.xlsx,,,,TRAIN,영월군,시군구,강원특별자치도,왕과 사는 남자,,,,,,,,,,-4.430816798843313,
2025-11-14,왕과 사는 남자,영월군,2026-02-04,-82,개봉전,금,0,41944.0,18812.0,23132.0,0.4485027655922182,0.10095018111186937,40726.57142857143,,,,,,,,,,영월군 관광데이터/20260915130701_영월군_20251101-20251130_데이터랩_다운로드.zip,,0.07895,-0.02434503213049921,0.08679142857142856,,,datalab.xlsx,,,,TRAIN,영월군,시군구,강원특별자치도,왕과 사는 남자,,,,,,,,,,-4.418840607796598,
2025-11-15,왕과 사는 남자,영월군,2026-02-04,-81,개봉전,토,1,47159.0,27398.0,19761.0,0.5809707584978477,0.1243324432576769,40729.0,,,,,,,,,,영월군 관광데이터/20260915130701_영월군_20251101-20251130_데이터랩_다운로드.zip,,0.08884,0.12526915769474334,0.08563,,,datalab.xlsx,,,,TRAIN,영월군,시군구,강원특별자치도,왕과 사는 남자,,,,,,,,,,-4.406719247264253,
2025-11-16,왕과 사는 남자,영월군,2026-02-04,-80,개봉전,일,1,43452.0,24248.0,19204.0,0.5580410567983062,-0.07860641659068257,40490.42857142857,,,,,,,,,,영월군 관광데이터/20260915130701_영월군_20251101-20251130_데이터랩_다운로드.zip,,0.08637,-0.027802791535344484,0.08250000000000002,,,datalab.xlsx,,,,TRAIN,영월군,시군구,강원특별자치도,왕과 사는 남자,,,,,,,,,,-4.394449154672439,
2025-11-17,왕과 사는 남자,영월군,2026-02-04,-79,개봉전,월,0,35976.0,13240.0,22736.0,0.368023126528797,-0.17205191935929298,40323.28571428572,,,,,,,,,,영월군 관광데이터/20260915130701_영월군_20251101-20251130_데이터랩_다운로드.zip,,0.07322,-0.1522519393307863,0.08132857142857143,,,datalab.xlsx,,,,TRAIN,영월군,시군구,강원특별자치도,왕과 사는 남자,,,,,,,,,,-4.382026634673881,
2025-11-18,왕과 사는 남자,영월군,2026-02-04,-78,개봉전,화,0,35490.0,12960.0,22530.0,0.36517328825021134,-0.013509006004002622,39941.857142857145,,,,,,,,,,영월군 관광데이터/20260915130701_영월군_20251101-20251130_데이터랩_다운로드.zip,,0.06997,-0.04438677956842374,0.08012714285714286,,,datalab.xlsx,,,,TRAIN,영월군,시군구,강원특별자치도,왕과 사는 남자,,,,,,,,,,-4.3694478524670215,
2025-11-19,왕과 사는 남자,영월군,2026-02-04,-77,개봉전,수,0,36530.0,13328.0,23202.0,0.36485080755543386,0.0293040293040292,39807.0,,,,,,,,,,영월군 관광데이터/20260915130701_영월군_20251101-20251130_데이터랩_다운로드.zip,,0.06792,-0.029298270687437622,0.07802714285714286,,,datalab.xlsx,,,,TRAIN,영월군,시군구,강원특별자치도,왕과 사는 남자,,,,,,,,,,-4.356708826689592,
2025-11-20,왕과 사는 남자,영월군,2026-02-04,-76,개봉전,목,0,36614.0,13748.0,22866.0,0.3754847872398536,0.0022994798795510363,39595.0,,,,,,,,,,영월군 관광데이터/20260915130701_영월군_20251101-20251130_데이터랩_다운로드.zip,,0.067,-0.013545347467608826,0.07603857142857143,,,datalab.xlsx,,,,TRAIN,영월군,시군구,강원특별자치도,왕과 사는 남자,,,,,,,,,,-4.343805421853684,
2025-11-21,왕과 사는 남자,영월군,2026-02-04,-75,개봉전,금,0,39420.0,16516.0,22904.0,0.41897513952308474,0.07663735183263243,39234.42857142857,,,,,,,,,,영월군 관광데이터/20260915130701_영월군_20251101-20251130_데이터랩_다운로드.zip,,0.07167,0.06970149253731339,0.07499857142857143,,,datalab.xlsx,,,,TRAIN,영월군,시군구,강원특별자치도,왕과 사는 남자,,,,,,,,,,-4.330733340286331,
2025-11-22,왕과 사는 남자,영월군,2026-02-04,-74,개봉전,토,1,41328.0,21966.0,19362.0,0.5315040650406504,0.04840182648401825,38401.42857142857,,,,,,,,,,영월군 관광데이터/20260915130701_영월군_20251101-20251130_데이터랩_다운로드.zip,,0.07428,0.03641691084135634,0.07291857142857143,,,datalab.xlsx,,,,TRAIN,영월군,시군구,강원특별자치도,왕과 사는 남자,,,,,,,,,,-4.31748811353631,
2025-11-23,왕과 사는 남자,영월군,2026-02-04,-73,개봉전,일,1,39018.0,20356.0,18662.0,0.521707929673484,-0.055894308943089444,37768.0,,,,,,,,,,영월군 관광데이터/20260915130701_영월군_20251101-20251130_데이터랩_다운로드.zip,,0.07131,-0.03998384491114704,0.07076714285714285,,,datalab.xlsx,,,,TRAIN,영월군,시군구,강원특별자치도,왕과 사는 남자,,,,,,,,,,-4.30406509320417,
2025-11-24,왕과 사는 남자,영월군,2026-02-04,-72,개봉전,월,0,37016.0,13874.0,23142.0,0.3748108925869894,-0.05130965195550774,37916.57142857143,,,,,,,,,,영월군 관광데이터/20260915130701_영월군_20251101-20251130_데이터랩_다운로드.zip,,0.06898,-0.03267423923713364,0.07016142857142857,,,datalab.xlsx,,,,TRAIN,영월군,시군구,강원특별자치도,왕과 사는 남자,,,,,,,,,,-4.290459441148391,
2025-11-25,왕과 사는 남자,영월군,2026-02-04,-71,개봉전,화,0,35038.0,12918.0,22120.0,0.3686854272504138,-0.05343635184784956,37852.0,,,,,,,,,,영월군 관광데이터/20260915130701_영월군_20251101-20251130_데이터랩_다운로드.zip,,0.06587,-0.045085532038272036,0.06957571428571428,,,datalab.xlsx,,,,TRAIN,영월군,시군구,강원특별자치도,왕과 사는 남자,,,,,,,,,,-4.276666119016055,
2025-11-26,왕과 사는 남자,영월군,2026-02-04,-70,개봉전,수,0,36536.0,13580.0,22956.0,0.37168819794175606,0.04275358182544675,37852.857142857145,,,,,,,,,,영월군 관광데이터/20260915130701_영월군_20251101-20251130_데이터랩_다운로드.zip,,0.06382,-0.031121906786093723,0.06899,,,datalab.xlsx,,,,TRAIN,영월군,시군구,강원특별자치도,왕과 사는 남자,,,,,,,,,,-4.2626798770413155,
2025-11-27,왕과 사는 남자,영월군,2026-02-04,-69,개봉전,목,0,34069.0,12058.0,22012.0,0.35392879157004903,-0.06752244361725424,37489.28571428572,,,,,,,,,,영월군 관광데이터/20260915130701_영월군_20251101-20251130_데이터랩_다운로드.zip,,0.06191,-0.029927922281416497,0.06826285714285714,,,datalab.xlsx,,,,TRAIN,영월군,시군구,강원특별자치도,왕과 사는 남자,,,,,,,,,,-4.248495242049359,
2025-11-28,왕과 사는 남자,영월군,2026-02-04,-68,개봉전,금,0,37236.0,14542.0,22694.0,0.39053604039101947,0.09295840793683396,37177.28571428572,,,,,,,,,,영월군 관광데이터/20260915130701_영월군_20251101-20251130_데이터랩_다운로드.zip,,0.06325,0.021644322403489014,0.06706,,,datalab.xlsx,,,,TRAIN,영월군,시군구,강원특별자치도,왕과 사는 남자,,,,,,,,,,-4.23410650459726,
2025-11-29,왕과 사는 남자,영월군,2026-02-04,-67,개봉전,토,1,39683.0,20492.0,19190.0,0.5163924098480458,0.06571597378880645,36942.28571428572,39632.03571428572,1.0012859366115254,,,,,,,,영월군 관광데이터/20260915130701_영월군_20251101-20251130_데이터랩_다운로드.zip,,0.05923,-0.06355731225296446,0.06491000000000001,0.08045535714285716,0.8067828209965597,datalab.xlsx,27142.5,0.754978354978355,0.736184663189435,TRAIN,영월군,시군구,강원특별자치도,왕과 사는 남자,,,,,,,,,,-4.219507705176107,0.0012851105031804675
2025-11-30,왕과 사는 남자,영월군,2026-02-04,-66,개봉전,일,1,36250.0,17622.0,18627.0,0.4861241379310345,-0.08651059647708081,36546.857142857145,39207.642857142855,0.9245646348106328,,,,,,,,영월군 관광데이터/20260915130701_영월군_20251101-20251130_데이터랩_다운로드.zip,,0.06029,0.01789633631605625,0.0633357142857143,0.07878428571428574,0.8039130355944804,datalab.xlsx,24265.5,0.7262162329232862,0.7652541297213002,TRAIN,영월군,시군구,강원특별자치도,왕과 사는 남자,,,,0.736184663189435,,,,,,-4.204692619390966,-0.07843231733686896
2025-12-01,왕과 사는 남자,영월군,2026-02-04,-65,개봉전,월,0,33044.0,10367.0,22676.0,0.31373320421256506,-0.08844137931034479,35979.42857142857,38868.92857142857,0.8501392041016971,,,,,,,,영월군 관광데이터/20260915130718_영월군_20251201-20251231_데이터랩_다운로드.zip,,0.06827,0.13236025874937796,0.06323428571428572,0.077535,0.8155579507872021,datalab.xlsx,13657.5,0.7590701079992678,0.8805055781260075,TRAIN,영월군,시군구,강원특별자치도,왕과 사는 남자,,,,0.7652541297213002,,,,,,-4.189654742026425,-0.16235517337513236
2025-12-02,왕과 사는 남자,영월군,2026-02-04,-64,개봉전,화,0,32736.0,10356.0,22379.0,0.3163489736070381,-0.009320905459387463,35650.57142857143,38742.71428571428,0.8449588678424331,,,,,,,,영월군 관광데이터/20260915130718_영월군_20251201-20251231_데이터랩_다운로드.zip,,0.05894,-0.13666324886480152,0.06224428571428571,0.07662357142857144,0.8123386126984421,datalab.xlsx,13721.5,0.7547279816346609,0.7692149935212027,TRAIN,영월군,시군구,강원특별자치도,왕과 사는 남자,,,,0.8805055781260075,,0.736184663189435,,,,-4.174387269895637,-0.16846732991927874
2025-12-03,왕과 사는 남자,영월군,2026-02-04,-63,개봉전,수,0,32746.0,10577.0,22169.0,0.3230012825994015,0.00030547409579662066,35109.142857142855,38549.607142857145,0.8494509393740347,,,,,,,,영월군 관광데이터/20260915130718_영월군_20251201-20251231_데이터랩_다운로드.zip,,0.06043,0.02527994570749903,0.061759999999999995,0.07545964285714286,0.8184507328893873,datalab.xlsx,13784.5,0.7673111103050527,0.8008254175600013,TRAIN,영월군,시군구,강원특별자치도,왕과 사는 남자,,,,0.7692149935212027,,0.7652541297213002,,,,-4.1588830833596715,-0.16316509189334422
2025-12-04,왕과 사는 남자,영월군,2026-02-04,-62,개봉전,목,0,32428.0,10164.0,22264.0,0.31343283582089554,-0.009711109753863023,34874.71428571428,38381.25,0.844891711447647,,,,,,,,영월군 관광데이터/20260915130718_영월군_20251201-20251231_데이터랩_다운로드.zip,,0.06495,0.07479728611616743,0.062194285714285716,0.07464178571428572,0.8332368407202018,datalab.xlsx,13906.5,0.730881242584403,0.8701560309478126,TRAIN,영월군,시군구,강원특별자치도,왕과 사는 남자,,,,0.8008254175600013,,0.8805055781260075,,,,-4.143134726391533,-0.1685468119701116
2025-12-05,왕과 사는 남자,영월군,2026-02-04,-61,개봉전,금,0,33148.0,11067.0,22082.0,0.33386629660914685,0.022203034414703282,34290.71428571428,38180.392857142855,0.8681943143966004,,,,,,,,영월군 관광데이터/20260915130718_영월군_20251201-20251231_데이터랩_다운로드.zip,,0.05831,-0.10223248652809847,0.061488571428571434,0.0738517857142857,0.8325942403946129,datalab.xlsx,17186.5,0.6439356471649259,0.7895543680634477,TRAIN,영월군,시군구,강원특별자치도,왕과 사는 남자,,,,0.8701560309478126,,0.7692149935212027,,,,-4.127134385045092,-0.14133972486349525
2025-12-06,왕과 사는 남자,영월군,2026-02-04,-60,개봉전,토,1,34685.0,15792.0,18893.0,0.4552976791120081,0.04636780499577653,33576.71428571428,37857.25,0.9162049541369223,,,,,,,,영월군 관광데이터/20260915130718_영월군_20251201-20251231_데이터랩_다운로드.zip,,0.05357,-0.0812896587206311,0.060680000000000005,0.07258464285714285,0.8359895097841438,datalab.xlsx,24354.5,0.6484222628261718,0.7380349050615784,TRAIN,영월군,시군구,강원특별자치도,왕과 사는 남자,,,,0.7895543680634477,,0.8008254175600013,,0.736184663189435,,-4.110873864173311,-0.08751519027831854
2025-12-07,왕과 사는 남자,영월군,2026-02-04,-59,개봉전,일,1,32333.0,14046.0,18288.0,0.4344168496582439,-0.0678102926337033,33017.142857142855,37412.357142857145,0.8642331697128336,,,,,,,,영월군 관광데이터/20260915130718_영월군_20251201-20251231_데이터랩_다운로드.zip,,0.0511,-0.04610789621056566,0.05936714285714285,0.07103464285714285,0.8357491565986415,datalab.xlsx,22052.5,0.6369345879152024,0.7193673107186132,TRAIN,영월군,시군구,강원특별자치도,왕과 사는 남자,,,,0.7380349050615784,,0.8701560309478126,,0.7652541297213002,,-4.0943445622221,-0.1459126742342578
2025-12-08,왕과 사는 남자,영월군,2026-02-04,-58,개봉전,월,0,32165.0,9958.0,22208.0,0.3095911705269703,-0.00519592985494699,32891.57142857143,36955.607142857145,0.8703685986178397,,,,,,,,영월군 관광데이터/20260915130718_영월군_20251201-20251231_데이터랩_다운로드.zip,,0.0593,0.16046966731898227,0.05808571428571428,0.0689925,0.8419134585022181,datalab.xlsx,12897.25,0.7721025800073659,0.859513715258905,TRAIN,영월군,시군구,강원특별자치도,왕과 사는 남자,,,,0.7193673107186132,,0.7895543680634477,,0.8805055781260075,,-4.07753744390572,-0.1388384804868549
2025-12-09,왕과 사는 남자,영월군,2026-02-04,-57,개봉전,화,0,33408.0,11186.0,22222.0,0.3348299808429119,0.03864448935177989,32987.57142857143,36777.71428571428,0.9083761905501779,,,,,,,,영월군 관광데이터/20260915130718_영월군_20251201-20251231_데이터랩_다운로드.zip,,0.05859,-0.011973018549746972,0.05803571428571429,0.06820249999999999,0.8509323600412639,datalab.xlsx,12661.0,0.8835005133875681,0.8590594186430118,TRAIN,영월군,시군구,강원특별자치도,왕과 사는 남자,,,,0.859513715258905,,0.7380349050615784,,0.7692149935212027,,-4.060443010546419,-0.09609667940887336
2025-12-10,왕과 사는 남자,영월군,2026-02-04,-56,개봉전,수,0,33338.0,11008.0,22330.0,0.33019377287179796,-0.0020953065134099447,33072.142857142855,36608.0,0.9106752622377622,,,,,,,,영월군 관광데이터/20260915130718_영월군_20251201-20251231_데이터랩_다운로드.zip,,0.05534,-0.055470216760539426,0.05730857142857143,0.06749571428571428,0.8490697822083942,datalab.xlsx,12898.25,0.8534491113135503,0.8199039092429149,TRAIN,영월군,시군구,강원특별자치도,왕과 사는 남자,,,,0.8590594186430118,,0.7193673107186132,,0.8008254175600013,,-4.04305126783455,-0.09356890823643652
2025-12-11,왕과 사는 남자,영월군,2026-02-04,-55,개봉전,목,0,32434.0,10521.0,21914.0,0.324381821545292,-0.027116203731477606,33073.0,36460.28571428572,0.8895706482983441,,,,,,,,영월군 관광데이터/20260915130718_영월군_20251201-20251231_데이터랩_다운로드.zip,,0.08488,0.5337911095048788,0.06015571428571429,0.06652142857142856,0.9043058090840762,datalab.xlsx,12749.0,0.8252411953878735,1.275979813164394,TRAIN,영월군,시군구,강원특별자치도,왕과 사는 남자,,,,0.8199039092429149,,0.859513715258905,,0.8701560309478126,,-4.02535169073515,-0.11701635029908973
2025-12-12,왕과 사는 남자,영월군,2026-02-04,-54,개봉전,금,0,35066.0,12750.0,22316.0,0.3636000684423658,0.0811494111117963,33347.0,36258.0,0.9671244966628054,,,,,,,,영월군 관광데이터/20260915130718_영월군_20251201-20251231_데이터랩_다운로드.zip,,0.52077,5.135367577756833,0.12622142857142857,0.06666285714285713,1.8934296245499744,datalab.xlsx,15234.25,0.8369299440405665,7.811996399794274,TRAIN,영월군,시군구,강원특별자치도,왕과 사는 남자,,,,1.275979813164394,,0.8590594186430118,,0.7895543680634477,,-4.007333185232471,-0.033428046559539897
2025-12-13,왕과 사는 남자,영월군,2026-02-04,-53,개봉전,토,1,34783.0,16268.0,18515.0,0.46769973837794326,-0.00807049563679918,33361.0,36012.357142857145,0.9658629081684262,,,,,,,,영월군 관광데이터/20260915130718_영월군_20251201-20251231_데이터랩_다운로드.zip,,0.55449,0.0647502736332739,0.19778142857142855,0.08244214285714284,2.399033088139735,datalab.xlsx,21412.0,0.7597608817485522,6.72580770930263,TRAIN,영월군,시군구,강원특별자치도,왕과 사는 남자,,,,7.811996399794274,,0.8199039092429149,,0.7380349050615784,,-3.9889840465642745,-0.034733371850701494
2025-12-14,왕과 사는 남자,영월군,2026-02-04,-52,개봉전,일,1,31174.0,13594.0,17580.0,0.436068518637326,-0.10375758272719426,33195.42857142857,35570.357142857145,0.8764039077482253,,,,,,,,영월군 관광데이터/20260915130718_영월군_20251201-20251231_데이터랩_다운로드.zip,,0.4877,-0.12045302890944831,0.26015285714285713,0.0990725,2.62588364221007,datalab.xlsx,19068.0,0.7129221732745962,4.9226576497009775,TRAIN,영월군,시군구,강원특별자치도,왕과 사는 남자,,,,6.72580770930263,,1.275979813164394,,0.7193673107186132,,-3.970291913552122,-0.1319282124069766
2025-12-15,왕과 사는 남자,영월군,2026-02-04,-51,개봉전,월,0,32098.0,10276.0,21822.0,0.3201445572932893,0.029640084685956136,33185.857142857145,35131.857142857145,0.9136437014837977,,,,,,,,영월군 관광데이터/20260915130718_영월군_20251201-20251231_데이터랩_다운로드.zip,,0.4496,-0.07812179618618009,0.31591,0.11340571428571426,2.7856620981558002,datalab.xlsx,11859.75,0.8664600855835916,3.9645268567973404,TRAIN,영월군,시군구,강원특별자치도,왕과 사는 남자,,,,4.9226576497009775,,7.811996399794274,,0.859513715258905,,-3.9512437185814275,-0.09031460685073446
2025-12-16,왕과 사는 남자,영월군,2026-02-04,-50,개봉전,화,0,32910.0,11004.0,21906.0,0.3343664539653601,0.025297526325627873,33114.71428571428,34993.357142857145,0.940464210554248,,,,,,,,영월군 관광데이터/20260915130718_영월군_20251201-20251231_데이터랩_다운로드.zip,,0.38394,-0.14604092526690393,0.3623885714285714,0.12684785714285712,2.856875784826592,datalab.xlsx,11855.0,0.9282159426402362,3.0267756085749524,TRAIN,영월군,시군구,강원특별자치도,왕과 사는 남자,,,,3.9645268567973404,,6.72580770930263,,0.8590594186430118,,-3.9318256327243257,-0.0613816846022732
2025-12-17,왕과 사는 남자,영월군,2026-02-04,-49,개봉전,수,0,33274.0,11098.0,22176.0,0.3335336899681433,0.011060467942874519,33105.57142857143,34901.21428571428,0.9533765710157446,,,,,,,,영월군 관광데이터/20260915130718_영월군_20251201-20251231_데이터랩_다운로드.zip,,0.30901,-0.19516070219305104,0.3986271428571428,0.13806107142857144,2.8873247087857075,datalab.xlsx,12123.25,0.9154310931474646,2.238212385305675,TRAIN,영월군,시군구,강원특별자치도,왕과 사는 남자,,,,3.0267756085749524,,4.9226576497009775,,0.8199039092429149,,-3.912023005428146,-0.04774531065250017
2025-12-18,왕과 사는 남자,영월군,2026-02-04,-48,개봉전,목,0,33439.0,11382.0,22057.0,0.3403809922545531,0.004958826711546571,33249.142857142855,34784.92857142857,0.9613071342473855,,,,,,,,영월군 관광데이터/20260915130718_영월군_20251201-20251231_데이터랩_다운로드.zip,,0.26279,-0.1495744474288857,0.42404285714285717,0.14667142857142856,2.891107431576897,datalab.xlsx,11622.75,0.9792863134800284,1.7916918281873968,TRAIN,영월군,시군구,강원특별자치도,왕과 사는 남자,,,,2.238212385305675,,3.9645268567973404,,1.275979813164394,,-3.8918202981106265,-0.03946132248010305
2025-12-19,왕과 사는 남자,영월군,2026-02-04,-47,개봉전,금,0,36351.0,14122.0,22228.0,0.3884900002750956,0.08708394389784391,33432.71428571428,34671.53571428572,1.0484392817080292,,,,,,,,영월군 관광데이터/20260915130718_영월군_20251201-20251231_데이터랩_다운로드.zip,,0.81686,2.108413562159899,0.4663414285714286,0.15366392857142855,3.034813914409693,datalab.xlsx,13718.75,1.0293940774487471,5.315886477679724,TRAIN,영월군,시군구,강원특별자치도,왕과 사는 남자,,,,1.7916918281873968,,3.0267756085749524,,7.811996399794274,,-3.871201010907891,0.04730266001016964
2025-12-20,왕과 사는 남자,영월군,2026-02-04,-46,개봉전,토,1,35780.0,17196.0,18585.0,0.4806036892118502,-0.015707958515584153,33575.142857142855,34561.92857142857,1.035243155660543,,,,,,,,영월군 관광데이터/20260915130718_영월군_20251201-20251231_데이터랩_다운로드.zip,,0.56403,-0.30951448228582623,0.46770428571428574,0.18027785714285713,2.5943523687640906,datalab.xlsx,18629.5,0.9230521484741941,3.1286704254147373,TRAIN,영월군,시군구,강원특별자치도,왕과 사는 남자,,,,5.315886477679724,,2.238212385305675,,6.72580770930263,,-3.8501476017100584,0.03463633213025098
2025-12-21,왕과 사는 남자,영월군,2026-02-04,-45,개봉전,일,1,34188.0,16166.0,18022.0,0.47285597285597286,-0.04449413079932918,34005.71428571428,34363.78571428572,0.9948845649385877,,,,,,,,영월군 관광데이터/20260915130718_영월군_20251201-20251231_데이터랩_다운로드.zip,,0.32237,-0.4284523872843644,0.44408571428571425,0.19776892857142855,2.2454776768703737,datalab.xlsx,16404.5,0.9854613063488676,1.6300336070414065,TRAIN,영월군,시군구,강원특별자치도,왕과 사는 남자,,,,3.1286704254147373,,1.7916918281873968,,4.9226576497009775,,-3.828641396489095,-0.005128563690918658
2025-12-22,왕과 사는 남자,영월군,2026-02-04,-44,개봉전,월,0,33579.0,11764.0,21816.0,0.35033800887459426,-0.017813267813267863,34217.28571428572,34191.28571428572,0.9820923460029497,,,,,,,,영월군 관광데이터/20260915130718_영월군_20251201-20251231_데이터랩_다운로드.zip,,0.35609,0.10460030399851106,0.4307271428571429,0.20673535714285715,2.0834711043622023,datalab.xlsx,11118.75,1.0580326025857223,1.7224436348057126,TRAIN,영월군,시군구,강원특별자치도,왕과 사는 남자,,,,1.6300336070414065,,5.315886477679724,,3.9645268567973404,,-3.8066624897703196,-0.01806993634949104
2025-12-23,왕과 사는 남자,영월군,2026-02-04,-43,개봉전,화,0,33848.0,11830.0,22018.0,0.3495036634365398,0.008010959230471348,34351.28571428572,34068.53571428572,0.9935267040492956,,,,,,,,영월군 관광데이터/20260915130718_영월군_20251201-20251231_데이터랩_다운로드.zip,,0.28809,-0.19096295880254988,0.41703428571428575,0.21698928571428572,1.9219118784666789,datalab.xlsx,11366.0,1.0408235087101882,1.3276692397583818,TRAIN,영월군,시군구,강원특별자치도,왕과 사는 남자,,,,1.7224436348057126,,3.1286704254147373,,3.0267756085749524,,-3.784189633918261,-0.006494338590249309
2025-12-24,왕과 사는 남자,영월군,2026-02-04,-42,개봉전,수,0,35536.0,13352.0,22183.0,0.37573165240882483,0.04987000709052225,34674.42857142857,34026.03571428572,1.0443767325230993,,,,,,,,영월군 관광데이터/20260915130718_영월군_20251201-20251231_데이터랩_다운로드.zip,,0.26321,-0.08636190079489048,0.41049142857142856,0.2249257142857143,1.8250088918246021,datalab.xlsx,11565.75,1.1544430754598707,1.1702085767999593,TRAIN,영월군,시군구,강원특별자치도,왕과 사는 남자,,,,1.3276692397583818,,1.6300336070414065,,2.238212385305675,,-3.7612001156935624,0.04342027927515698
2025-12-25,왕과 사는 남자,영월군,2026-02-04,-41,개봉전,목,0,33453.0,14966.0,18487.0,0.4473739275999163,-0.05861661413777575,34676.42857142857,33990.32142857143,0.9841919285847127,,,,,,,,영월군 관광데이터/20260915130718_영월군_20251201-20251231_데이터랩_다운로드.zip,,0.22165,-0.15789673644618363,0.4046142857142857,0.23204678571428575,1.7436754595363309,datalab.xlsx,11031.25,1.3566912181303117,0.9551953039026919,TRAIN,영월군,시군구,강원특별자치도,왕과 사는 남자,,,,1.1702085767999593,,1.7224436348057126,,1.7916918281873968,,-3.7376696182833684,-0.01593435157483173
2025-12-26,왕과 사는 남자,영월군,2026-02-04,-40,개봉전,금,0,36407.0,15782.0,20626.0,0.4334880654819128,0.08830299225779448,34684.42857142857,33968.32142857143,1.0717927312527533,,,,,,,,영월군 관광데이터/20260915130718_영월군_20251201-20251231_데이터랩_다운로드.zip,,0.21897,-0.012091134671779913,0.3192014285714286,0.23775178571428573,1.3425826755094223,datalab.xlsx,13120.25,1.2028734208570722,0.9210025461728543,TRAIN,영월군,시군구,강원특별자치도,왕과 사는 남자,,,,0.9551953039026919,,1.3276692397583818,,5.315886477679724,,-3.713572066704308,0.06933269624254786
2025-12-27,왕과 사는 남자,영월군,2026-02-04,-39,개봉전,토,1,36592.0,18728.0,17864.0,0.5118058592041976,0.005081440382344038,34800.42857142857,33938.71428571428,1.0781787339363813,,,,,,,,영월군 관광데이터/20260915130718_영월군_20251201-20251231_데이터랩_다운로드.zip,,0.22639,0.03388592044572314,0.2709671428571429,0.2433132142857143,1.113655678967586,datalab.xlsx,17437.0,1.0740379652463152,0.930446793301403,TRAIN,영월군,시군구,강원특별자치도,왕과 사는 남자,,,,0.9210025461728543,,1.1702085767999593,,3.1286704254147373,,-3.6888794541139363,0.07527326016848279
2025-12-28,왕과 사는 남자,영월군,2026-02-04,-38,개봉전,일,1,35214.0,17458.0,17756.0,0.4957687283466803,-0.037658504591167485,34947.0,33828.32142857143,1.0409620848127046,,,,,,,,영월군 관광데이터/20260915130718_영월군_20251201-20251231_데이터랩_다운로드.zip,,0.22476,-0.007199964662750191,0.25702285714285716,0.2492832142857143,1.0310475893024715,datalab.xlsx,15357.0,1.136810574982093,0.9016250879306812,TRAIN,영월군,시군구,강원특별자치도,왕과 사는 남자,,,,0.930446793301403,,0.9551953039026919,,1.6300336070414065,,-3.6635616461296463,0.040145367079725616
2025-12-29,왕과 사는 남자,영월군,2026-02-04,-37,개봉전,월,0,34604.0,13083.0,21522.0,0.3780776788810542,-0.01732265576191283,35093.42857142857,33791.32142857143,1.0240499198336006,,,,,,,,영월군 관광데이터/20260915130718_영월군_20251201-20251231_데이터랩_다운로드.zip,,0.28251,0.2569407367859049,0.24651142857142858,0.25515714285714286,0.9661161189183136,datalab.xlsx,10591.25,1.2352649592824265,1.1072000447903252,TRAIN,영월군,시군구,강원특별자치도,왕과 사는 남자,,,,0.9016250879306812,,0.9210025461728543,,1.7224436348057126,,-3.6375861597263857,0.023765275266581926
2025-12-30,왕과 사는 남자,영월군,2026-02-04,-36,개봉전,화,0,34160.0,12534.0,21626.0,0.36692037470725997,-0.012830886602704927,35138.0,33847.03571428572,1.0092464311603568,,,,,,,,영월군 관광데이터/20260915130718_영월군_20251201-20251231_데이터랩_다운로드.zip,,0.20363,-0.279211355350253,0.23444571428571429,0.26280857142857145,0.8920778839568181,datalab.xlsx,11094.0,1.1297998918334236,0.7748225215528957,TRAIN,영월군,시군구,강원특별자치도,왕과 사는 남자,,,,1.1072000447903252,,0.930446793301403,,1.3276692397583818,,-3.6109179126442243,0.009203944614224397
2025-12-31,왕과 사는 남자,영월군,2026-02-04,-35,개봉전,수,0,36536.0,14973.0,21564.0,0.40981497700897745,0.06955503512880568,35280.857142857145,33897.892857142855,1.0778251071231777,,,,,,,,영월군 관광데이터/20260915130718_영월군_20251201-20251231_데이터랩_다운로드.zip,,0.24377,0.19712223149830566,0.23166857142857142,0.26797607142857144,0.8645121566024684,datalab.xlsx,11508.75,1.301010101010101,0.909670772843524,TRAIN,영월군,시군구,강원특별자치도,왕과 사는 남자,,,,0.7748225215528957,,0.9016250879306812,,1.1702085767999593,,-3.58351893845611,0.07494522103456273
2026-01-01,왕과 사는 남자,영월군,2026-02-04,-34,개봉전,목,0,35276.0,18382.0,16894.0,0.5210908266243338,-0.0344865338296475,35541.28571428572,34033.25,1.0365157603226256,,,,,,,,영월군 관광데이터/20260915130810_영월군_20260101-20260131_데이터랩_다운로드.zip,,0.26201,0.07482462977396742,0.2374342857142857,0.2745239285714286,0.8648946813119334,datalab.xlsx,11758.25,1.5633278761720495,0.954415891406812,TRAIN,영월군,시군구,강원특별자치도,왕과 사는 남자,,,,0.909670772843524,,1.1072000447903252,,0.9551953039026919,,-3.5553480614894135,0.03586485810624559
2026-01-02,왕과 사는 남자,영월군,2026-02-04,-33,개봉전,금,0,34342.0,14728.0,19614.0,0.4288626172034244,-0.026476924821408288,35246.28571428572,34134.96428571428,1.0060652096352818,,,,,,,,영월군 관광데이터/20260915130810_영월군_20260101-20260131_데이터랩_다운로드.zip,,0.51773,0.9759932826991335,0.2801142857142857,0.28156178571428575,0.9948590324630598,datalab.xlsx,13430.25,1.0966288788369538,1.8387793595163708,TRAIN,영월군,시군구,강원특별자치도,왕과 사는 남자,,,,0.954415891406812,,0.7748225215528957,,0.9210025461728543,,-3.5263605246161616,0.006046890287791651
2026-01-03,왕과 사는 남자,영월군,2026-02-04,-32,개봉전,토,1,35354.0,17976.0,17378.0,0.508457317418114,0.029468289557975647,35069.42857142857,34177.607142857145,1.0344199888607097,,,,,,,,영월군 관광데이터/20260915130810_영월군_20260101-20260131_데이터랩_다운로드.zip,,0.50848,-0.01786645548838195,0.32041285714285717,0.2979696428571429,1.0753204724834144,datalab.xlsx,16996.0,1.057660626029654,1.7064825635401497,TRAIN,영월군,시군구,강원특별자치도,왕과 사는 남자,,,,1.8387793595163708,,0.909670772843524,,0.930446793301403,,-3.4965075614664802,0.033840872400084085
2026-01-04,왕과 사는 남자,영월군,2026-02-04,-31,개봉전,일,1,34052.0,16296.0,17756.0,0.47856219898978036,-0.036827515981218584,34903.42857142857,34201.5,0.9956288466880108,,,,,,,,영월군 관광데이터/20260915130810_영월군_20260101-20260131_데이터랩_다운로드.zip,,0.49653,-0.02350141598489619,0.35923714285714287,0.3142164285714286,1.1432793138487347,datalab.xlsx,15316.0,1.0639853747714807,1.5802165477389332,TRAIN,영월군,시군구,강원특별자치도,왕과 사는 남자,,,,1.7064825635401497,,0.954415891406812,,0.9016250879306812,,-3.4657359027997265,-0.004380734734065361
2026-01-05,왕과 사는 남자,영월군,2026-02-04,-30,개봉전,월,0,31003.0,9908.0,21094.0,0.31958197593781246,-0.0895395277810408,34389.0,34262.892857142855,0.9048564617490185,,,,,,,,영월군 관광데이터/20260915130810_영월군_20260101-20260131_데이터랩_다운로드.zip,,0.38811,-0.21835538638148755,0.37432285714285723,0.3301246428571429,1.1338834141649963,datalab.xlsx,11270.25,0.8791286794880326,1.175646860655445,TRAIN,영월군,시군구,강원특별자치도,왕과 사는 남자,22.0,,,1.5802165477389332,,1.8387793595163708,,1.1072000447903252,,-3.4339872044851463,-0.09997895366363083
2026-01-06,왕과 사는 남자,영월군,2026-02-04,-29,개봉전,화,0,31364.0,10178.0,21186.0,0.3245121795689325,0.011644034448279106,33989.57142857143,34221.392857142855,0.9165027306436346,,,,,,,,영월군 관광데이터/20260915130810_영월군_20260101-20260131_데이터랩_다운로드.zip,,0.39475,0.0171085516992604,0.4016257142857143,0.34186785714285717,1.174798115395464,datalab.xlsx,11638.5,0.8745113201873094,1.1546859166553491,TRAIN,영월군,시군구,강원특별자치도,왕과 사는 남자,15.0,,,1.175646860655445,,1.7064825635401497,,0.7748225215528957,,-3.4011973816621555,-0.08719023228113701
2026-01-07,왕과 사는 남자,영월군,2026-02-04,-28,개봉전,수,0,30751.0,9919.0,20832.0,0.32255861597996816,-0.01954470093100369,33163.142857142855,34148.392857142855,0.9005109004293238,,,,,,,,영월군 관광데이터/20260915130810_영월군_20260101-20260131_데이터랩_다운로드.zip,,0.34725,-0.12032932235592142,0.4164085714285715,0.3538735714285714,1.1767156551068485,datalab.xlsx,12607.75,0.7867383157185065,0.9812826614832174,TRAIN,영월군,시군구,강원특별자치도,왕과 사는 남자,27.0,,,1.1546859166553491,,1.5802165477389332,,0.909670772843524,,-3.367295829986474,-0.104793009576176
2026-01-08,왕과 사는 남자,영월군,2026-02-04,-27,개봉전,목,0,30552.0,10073.0,20478.0,0.32970018329405604,-0.006471334265552353,32488.285714285714,34056.0,0.8971106412966878,,,,,,,,영월군 관광데이터/20260915130810_영월군_20260101-20260131_데이터랩_다운로드.zip,,0.49724,0.4319366450683946,0.45001285714285716,0.3642989285714286,1.2352846024212847,datalab.xlsx,13812.75,0.7292537691625491,1.3649230371055168,TRAIN,영월군,시군구,강원특별자치도,왕과 사는 남자,20.0,,,0.9812826614832174,,1.175646860655445,,0.954415891406812,,-3.332204510175204,-0.10857607860263611
2026-01-09,왕과 사는 남자,영월군,2026-02-04,-26,개봉전,금,0,33215.0,12439.0,20776.0,0.3744994731296101,0.08716286986122013,32327.285714285714,33988.78571428572,0.9772340877138047,,,,,,,,영월군 관광데이터/20260915130810_영월군_20260101-20260131_데이터랩_다운로드.zip,,0.49201,-0.010518059689485937,0.4463385714285714,0.3790260714285715,1.1775933242436205,datalab.xlsx,14345.5,0.8671011815551916,1.2980901238418387,TRAIN,영월군,시군구,강원특별자치도,왕과 사는 남자,26.0,,,1.3649230371055168,,1.1546859166553491,,1.8387793595163708,,-3.295836866004329,-0.023029057159668236
2026-01-10,왕과 사는 남자,영월군,2026-02-04,-25,개봉전,토,1,29932.0,14196.0,15736.0,0.47427502338634236,-0.09884088514225498,31552.714285714286,33922.67857142857,0.8823595677143925,,,,,,,,영월군 관광데이터/20260915130810_영월군_20260101-20260131_데이터랩_다운로드.zip,,0.4537,-0.07786427105140137,0.4385128571428572,0.37799892857142864,1.1600902118959142,datalab.xlsx,17542.0,0.8092577813248204,1.2002679523845965,TRAIN,영월군,시군구,강원특별자치도,왕과 사는 남자,27.0,,,1.2980901238418387,,0.9812826614832174,,1.7064825635401497,,-3.258096538021482,-0.125155632905895
2026-01-11,왕과 사는 남자,영월군,2026-02-04,-24,개봉전,일,1,29544.0,13478.0,16065.0,0.45620092066070944,-0.012962715488440413,30908.714285714286,33749.42857142857,0.8753925992397754,,,,,,,,영월군 관광데이터/20260915130810_영월군_20260101-20260131_데이터랩_다운로드.zip,,0.56347,0.24194401586951741,0.4480757142857143,0.37439928571428577,1.1967857081534419,datalab.xlsx,15878.5,0.848820732436943,1.5049975293756281,TRAIN,영월군,시군구,강원특별자치도,왕과 사는 남자,0.0,,,1.2002679523845965,,1.3649230371055168,,1.5802165477389332,,-3.2188758248682006,-0.13308280840801096
2026-01-12,왕과 사는 남자,영월군,2026-02-04,-23,개봉전,월,0,28973.0,9300.0,19674.0,0.32098850654057226,-0.019327105334416506,30618.714285714286,33691.21428571428,0.8599571316812141,,,,,,,,영월군 관광데이터/20260915130810_영월군_20260101-20260131_데이터랩_다운로드.zip,,0.66185,0.17459669547624546,0.48718142857142865,0.3771053571428572,1.2918973951008386,datalab.xlsx,11257.75,0.8260975772245787,1.7550798138072439,TRAIN,영월군,시군구,강원특별자치도,왕과 사는 남자,20.0,,,1.5049975293756281,,1.2980901238418387,,1.175646860655445,,-3.1780538303479458,-0.15087273785928992
2026-01-13,왕과 사는 남자,영월군,2026-02-04,-22,개봉전,화,0,29368.0,9656.0,19712.0,0.3287932443475892,0.013633382804680183,30333.571428571428,33579.607142857145,0.874578427170402,,,,,,,,영월군 관광데이터/20260915130810_영월군_20260101-20260131_데이터랩_다운로드.zip,,0.52699,-0.20376218176323957,0.5060728571428572,0.3846857142857143,1.315548871063577,datalab.xlsx,11386.5,0.8480217801782813,1.3699234997029113,TRAIN,영월군,시군구,강원특별자치도,왕과 사는 남자,15.0,,,1.7550798138072439,,1.2002679523845965,,1.1546859166553491,,-3.1354942159291497,-0.13401330624578128
2026-01-14,왕과 사는 남자,영월군,2026-02-04,-21,개봉전,수,0,31724.0,11084.0,20640.0,0.3493884756020678,0.08022337237809851,30472.571428571428,33453.107142857145,0.9483125099419549,,,,,,,,영월군 관광데이터/20260915130810_영월군_20260101-20260131_데이터랩_다운로드.zip,,0.95073,0.8040759786713221,0.5922842857142856,0.3897946428571429,1.5194777469821559,datalab.xlsx,12335.5,0.8985448502290139,2.439053530934329,TRAIN,영월군,시군구,강원특별자치도,왕과 사는 남자,14.0,,,1.3699234997029113,,1.5049975293756281,,0.9812826614832174,,-3.091042453358316,-0.05307117921283886
2026-01-15,왕과 사는 남자,영월군,2026-02-04,-20,개봉전,목,0,30272.0,10566.0,19705.0,0.34903541226215645,-0.04576976421636614,30432.571428571428,33397.75,0.9064083658330276,,,,,,,,영월군 관광데이터/20260915130810_영월군_20260101-20260131_데이터랩_다운로드.zip,,1.00642,0.05857604156805829,0.6650242857142857,0.4127132142857143,1.6113472084126215,datalab.xlsx,13700.75,0.7711986570078281,2.438545617546602,TRAIN,영월군,시군구,강원특별자치도,왕과 사는 남자,22.0,18.6,1.182795698924731,2.439053530934329,,1.7550798138072439,,1.3649230371055168,,-3.044522437723423,-0.09826533957458425
2026-01-16,왕과 사는 남자,영월군,2026-02-04,-19,개봉전,금,0,33512.0,13202.0,20310.0,0.39394843638099786,0.10702959830866798,30475.0,33284.642857142855,1.0068306919750636,,,,,,,,영월군 관광데이터/20260915130810_영월군_20260101-20260131_데이터랩_다운로드.zip,,1.01703,0.010542318316408616,0.7400271428571429,0.4392714285714286,1.6846694201437444,datalab.xlsx,14267.75,0.9253035692383171,2.3152655370906374,TRAIN,영월군,시군구,강원특별자치도,왕과 사는 남자,18.0,18.90909090909091,0.9519230769230769,2.438545617546602,1.182795698924731,1.3699234997029113,,1.2980901238418387,,-2.995732273553991,0.006807468493620081
2026-01-17,왕과 사는 남자,영월군,2026-02-04,-18,개봉전,토,1,37622.0,20006.0,17616.0,0.531763329966509,0.12264263547386012,31573.571428571428,33183.25,1.1337647759035054,,,,,,,,영월군 관광데이터/20260915130810_영월군_20260101-20260131_데이터랩_다운로드.zip,,0.92451,-0.09097076782395808,0.8072857142857143,0.44642035714285716,1.808353273700236,datalab.xlsx,17024.0,1.1751644736842106,2.070940505305298,TRAIN,영월군,시군구,강원특별자치도,왕과 사는 남자,0.0,18.833333333333332,0.0,2.3152655370906374,0.9519230769230769,2.439053530934329,,1.2002679523845965,,-2.9444389791664403,0.12554375513274033
2026-01-18,왕과 사는 남자,영월군,2026-02-04,-17,개봉전,일,1,34514.0,17706.0,16807.0,0.5130092136524309,-0.08261123810536386,32283.571428571428,33249.03571428572,1.038045142018082,,,,,,,,영월군 관광데이터/20260915130810_영월군_20260101-20260131_데이터랩_다운로드.zip,,0.92472,0.0002271473537331925,0.8588928571428571,0.4592946428571429,1.8700258548628523,datalab.xlsx,15849.5,1.1171330325877789,2.0133481075406774,TRAIN,영월군,시군구,강원특별자치도,왕과 사는 남자,24.0,17.384615384615383,1.3805309734513276,2.070940505305298,0.0,2.438545617546602,1.182795698924731,1.5049975293756281,,-2.8903717578961645,0.03733927321817708
2026-01-19,왕과 사는 남자,영월군,2026-02-04,-16,개봉전,월,0,30040.0,10406.0,19635.0,0.34640479360852194,-0.12962855652778582,32436.0,33260.67857142857,0.903168584954993,,,,,,,,영월군 관광데이터/20260915130810_영월군_20260101-20260131_데이터랩_다운로드.zip,,0.86817,-0.06115364650921362,0.8883671428571428,0.4808071428571429,1.8476579561154605,datalab.xlsx,11013.75,0.9448189762796504,1.805651211504464,TRAIN,영월군,시군구,강원특별자치도,왕과 사는 남자,20.0,17.857142857142858,1.1199999999999999,2.0133481075406774,1.3805309734513276,2.3152655370906374,0.9519230769230769,1.7550798138072439,,-2.833213344056216,-0.10184604868804634
2026-01-20,왕과 사는 남자,영월군,2026-02-04,-15,개봉전,화,0,30922.0,10955.0,19968.0,0.35427850721169396,0.02936085219707052,32658.0,33134.28571428572,0.9332327326032593,,,,,,,,영월군 관광데이터/20260915130810_영월군_20260101-20260131_데이터랩_다운로드.zip,,1.08382,0.24839605146457489,0.9679142857142857,0.49909571428571425,1.9393359991069565,datalab.xlsx,11049.5,0.9914475768134304,2.171567434817828,TRAIN,영월군,시군구,강원특별자치도,왕과 사는 남자,20.0,18.0,1.1111111111111112,1.805651211504464,1.1199999999999999,2.070940505305298,0.0,1.3699234997029113,,-2.772588722239781,-0.06910066379284117
2026-01-21,왕과 사는 남자,영월군,2026-02-04,-14,개봉전,수,0,30838.0,10882.0,19957.0,0.3528763214216227,-0.0027165125153612024,32531.428571428572,33029.78571428572,0.9336421455093562,,,,,,,,영월군 관광데이터/20260915130810_영월군_20260101-20260131_데이터랩_다운로드.zip,,1.96946,0.8171467586868668,1.113447142857143,0.5275146428571428,2.1107416788024174,datalab.xlsx,12332.0,0.8824197210509245,3.733469822435532,TRAIN,영월군,시군구,강원특별자치도,왕과 사는 남자,18.0,18.125,0.993103448275862,2.171567434817828,1.1111111111111112,2.0133481075406774,1.3805309734513276,2.439053530934329,,-2.70805020110221,-0.06866205602382536
2026-01-22,왕과 사는 남자,영월군,2026-02-04,-13,개봉전,목,0,30247.0,10626.0,19621.0,0.35130756769266375,-0.019164666969323507,32527.85714285714,32862.0,0.9204248067676952,,,,,,,,영월군 관광데이터/20260915130810_영월군_20260101-20260131_데이터랩_다운로드.zip,,2.53865,0.2890081545195131,1.332337142857143,0.5884521428571429,2.264138484377295,datalab.xlsx,13496.75,0.7873006464519237,4.3141146324558495,TRAIN,영월군,시군구,강원특별자치도,왕과 사는 남자,21.0,18.11764705882353,1.1590909090909092,3.733469822435532,0.993103448275862,1.805651211504464,1.1199999999999999,2.438545617546602,1.182795698924731,-2.6390573296152584,-0.08291996902452983
2026-01-23,왕과 사는 남자,영월군,2026-02-04,-12,개봉전,금,0,32680.0,12652.0,20027.0,0.3871481028151775,0.08043772936158966,32409.0,32747.5,0.9979387739522101,,,,,,,,영월군 관광데이터/20260915130810_영월군_20260101-20260131_데이터랩_다운로드.zip,,2.72674,0.07409055994327685,1.5765814285714284,0.6712021428571429,2.3488921263873026,datalab.xlsx,14037.75,0.9012840376841018,4.06247213155926,TRAIN,영월군,시군구,강원특별자치도,왕과 사는 남자,22.0,18.27777777777778,1.203647416413374,4.3141146324558495,1.1590909090909092,2.171567434817828,1.1111111111111112,2.3152655370906374,0.9519230769230769,-2.5649493574615367,-0.0020633532978647914
2026-01-24,왕과 사는 남자,영월군,2026-02-04,-11,개봉전,토,1,33208.0,16328.0,16880.0,0.4916887496988677,0.016156670746634072,31778.428571428572,32614.39285714286,1.018200772445995,,,,,,,,영월군 관광데이터/20260915130810_영월군_20260101-20260131_데이터랩_다운로드.zip,,3.27946,0.2027035947688447,1.913002857142857,0.7607653571428571,2.5145767209055916,datalab.xlsx,17726.5,0.9211068174766592,4.310737823704794,TRAIN,영월군,시군구,강원특별자치도,왕과 사는 남자,0.0,18.473684210526315,0.0,4.06247213155926,1.203647416413374,3.733469822435532,0.993103448275862,2.070940505305298,0.0,-2.4849066497880004,0.01803712112458015
2026-01-25,왕과 사는 남자,영월군,2026-02-04,-10,개봉전,일,1,33341.0,16558.0,16782.0,0.49662577607150354,0.004005059021922497,31610.85714285714,32493.535714285714,1.0260810117177153,,,,,,,,영월군 관광데이터/20260915130810_영월군_20260101-20260131_데이터랩_다운로드.zip,,2.99596,-0.08644715898349109,2.208894285714286,0.8698035714285713,2.539532324621734,datalab.xlsx,16234.5,1.019926699313191,3.4444098626537194,TRAIN,영월군,시군구,강원특별자치도,왕과 사는 남자,20.0,17.55,1.1396011396011396,4.310737823704794,0.0,4.3141146324558495,1.1590909090909092,2.0133481075406774,1.3805309734513276,-2.3978952727983707,0.025746702420692838
2026-01-26,왕과 사는 남자,영월군,2026-02-04,-9,개봉전,월,0,30947.0,11260.0,19688.0,0.3638478689372152,-0.0718034851984044,31740.428571428572,32426.64285714286,0.9543695329898474,,,,,,,,영월군 관광데이터/20260915130810_영월군_20260101-20260131_데이터랩_다운로드.zip,,2.64983,-0.11553225009679702,2.4634171428571427,0.9687749999999999,2.542816590908253,datalab.xlsx,10674.25,1.0548750497693047,2.735237800314831,TRAIN,영월군,시군구,강원특별자치도,왕과 사는 남자,15.0,17.666666666666668,0.8490566037735848,3.4444098626537194,1.1396011396011396,4.06247213155926,1.203647416413374,1.805651211504464,1.1199999999999999,-2.302585092994046,-0.046704331392539385
2026-01-27,왕과 사는 남자,영월군,2026-02-04,-8,개봉전,화,0,31948.0,12170.0,19778.0,0.3809315137097784,0.03234562316218059,31887.0,32296.035714285714,0.9892235778606175,,,,,,,,영월군 관광데이터/20260915130810_영월군_20260101-20260131_데이터랩_다운로드.zip,,3.15167,0.18938573417917381,2.7588242857142857,1.0533221428571429,2.6191648057743833,datalab.xlsx,10830.75,1.123652563303557,2.99212356008303,TRAIN,영월군,시군구,강원특별자치도,왕과 사는 남자,30.0,17.545454545454547,1.709844559585492,2.735237800314831,0.8490566037735848,4.310737823704794,0.0,2.171567434817828,1.1111111111111112,-2.1972245773362196,-0.01083490833727226
2026-01-28,왕과 사는 남자,영월군,2026-02-04,-7,개봉전,수,0,31794.0,11798.0,19996.0,0.3710763037051016,-0.004820333041191893,32023.571428571428,32217.035714285714,0.9868691918760816,,,,,,,,영월군 관광데이터/20260915130810_영월군_20260101-20260131_데이터랩_다운로드.zip,,3.82731,0.21437523598600117,3.024231428571429,1.1586092857142858,2.6102254365301256,datalab.xlsx,11714.5,1.0071279183917368,3.303365549707685,TRAIN,영월군,시군구,강원특별자치도,왕과 사는 남자,16.0,18.08695652173913,0.8846153846153847,2.99212356008303,1.709844559585492,3.4444098626537194,1.1396011396011396,3.733469822435532,0.993103448275862,-2.0794415416798357,-0.01321777935894106
2026-01-29,왕과 사는 남자,영월군,2026-02-04,-6,개봉전,목,0,32158.0,12204.0,19954.0,0.37950121276198767,0.011448701012769735,32296.571428571428,32047.678571428572,1.0034424155972963,,,,,,,,영월군 관광데이터/20260915130810_영월군_20260101-20260131_데이터랩_다운로드.zip,,3.46076,-0.09577222644625083,3.155961428571429,1.286592857142857,2.452960477007379,datalab.xlsx,12411.75,0.9832618285092755,2.6898641483874908,TRAIN,영월군,시군구,강원특별자치도,왕과 사는 남자,21.0,18.0,1.1666666666666667,3.303365549707685,0.8846153846153847,2.735237800314831,0.8490566037735848,4.3141146324558495,1.1590909090909092,-1.9459101490553132,0.0034365040475134484
2026-01-30,왕과 사는 남자,영월군,2026-02-04,-5,개봉전,금,0,32669.0,12768.0,19901.0,0.39082922648382257,0.015890291684806268,32295.0,31936.321428571428,1.0229418586316297,,,,,,,,영월군 관광데이터/20260915130810_영월군_20260101-20260131_데이터랩_다운로드.zip,,4.73281,0.3675637721194187,3.4425428571428576,1.4008339285714284,2.457495343972405,datalab.xlsx,13255.25,0.9632409799890609,3.3785660837230886,TRAIN,영월군,시군구,강원특별자치도,왕과 사는 남자,18.0,18.12,0.9933774834437086,2.6898641483874908,1.1666666666666667,2.99212356008303,1.709844559585492,4.06247213155926,1.203647416413374,-1.791759469228055,0.02268265117218592
2026-01-31,왕과 사는 남자,영월군,2026-02-04,-4,개봉전,토,1,36253.0,18942.0,17311.0,0.5224946900946129,0.10970644953931852,32730.0,31876.571428571428,1.1372929513839094,,,,,,,,영월군 관광데이터/20260915130810_영월군_20260101-20260131_데이터랩_다운로드.zip,,5.31402,0.12280442274251469,3.733194285714286,1.5513724999999998,2.406381630275312,datalab.xlsx,17126.5,1.1060053134032055,3.4253668928642225,TRAIN,영월군,시군구,강원특별자치도,왕과 사는 남자,22.0,18.115384615384617,1.2144373673036093,3.3785660837230886,0.9933774834437086,3.303365549707685,0.8846153846153847,4.310737823704794,0.0,-1.6094379124341003,0.12865083451378082
2026-02-01,왕과 사는 남자,영월군,2026-02-04,-3,개봉전,일,1,33131.0,16048.0,17084.0,0.48438018773957925,-0.08611701100598568,32700.0,31908.678571428572,1.0383068645677451,,,,,,,,영월군 관광데이터/20260915130830_영월군_20260201-20260228_데이터랩_다운로드.zip,,4.88025,-0.08162746847019775,4.002378571428571,1.7229989285714284,2.322914138285054,datalab.xlsx,16009.5,1.0024048221368562,2.832416154806497,TRAIN,영월군,시군구,강원특별자치도,왕과 사는 남자,0.0,18.25925925925926,0.0,3.4253668928642225,1.2144373673036093,2.6898641483874908,1.1666666666666667,3.4444098626537194,1.1396011396011396,-1.3862943611198906,0.037591371658344294
2026-02-02,왕과 사는 남자,영월군,2026-02-04,-2,개봉전,월,0,28130.0,8782.0,19348.0,0.3121933878421614,-0.15094624369925447,32297.571428571428,31875.785714285714,0.8824880507147163,,,,,,,,영월군 관광데이터/20260915130830_영월군_20260201-20260228_데이터랩_다운로드.zip,,5.37799,0.10199067670713569,4.392115714285715,1.8795603571428572,2.3367782245430115,datalab.xlsx,10218.5,0.8594216372265988,2.8613021016122877,TRAIN,영월군,시군구,강원특별자치도,왕과 사는 남자,25.0,17.607142857142858,1.4198782961460445,2.832416154806497,0.0,3.3785660837230886,0.9933774834437086,2.735237800314831,0.8490566037735848,-1.0986122886681098,-0.12501003053296594
2026-02-03,왕과 사는 남자,영월군,2026-02-04,-1,개봉전,화,0,31017.0,10322.0,20696.0,0.3327852468001419,0.10263064344116613,32164.571428571428,31773.178571428572,0.9762007263538766,,,,,,,,영월군 관광데이터/20260915130830_영월군_20260201-20260228_데이터랩_다운로드.zip,,6.91347,0.285511873395079,4.9295157142857144,2.057770357142857,2.3955616316342394,datalab.xlsx,10739.75,0.9611024465187737,3.3596897613002423,TRAIN,영월군,시군구,강원특별자치도,왕과 사는 남자,16.0,17.714285714285715,0.9032258064516129,2.8613021016122877,1.4198782961460445,3.4253668928642225,1.2144373673036093,2.99212356008303,1.709844559585492,-0.6931471805599453,-0.02408705146680113
2026-02-04,왕과 사는 남자,영월군,2026-02-04,0,개봉일,수,0,32392.0,11190.0,21203.0,0.34545566806618916,0.04433052841989871,32250.0,31760.785714285714,1.0198740135522015,,,,,,,,영월군 관광데이터/20260915130830_영월군_20260201-20260228_데이터랩_다운로드.zip,,23.64993,2.4208479967368053,7.761318571428572,2.2905817857142856,3.388361253823694,datalab.xlsx,10920.75,1.0246549000755443,10.324857268794315,TRAIN,영월군,시군구,강원특별자치도,왕과 사는 남자,31.0,17.75,1.7464788732394365,3.3596897613002423,0.9032258064516129,2.832416154806497,0.0,3.303365549707685,0.8846153846153847,0.0,0.019679103542142303
2026-02-05,왕과 사는 남자,영월군,2026-02-04,1,개봉후,목,0,31171.0,10672.0,20500.0,0.3423695101215874,-0.03769449246727585,32109.0,31819.39285714286,0.9796227143599534,,,,,,,,영월군 관광데이터/20260915130830_영월군_20260201-20260228_데이터랩_다운로드.zip,,28.00587,0.1841840546673923,11.267762857142857,3.122820357142857,3.6082007827859823,datalab.xlsx,10867.25,0.982033173065863,8.968133545031467,TRAIN,영월군,시군구,강원특별자치도,왕과 사는 남자,19.0,17.892857142857142,1.06187624750499,10.324857268794315,1.7464788732394365,2.8613021016122877,1.4198782961460445,2.6898641483874908,1.1666666666666667,0.6931471805599453,-0.020587766790389997
2026-02-06,왕과 사는 남자,영월군,2026-02-04,2,개봉후,금,0,32526.0,11662.0,20864.0,0.35854393408350244,0.04346989188668959,32088.571428571428,31841.5,1.021497102837492,,,,,,,,영월군 관광데이터/20260915130830_영월군_20260201-20260228_데이터랩_다운로드.zip,,31.97349,0.14167101396957138,15.159288571428572,4.105271428571428,3.692639776733051,datalab.xlsx,12765.25,0.9135739605569808,7.788398539856423,TRAIN,영월군,시군구,강원특별자치도,왕과 사는 남자,29.0,17.857142857142858,1.6239999999999999,8.968133545031467,1.06187624750499,3.3596897613002423,0.9032258064516129,3.3785660837230886,0.9933774834437086,1.0986122886681098,0.021269299086977292
2026-02-07,왕과 사는 남자,영월군,2026-02-04,3,개봉후,토,1,34184.0,16782.0,17402.0,0.49093142990872923,0.05097460493143946,31793.0,31816.89285714286,1.0743978097888252,,,,,,,,영월군 관광데이터/20260915130830_영월군_20260201-20260228_데이터랩_다운로드.zip,,42.07652,0.3159814583894345,20.411074285714285,5.22961,3.902982112569443,datalab.xlsx,17368.0,0.9662597881160755,8.045823684748958,TRAIN,영월군,시군구,강원특별자치도,왕과 사는 남자,30.0,17.964285714285715,1.6699801192842942,7.788398539856423,1.6239999999999999,10.324857268794315,1.7464788732394365,3.4253668928642225,1.2144373673036093,1.3862943611198906,0.07176032768127714
2026-02-08,왕과 사는 남자,영월군,2026-02-04,4,개봉후,일,1,32508.0,15600.0,16908.0,0.47988187523071246,-0.049028785396676766,31704.0,31968.75,1.0168680351906159,,,,,,,,영월군 관광데이터/20260915130830_영월군_20260201-20260228_데이터랩_다운로드.zip,,42.396,0.007592833247616504,25.770467142857147,6.716139285714285,3.8370953976003443,datalab.xlsx,15947.5,0.9782097507446308,6.312555204175018,TRAIN,영월군,시군구,강원특별자치도,왕과 사는 남자,37.0,18.071428571428573,2.0474308300395254,8.045823684748958,1.6699801192842942,8.968133545031467,1.06187624750499,2.832416154806497,0.0,1.6094379124341003,0.01672734973905846
2026-02-09,왕과 사는 남자,영월군,2026-02-04,5,개봉후,월,0,32578.0,11522.0,21056.0,0.35367425870219166,0.0021533161068045814,32339.428571428572,32074.60714285714,1.015694435629431,,,,,,,,영월군 관광데이터/20260915130830_영월군_20260201-20260228_데이터랩_다운로드.zip,,33.87814,-0.20091187847910175,29.841917142857145,8.210158214285714,3.6347554290649438,datalab.xlsx,9937.0,1.159504880748717,4.126368714923408,TRAIN,영월군,시군구,강원특별자치도,왕과 사는 남자,22.0,19.392857142857142,1.134438305709024,6.312555204175018,2.0474308300395254,7.788398539856423,1.6239999999999999,2.8613021016122877,1.4198782961460445,1.791759469228055,0.015572551588000113
2026-02-10,왕과 사는 남자,영월군,2026-02-04,6,개봉후,화,0,32508.0,11382.0,21126.0,0.35012919896640826,-0.0021486892995272733,32552.428571428572,32203.35714285714,1.0094599720082422,,,,,,,,영월군 관광데이터/20260915130830_영월군_20260201-20260228_데이터랩_다운로드.zip,,27.09606,-0.20019044729138025,32.725144285714286,9.396454285714286,3.482712019944301,datalab.xlsx,10775.75,1.0562605851100852,2.8836472967462803,TRAIN,영월군,시군구,강원특별자치도,왕과 사는 남자,29.0,19.464285714285715,1.4899082568807338,4.126368714923408,1.134438305709024,8.045823684748958,1.6699801192842942,3.3596897613002423,0.9032258064516129,1.9459101490553132,0.009415506680255087
2026-02-11,왕과 사는 남자,영월군,2026-02-04,7,개봉후,수,0,32508.0,11263.0,21245.0,0.34646856158484063,0.0,32569.0,32315.5,1.0059568937506769,,,,,,,,영월군 관광데이터/20260915130830_영월군_20260201-20260228_데이터랩_다운로드.zip,,26.24711,-0.03133112341794353,33.09617,10.345349642857146,3.1991349874627923,datalab.xlsx,11238.5,1.0021800062285893,2.537092597747248,TRAIN,영월군,시군구,강원특별자치도,왕과 사는 남자,26.0,19.964285714285715,1.3023255813953487,2.8836472967462803,1.4899082568807338,6.312555204175018,2.0474308300395254,10.324857268794315,1.7464788732394365,2.0794415416798357,0.0059392216050994755
2026-02-12,왕과 사는 남자,영월군,2026-02-04,8,개봉후,목,0,32540.0,11319.0,21220.0,0.34784880147510755,0.0009843730773964054,32764.571428571428,32343.5,1.0060754092785258,,,,,,,,영월군 관광데이터/20260915130830_영월군_20260201-20260228_데이터랩_다운로드.zip,,26.93201,0.02609430142975744,32.94276142857142,11.248791785714289,2.9285599783621192,datalab.xlsx,11017.0,1.0274121811745485,2.3942135753817615,TRAIN,영월군,시군구,강원특별자치도,왕과 사는 남자,15.0,20.392857142857142,0.7355516637478109,2.537092597747248,1.3023255813953487,4.126368714923408,1.134438305709024,8.968133545031467,1.06187624750499,2.1972245773362196,0.006057028389620334
2026-02-13,왕과 사는 남자,영월군,2026-02-04,9,개봉후,금,0,34444.0,13412.0,21032.0,0.3893856694925096,0.058512599877074356,33038.57142857143,32424.5,1.0622831500871255,,,,,,,,영월군 관광데이터/20260915130830_영월군_20260201-20260228_데이터랩_다운로드.zip,,31.88161,0.18378130707659768,32.92963571428571,12.174705714285716,2.704758249363375,datalab.xlsx,12571.0,1.0669000079548165,2.618676027839452,TRAIN,영월군,시군구,강원특별자치도,왕과 사는 남자,21.0,20.142857142857142,1.0425531914893618,2.3942135753817615,0.7355516637478109,2.8836472967462803,1.4899082568807338,7.788398539856423,1.6239999999999999,2.302585092994046,0.060420506950766305
2026-02-14,왕과 사는 남자,영월군,2026-02-04,10,개봉후,토,1,43298.0,25070.0,18228.0,0.5790105778557901,0.25705492974102895,34340.57142857143,32457.785714285714,1.3339788604539082,,,,,,,,영월군 관광데이터/20260915130830_영월군_20260201-20260228_데이터랩_다운로드.zip,,47.38942,0.4864186595344464,33.68862142857143,13.277012142857146,2.5373646620256696,datalab.xlsx,18014.5,1.3916567209747703,3.569283472072056,TRAIN,영월군,시군구,강원특별자치도,왕과 사는 남자,32.0,20.25,1.5802469135802468,2.618676027839452,1.0425531914893618,2.537092597747248,1.3023255813953487,8.045823684748958,1.6699801192842942,2.3978952727983707,0.2881661006316704
2026-02-15,왕과 사는 남자,영월군,2026-02-04,11,개봉후,일,1,51628.0,35066.0,16562.0,0.6792050825133649,0.19238763915192392,37072.0,32660.5,1.58074738598613,,,,,,,,영월군 관광데이터/20260915130830_영월군_20260201-20260228_데이터랩_다운로드.zip,,56.85993,0.19984439564780487,35.75489714285714,14.936473214285721,2.393797828302602,datalab.xlsx,16478.0,2.128049520572885,3.8067841842087153,TRAIN,영월군,시군구,강원특별자치도,왕과 사는 남자,32.0,21.392857142857142,1.4958263772954925,3.569283472072056,1.5802469135802468,2.3942135753817615,0.7355516637478109,6.312555204175018,2.0474308300395254,2.4849066497880004,0.4578977643010225
2026-02-16,왕과 사는 남자,영월군,2026-02-04,12,개봉후,월,0,59920.0,44376.0,15544.0,0.7405874499332443,0.160610521422484,40978.0,33271.71428571428,1.8009291461644814,,,,,,,,영월군 관광데이터/20260915130830_영월군_20260201-20260228_데이터랩_다운로드.zip,,59.40897,0.04483016422988917,39.40215857142857,16.93415928571429,2.326785635273217,datalab.xlsx,10492.5,4.229306647605433,3.508232620093375,TRAIN,영월군,시군구,강원특별자치도,왕과 사는 남자,46.0,21.678571428571427,2.1219110378912687,3.8067841842087153,1.4958263772954925,2.618676027839452,1.0425531914893618,4.126368714923408,1.134438305709024,2.5649493574615367,0.588302724034297
2026-02-17,왕과 사는 남자,영월군,2026-02-04,13,개봉후,화,0,61198.0,46260.0,14938.0,0.7559070557861368,0.021328437917222942,45076.57142857143,34338.857142857145,1.7821792887690744,,,,,,,,영월군 관광데이터/20260915130830_영월군_20260201-20260228_데이터랩_다운로드.zip,,73.3184,0.2341301322005751,46.00535,19.024902142857147,2.4181648691040754,datalab.xlsx,11207.25,4.127685203774343,3.853812200948808,TRAIN,영월군,시군구,강원특별자치도,왕과 사는 남자,60.0,22.607142857142858,2.654028436018957,3.508232620093375,2.1219110378912687,3.569283472072056,1.5802469135802468,2.8836472967462803,1.4899082568807338,2.6390573296152584,0.5778369349691954
2026-02-18,왕과 사는 남자,영월군,2026-02-04,14,개봉후,수,0,41622.0,25998.0,15624.0,0.6246215943491423,-0.3198797346318507,46378.57142857143,35420.142857142855,1.1750940748000533,,,,,,,,영월군 관광데이터/20260915130830_영월군_20260201-20260228_데이터랩_다운로드.zip,,76.36716,0.04158246770251406,53.16535714285715,21.604708571428574,2.460822693677357,datalab.xlsx,11283.25,2.3041233687102562,3.5347461294151747,TRAIN,영월군,시군구,강원특별자치도,왕과 사는 남자,40.0,24.035714285714285,1.6641901931649332,3.853812200948808,2.654028436018957,3.8067841842087153,1.4958263772954925,2.537092597747248,1.3023255813953487,2.70805020110221,0.16134820805081843
2026-02-19,왕과 사는 남자,영월군,2026-02-04,15,개봉후,목,0,34888.0,14700.0,20188.0,0.42134831460674155,-0.16178943827783387,46714.0,35805.28571428572,0.9743812765074589,,,,,,,,영월군 관광데이터/20260915130830_영월군_20260201-20260228_데이터랩_다운로드.zip,,57.68668,-0.24461404614234705,57.55888142857143,24.261769285714287,2.3724107154239165,datalab.xlsx,11205.25,1.3118850538809932,2.377678203129515,TRAIN,영월군,시군구,강원특별자치도,왕과 사는 남자,66.0,24.821428571428573,2.6589928057553953,3.5347461294151747,1.6641901931649332,3.508232620093375,2.1219110378912687,2.3942135753817615,0.7355516637478109,2.772588722239781,-0.02595259761808206
2026-02-20,왕과 사는 남자,영월군,2026-02-04,16,개봉후,금,0,35906.0,15572.0,20335.0,0.43368796301453794,0.029179087365283296,46922.857142857145,35971.03571428572,0.9981919977283309,,,,,,,,영월군 관광데이터/20260915130830_영월군_20260201-20260228_데이터랩_다운로드.zip,,51.39704,-0.10903106228335557,60.34680000000001,26.23134178571429,2.3005609279531845,datalab.xlsx,12623.5,1.2335723056204697,1.9593751787409923,TRAIN,영월군,시군구,강원특별자치도,왕과 사는 남자,50.0,26.428571428571427,1.891891891891892,2.377678203129515,2.6589928057553953,3.853812200948808,2.654028436018957,2.618676027839452,1.0425531914893618,2.833213344056216,-0.0018096386804943348
2026-02-21,왕과 사는 남자,영월군,2026-02-04,17,개봉후,토,1,42602.0,24808.0,17794.0,0.5823200788695366,0.1864869381161922,46823.42857142857,36086.25,1.1805604627801447,,,,,,,,영월군 관광데이터/20260915130830_영월군_20260201-20260228_데이터랩_다운로드.zip,,63.29898,0.23156858838563465,62.61959428571429,27.969566785714285,2.2388474861075727,datalab.xlsx,19280.5,1.2866886232203523,2.2631376626230244,TRAIN,영월군,시군구,강원특별자치도,왕과 사는 남자,50.0,27.428571428571427,1.8229166666666667,1.9593751787409923,1.891891891891892,3.5347461294151747,1.6641901931649332,3.569283472072056,1.5802469135802468,2.8903717578961645,0.16598929417350933
2026-02-22,왕과 사는 남자,영월군,2026-02-04,18,개봉후,일,1,35889.0,19190.0,16698.0,0.5347042269218981,-0.15757476174827478,44575.0,36421.75,0.9853727511720332,,,,,,,,영월군 관광데이터/20260915130830_영월군_20260201-20260228_데이터랩_다운로드.zip,,65.05873,0.027800605949732438,63.790851428571436,30.113121071428573,2.118373956563951,datalab.xlsx,20818.0,0.9217984436545298,2.160477814494225,TRAIN,영월군,시군구,강원특별자치도,왕과 사는 남자,43.0,29.214285714285715,1.471882640586797,2.2631376626230244,1.8229166666666667,2.377678203129515,2.6589928057553953,3.8067841842087153,1.4958263772954925,2.9444389791664403,-0.01473528180988714
2026-02-23,왕과 사는 남자,영월군,2026-02-04,19,개봉후,월,0,35931.0,15264.0,20668.0,0.42481422726893214,0.001170275014628519,41148.0,36512.75,0.9840672093994564,,,,,,,,영월군 관광데이터/20260915130830_영월군_20260201-20260228_데이터랩_다운로드.zip,,52.52893,-0.19259213944077902,62.80798857142857,32.32964857142857,1.9427365080279693,datalab.xlsx,18985.0,0.8040031603897814,1.6247912464604584,TRAIN,영월군,시군구,강원특별자치도,왕과 사는 남자,56.0,30.035714285714285,1.864447086801427,2.160477814494225,1.471882640586797,1.9593751787409923,1.891891891891892,3.508232620093375,2.1219110378912687,2.995732273553991,-0.016061082027155213
2026-02-24,왕과 사는 남자,영월군,2026-02-04,20,개봉후,화,0,33656.0,13762.0,19894.0,0.4089018302828619,-0.06331579972725498,37213.42857142857,36690.75,0.9172884173804025,,,,,,,,영월군 관광데이터/20260915130830_영월군_20260201-20260228_데이터랩_다운로드.zip,,46.18155,-0.12083588986107274,58.93129571428572,34.111045,1.727630909996622,datalab.xlsx,20033.5,0.6869493598222977,1.35385913858693,TRAIN,영월군,시군구,강원특별자치도,왕과 사는 남자,61.0,31.5,1.9365079365079365,1.6247912464604584,1.864447086801427,2.2631376626230244,1.8229166666666667,3.853812200948808,2.654028436018957,3.044522437723423,-0.08633333340724911
2026-02-25,왕과 사는 남자,영월군,2026-02-04,21,개봉후,수,0,38052.0,16996.0,21056.0,0.44665194996320823,0.13061564059900177,36703.42857142857,36751.75,1.0353792676539213,,,,,,,,영월군 관광데이터/20260915130830_영월군_20260201-20260228_데이터랩_다운로드.zip,,48.11199,0.041801108884392146,54.89484285714286,35.64782642857143,1.5399211777227775,datalab.xlsx,15062.25,1.128383873591263,1.3496472245342468,TRAIN,영월군,시군구,강원특별자치도,왕과 사는 남자,60.0,32.607142857142854,1.8400876232201535,1.35385913858693,1.9365079365079365,2.160477814494225,1.471882640586797,3.5347461294151747,1.6641901931649332,3.091042453358316,0.03476780177149676
2026-02-26,왕과 사는 남자,영월군,2026-02-04,22,개봉후,목,0,37562.0,16516.0,21046.0,0.4396996965017837,-0.01287711552612214,37085.42857142857,36975.25,1.01586872299714,,,,,,,,영월군 관광데이터/20260915130830_영월군_20260201-20260228_데이터랩_다운로드.zip,,47.29499,-0.016981214038330195,53.410315714285716,37.22942214285715,1.4346265034503909,datalab.xlsx,12223.75,1.3511401983842928,1.2703659438634083,TRAIN,영월군,시군구,강원특별자치도,왕과 사는 남자,49.0,34.17857142857143,1.4336468129571578,1.3496472245342468,1.8400876232201535,1.6247912464604584,1.864447086801427,2.377678203129515,2.6589928057553953,3.1354942159291497,0.01574413115952007
2026-02-27,왕과 사는 남자,영월군,2026-02-04,23,개봉후,금,0,40596.0,19817.0,20780.0,0.4881515420238447,0.08077312177200358,37755.42857142857,37168.25,1.0922225286366725,,,,,,,,영월군 관광데이터/20260915130830_영월군_20260201-20260228_데이터랩_다운로드.zip,,50.70974,0.07220109360420635,53.31213,38.79493035714287,1.3742035237391335,datalab.xlsx,13353.5,1.484030404013929,1.3071228517017661,TRAIN,영월군,시군구,강원특별자치도,왕과 사는 남자,52.0,35.17857142857143,1.4781725888324873,1.2703659438634083,1.4336468129571578,1.35385913858693,1.9365079365079365,1.9593751787409923,1.891891891891892,3.1780538303479458,0.08821463736503946
2026-02-28,왕과 사는 남자,영월군,2026-02-04,24,개봉후,토,1,53438.0,34912.0,18526.0,0.6533178636925034,0.31633658488521044,39303.42857142857,37451.357142857145,1.4268641800125494,,,,,,,,영월군 관광데이터/20260915130830_영월군_20260201-20260228_데이터랩_다운로드.zip,,67.12538,0.3237176921041207,53.85875857142857,40.43696357142858,1.3319189626167527,datalab.xlsx,21400.5,1.631363753183337,1.6600005062553358,TRAIN,영월군,시군구,강원특별자치도,왕과 사는 남자,88.0,36.392857142857146,2.4180569185475953,1.3071228517017661,1.4781725888324873,1.3496472245342468,1.8400876232201535,2.2631376626230244,1.8229166666666667,3.2188758248682006,0.3554791552771487
2026-03-01,왕과 사는 남자,영월군,2026-02-04,25,개봉후,일,1,55122.0,37457.0,17664.0,0.6795290446645622,0.03151315543246369,42051.0,38065.107142857145,1.4480978548971075,,,,,,,,영월군 관광데이터/20260915130854_영월군_20260301-20260331_데이터랩_다운로드.zip,,87.57417,0.3046357428442117,57.07525,42.64451214285715,1.3383961295840492,datalab.xlsx,21476.0,1.7441329856584094,2.0535859269917442,TRAIN,영월군,시군구,강원특별자치도,왕과 사는 남자,93.0,38.75,2.4,1.6600005062553358,2.4180569185475953,1.2703659438634083,1.4336468129571578,2.160477814494225,1.471882640586797,3.258096538021482,0.37025087102897447
2026-03-02,왕과 사는 남자,영월군,2026-02-04,26,개봉후,월,0,36918.0,19772.0,17146.0,0.535565306896365,-0.33024926526613696,42192.0,38850.5,0.95025804043706,,,,,,,,영월군 관광데이터/20260915130854_영월군_20260301-20260331_데이터랩_다운로드.zip,,100.0,0.14188921230997686,63.856831428571425,45.597866428571436,1.4004346349977244,datalab.xlsx,19986.0,0.9892925047533273,2.1930850680623166,TRAIN,영월군,시군구,강원특별자치도,왕과 사는 남자,100.0,42.07142857142857,2.376910016977929,2.0535859269917442,2.4,1.3071228517017661,1.4781725888324873,1.6247912464604584,1.864447086801427,3.295836866004329,-0.051021709757300346
2026-03-03,왕과 사는 남자,영월군,2026-02-04,27,개봉후,화,0,33520.0,11739.0,21780.0,0.350208830548926,-0.09204182241724901,42172.57142857143,39164.357142857145,0.8558802555530629,,,,,,,,영월군 관광데이터/20260915130854_영월군_20260301-20260331_데이터랩_다운로드.zip,,74.7603,-0.252397,67.93951,48.97722392857143,1.3871653913885205,datalab.xlsx,20431.5,0.5745539975038544,1.526429919936473,TRAIN,영월군,시군구,강원특별자치도,왕과 사는 남자,67.0,44.75,1.4972067039106145,2.1930850680623166,2.376910016977929,1.6600005062553358,2.4180569185475953,1.35385913858693,1.9365079365079365,3.332204510175204,-0.15562480099827597
2026-03-04,왕과 사는 남자,영월군,2026-02-04,28,개봉후,수,0,36396.0,14402.0,21994.0,0.39570282448620725,0.08579952267303104,41936.0,39253.75,0.9271980384039742,,,,,,,,영월군 관광데이터/20260915130854_영월군_20260301-20260331_데이터랩_다운로드.zip,,71.06742,-0.049396270480455584,71.21885714285713,51.400325,1.3855721173525095,datalab.xlsx,16361.75,0.8802236924534356,1.3826258880658828,TRAIN,영월군,시군구,강원특별자치도,왕과 사는 남자,52.0,46.57142857142857,1.116564417177914,1.526429919936473,1.4972067039106145,2.0535859269917442,2.4,1.3496472245342468,1.8400876232201535,3.367295829986474,-0.07558810257145791
2026-03-05,왕과 사는 남자,영월군,2026-02-04,29,개봉후,목,0,36018.0,14150.0,21868.0,0.3928591259925593,-0.010385756676557834,41715.42857142857,39396.75,0.9142378495688096,,,,,,,,영월군 관광데이터/20260915130854_영월군_20260301-20260331_데이터랩_다운로드.zip,,71.80363,0.010359317954697023,74.72009142857142,53.093806785714285,1.407322170929285,datalab.xlsx,13301.75,1.0637698047249422,1.3523918201947402,TRAIN,영월군,시군구,강원특별자치도,왕과 사는 남자,62.0,47.32142857142857,1.310188679245283,1.3826258880658828,1.116564417177914,2.1930850680623166,2.376910016977929,1.2703659438634083,1.4336468129571578,3.4011973816621555,-0.08966451209421719
2026-03-06,왕과 사는 남자,영월군,2026-02-04,30,개봉후,금,0,35728.0,14350.0,21378.0,0.40164576802507834,-0.008051529790660261,41020.0,39569.857142857145,0.902909501821372,,,,,,,,영월군 관광데이터/20260915130854_영월군_20260301-20260331_데이터랩_다운로드.zip,,82.47706,0.14864749874066252,79.25827999999998,54.658012500000005,1.450076143913941,datalab.xlsx,15115.75,0.9493409192398657,1.50896558853105,TRAIN,영월군,시군구,강원특별자치도,왕과 사는 남자,49.0,48.857142857142854,1.0029239766081872,1.3523918201947402,1.310188679245283,1.526429919936473,1.4972067039106145,1.3071228517017661,1.4781725888324873,3.4339872044851463,-0.10213295005437716
2026-03-07,왕과 사는 남자,영월군,2026-02-04,31,개봉후,토,1,40344.0,21802.0,18543.0,0.5404025381717232,0.12919838781907744,39149.42857142857,39684.21428571428,1.0166258983870882,,,,,,,,영월군 관광데이터/20260915130854_영월군_20260301-20260331_데이터랩_다운로드.zip,,79.69151,-0.033773633541253734,81.05344142857143,56.46171142857143,1.435547017222645,datalab.xlsx,25393.0,0.8585830740755326,1.4114256897936244,TRAIN,영월군,시군구,강원특별자치도,왕과 사는 남자,61.0,49.57142857142857,1.2305475504322767,1.50896558853105,1.0029239766081872,1.3826258880658828,1.116564417177914,1.6600005062553358,2.4180569185475953,3.4657359027997265,0.016489201200059797
2026-03-08,왕과 사는 남자,영월군,2026-02-04,32,개봉후,일,1,38857.0,20724.0,18134.0,0.5333401961036621,-0.03685802101923463,36825.857142857145,39904.21428571428,0.973756799765152,,,,,,,,영월군 관광데이터/20260915130854_영월군_20260301-20260331_데이터랩_다운로드.zip,,56.90184,-0.2859736250448761,76.67168000000001,57.80510392857142,1.326382530074535,datalab.xlsx,26828.25,0.7724693187218696,0.9843739762203773,TRAIN,영월군,시군구,강원특별자치도,왕과 사는 남자,80.0,50.67857142857143,1.5785764622973926,1.4114256897936244,1.2305475504322767,1.3523918201947402,1.310188679245283,2.0535859269917442,2.4,3.4965075614664802,-0.026593698750801177
2026-03-09,왕과 사는 남자,영월군,2026-02-04,33,개봉후,월,0,35259.0,13934.0,21326.0,0.39518988059786153,-0.09259592866150246,36588.857142857145,40130.96428571428,0.8785983747854125,,,,,,,,영월군 관광데이터/20260915130854_영월군_20260301-20260331_데이터랩_다운로드.zip,,39.45404,-0.3066298031838689,68.02225714285714,58.32316964285714,1.166299046492029,datalab.xlsx,22733.5,0.6129280577121868,0.6764728364661496,TRAIN,영월군,시군구,강원특별자치도,왕과 사는 남자,61.0,52.214285714285715,1.1682626538987688,0.9843739762203773,1.5785764622973926,1.50896558853105,1.0029239766081872,2.1930850680623166,2.376910016977929,3.5263605246161616,-0.12942739721975524
2026-03-10,왕과 사는 남자,영월군,2026-02-04,34,개봉후,화,0,36446.0,14948.0,21497.0,0.41014103056576856,0.033665163504353446,37006.857142857145,40226.71428571428,0.9060148373326894,,,,,,,,영월군 관광데이터/20260915130854_영월군_20260301-20260331_데이터랩_다운로드.zip,,30.62051,-0.22389418168582986,61.716572857142864,58.52230892857142,1.0545819874002265,datalab.xlsx,20785.75,0.7191465306760642,0.5232279887892569,TRAIN,영월군,시군구,강원특별자치도,왕과 사는 남자,47.0,53.607142857142854,0.876748834110593,0.6764728364661496,1.1682626538987688,1.4114256897936244,1.2305475504322767,1.526429919936473,1.4972067039106145,3.5553480614894135,-0.09869959632635739
2026-03-11,왕과 사는 남자,영월군,2026-02-04,35,개봉후,수,0,37107.0,15474.0,21634.0,0.4170102676044951,0.018136421006420544,37108.42857142857,40367.357142857145,0.9192328313364936,,,,,,,,영월군 관광데이터/20260915130854_영월군_20260301-20260331_데이터랩_다운로드.zip,,28.36924,-0.07352163631500575,55.61683285714286,58.64818214285714,0.9483129881446211,datalab.xlsx,17164.75,0.9014987110211334,0.48371899969375504,TRAIN,영월군,시군구,강원특별자치도,왕과 사는 남자,41.0,54.25,0.7557603686635944,0.5232279887892569,0.876748834110593,0.9843739762203773,1.5785764622973926,1.3826258880658828,1.116564417177914,3.58351893845611,-0.08421583579160298
2026-03-12,왕과 사는 남자,영월군,2026-02-04,36,개봉후,목,0,37156.0,15260.0,21896.0,0.4107008289374529,0.0013205055649876396,37271.0,40531.607142857145,0.9167166717332593,,,,,,,,영월군 관광데이터/20260915130854_영월군_20260301-20260331_데이터랩_다운로드.zip,,26.77291,-0.05626974850225108,49.183872857142866,58.7239725,0.8375433534770296,datalab.xlsx,14171.25,1.0768280850313134,0.45591108469373387,TRAIN,영월군,시군구,강원특별자치도,왕과 사는 남자,59.0,54.785714285714285,1.0769230769230769,0.48371899969375504,0.7557603686635944,0.6764728364661496,1.1682626538987688,1.3523918201947402,1.310188679245283,3.6109179126442243,-0.08695682749574302
2026-03-13,왕과 사는 남자,영월군,2026-02-04,37,개봉후,금,0,39714.0,17896.0,21819.0,0.45062194692048146,0.0688448702766713,37840.42857142857,40696.46428571428,0.9758587311463527,,,,,,,,영월군 관광데이터/20260915130854_영월군_20260301-20260331_데이터랩_다운로드.zip,,28.73014,0.0731048660754472,41.505741428571426,58.718290357142855,0.7068622259967147,datalab.xlsx,15787.75,1.1335370777976597,0.48928774705895517,TRAIN,영월군,시군구,강원특별자치도,왕과 사는 남자,61.0,56.357142857142854,1.082382762991128,0.45591108469373387,1.0769230769230769,0.5232279887892569,0.876748834110593,1.50896558853105,1.0029239766081872,3.6375861597263857,-0.02443744572319422
2026-03-14,왕과 사는 남자,영월군,2026-02-04,38,개봉후,토,1,45248.0,26352.0,18896.0,0.5823903818953324,0.13934632623256293,38541.0,40884.67857142857,1.106722654574583,,,,,,,,영월군 관광데이터/20260915130854_영월군_20260301-20260331_데이터랩_다운로드.zip,,39.13802,0.3622634626910972,35.71238571428571,58.60573785714284,0.6093667108387596,datalab.xlsx,26648.0,0.9888922245571901,0.6678189104179988,TRAIN,영월군,시군구,강원특별자치도,왕과 사는 남자,72.0,57.785714285714285,1.245982694684796,0.48928774705895517,1.082382762991128,0.48371899969375504,0.7557603686635944,1.4114256897936244,1.2305475504322767,3.6635616461296463,0.10140308446363847
2026-03-15,왕과 사는 남자,영월군,2026-02-04,39,개봉후,일,1,39714.0,21812.0,17902.0,0.5492269728559198,-0.1223037482319661,38663.42857142857,40954.32142857143,0.9697145164342503,,,,,,,,영월군 관광데이터/20260915130854_영월군_20260301-20260331_데이터랩_다운로드.zip,,39.28631,0.003788898876335711,33.19588142857143,58.311044999999986,0.5692897705498408,datalab.xlsx,28109.25,0.7759723222782536,0.6737370252925498,TRAIN,영월군,시군구,강원특별자치도,왕과 사는 남자,59.0,59.214285714285715,0.9963811821471652,0.6678189104179988,1.245982694684796,0.45591108469373387,1.0769230769230769,0.9843739762203773,1.5785764622973926,3.6888794541139363,-0.03075356375764689
2026-03-16,왕과 사는 남자,영월군,2026-02-04,40,개봉후,월,0,35900.0,14210.0,21690.0,0.3958217270194986,-0.09603666213425999,38755.0,40528.82142857143,0.8857893897376382,,,,,,,,영월군 관광데이터/20260915130854_영월군_20260301-20260331_데이터랩_다운로드.zip,,27.52489,-0.29937706035512124,31.49171714285714,57.683415714285715,0.5459405749971562,datalab.xlsx,23336.5,0.6089173612152636,0.47717163866187734,TRAIN,영월군,시군구,강원특별자치도,왕과 사는 남자,45.0,60.17857142857143,0.7477744807121661,0.6737370252925498,0.9963811821471652,0.48928774705895517,1.082382762991128,0.6764728364661496,1.1682626538987688,3.713572066704308,-0.12127606573407339
2026-03-17,왕과 사는 남자,영월군,2026-02-04,41,개봉후,화,0,38654.0,16908.0,21746.0,0.43741915455062863,0.0767130919220056,39070.42857142857,39670.96428571428,0.9743650222769983,,,,,,,,영월군 관광데이터/20260915130854_영월군_20260301-20260331_데이터랩_다운로드.zip,,23.40255,-0.1497677193260354,30.460579999999997,56.54469857142857,0.5386991312991347,datalab.xlsx,21677.25,0.7799882365152406,0.4138769962746792,TRAIN,영월군,시군구,강원특별자치도,왕과 사는 남자,49.0,60.142857142857146,0.8147268408551068,0.47717163866187734,0.7477744807121661,0.6678189104179988,1.245982694684796,0.5232279887892569,0.876748834110593,3.7376696182833684,-0.025969279348763065
2026-03-18,왕과 사는 남자,영월군,2026-02-04,42,개봉후,수,0,35553.0,14452.0,21102.0,0.40649171659213007,-0.08022455632017389,38848.42857142857,38865.82142857143,0.9147626035729153,,,,,,,,영월군 관광데이터/20260915130854_영월군_20260301-20260331_데이터랩_다운로드.zip,,25.49895,0.08957998166866421,30.05053857142857,54.76198964285714,0.5487481146578136,datalab.xlsx,18217.5,0.7933031425826815,0.4656322782699687,TRAIN,영월군,시군구,강원특별자치도,왕과 사는 남자,39.0,59.75,0.6527196652719666,0.4138769962746792,0.8147268408551068,0.6737370252925498,0.9963811821471652,0.48371899969375504,0.7557603686635944,3.7612001156935624,-0.08909069701658523
2026-03-19,왕과 사는 남자,영월군,2026-02-04,43,개봉후,목,0,39109.0,17073.0,22036.0,0.4365491319133703,0.10001968891514079,39127.42857142857,38649.07142857143,1.0119001195741166,,,,,,,,영월군 관광데이터/20260915130854_영월군_20260301-20260331_데이터랩_다운로드.zip,,25.04327,-0.01787053976732378,29.80344714285714,52.94526785714284,0.5629104988810887,datalab.xlsx,15156.5,1.1264473988057928,0.4730029899475032,TRAIN,영월군,시군구,강원특별자치도,왕과 사는 남자,58.0,59.714285714285715,0.9712918660287081,0.4656322782699687,0.6527196652719666,0.47717163866187734,0.7477744807121661,0.45591108469373387,1.0769230769230769,3.784189633918261,0.011829869921488618
2026-03-20,왕과 사는 남자,영월군,2026-02-04,44,개봉후,금,0,40954.0,18728.0,22225.0,0.45729354885969625,0.04717584187782853,39304.57142857143,38799.82142857143,1.055520321798241,,,,,,,,영월군 관광데이터/20260915130854_영월군_20260301-20260331_데이터랩_다운로드.zip,,25.65339,0.02436263315453613,29.36391142857143,51.77943178571427,0.567096053701246,datalab.xlsx,16908.75,1.1075922229614845,0.49543591181465346,TRAIN,영월군,시군구,강원특별자치도,왕과 사는 남자,50.0,59.42857142857143,0.8413461538461539,0.4730029899475032,0.9712918660287081,0.4138769962746792,0.8147268408551068,0.48928774705895517,1.082382762991128,3.8066624897703196,0.05403384136413802
2026-03-21,왕과 사는 남자,영월군,2026-02-04,45,개봉후,토,1,46372.0,27440.0,18932.0,0.5917363926507375,0.13229476974166143,39465.142857142855,38980.107142857145,1.1896324407229695,,,,,,,,영월군 관광데이터/20260915130854_영월군_20260301-20260331_데이터랩_다운로드.zip,,30.5721,0.1917372323891695,28.140208571428577,50.8600157142857,0.553287453340768,datalab.xlsx,26968.5,1.017483360216549,0.6011028421961896,TRAIN,영월군,시군구,강원특별자치도,왕과 사는 남자,65.0,59.42857142857143,1.09375,0.49543591181465346,0.8413461538461539,0.4656322782699687,0.6527196652719666,0.6678189104179988,1.245982694684796,3.828641396489095,0.1736443860702001
2026-03-22,왕과 사는 남자,영월군,2026-02-04,46,개봉후,일,1,42438.0,24146.0,18291.0,0.568971205052076,-0.08483567670145775,39854.28571428572,39114.75,1.0849615554234655,,,,,,,,영월군 관광데이터/20260915130854_영월군_20260301-20260331_데이터랩_다운로드.zip,,31.38246,0.026506520651181864,27.011087142857146,49.69119857142856,0.543578901684774,datalab.xlsx,24795.75,0.973795912605991,0.6315496687987776,TRAIN,영월군,시군구,강원특별자치도,왕과 사는 남자,43.0,59.964285714285715,0.7170935080405003,0.6011028421961896,1.09375,0.4730029899475032,0.9712918660287081,0.6737370252925498,0.9963811821471652,3.8501476017100584,0.08154455357523405
2026-03-23,왕과 사는 남자,영월군,2026-02-04,47,개봉후,월,0,37208.0,15418.0,21791.0,0.41437325306385725,-0.12323860690890243,40041.142857142855,39348.642857142855,0.9455980511217487,,,,,,,,영월군 관광데이터/20260915130854_영월군_20260301-20260331_데이터랩_다운로드.zip,,23.91067,-0.23808809124587427,26.494770000000006,48.48847464285713,0.5464137652328267,datalab.xlsx,15795.0,0.9761316872427983,0.49312068849586504,TRAIN,영월군,시군구,강원특별자치도,왕과 사는 남자,76.0,59.964285714285715,1.2674210839785587,0.6315496687987776,0.7170935080405003,0.49543591181465346,0.8413461538461539,0.47717163866187734,0.7477744807121661,3.871201010907891,-0.055937693328885846
2026-03-24,왕과 사는 남자,영월군,2026-02-04,48,개봉후,화,0,40523.0,18256.0,22267.0,0.4505095871480394,0.08909374328101483,40308.142857142855,39394.25,1.028652658700191,,,,,,,,영월군 관광데이터/20260915130854_영월군_20260301-20260331_데이터랩_다운로드.zip,,19.74522,-0.17420883647342378,25.972294285714288,47.466393928571414,0.5471722651777177,datalab.xlsx,14339.25,1.2731488745924648,0.4159831486190648,TRAIN,영월군,시군구,강원특별자치도,왕과 사는 남자,52.0,60.67857142857143,0.8569746909947027,0.49312068849586504,1.2674210839785587,0.6011028421961896,1.09375,0.4138769962746792,0.8147268408551068,3.8918202981106265,0.028249847584731747
2026-03-25,왕과 사는 남자,영월군,2026-02-04,49,개봉후,수,0,39844.0,17958.0,21886.0,0.4507077602650336,-0.01675591639315943,40921.142857142855,39639.5,1.0051589954464613,,,,,,,,영월군 관광데이터/20260915130854_영월군_20260301-20260331_데이터랩_다운로드.zip,,21.61488,0.09468924630872677,25.417427142857143,46.52223928571427,0.5463500367374223,datalab.xlsx,15331.0,1.1713521622855652,0.46461392082296754,TRAIN,영월군,시군구,강원특별자치도,왕과 사는 남자,47.0,60.357142857142854,0.7786982248520711,0.4159831486190648,0.8569746909947027,0.6315496687987776,0.7170935080405003,0.4656322782699687,0.6527196652719666,3.912023005428146,0.005145733422378416
2026-03-26,왕과 사는 남자,영월군,2026-02-04,50,개봉후,목,0,40814.0,18904.0,21910.0,0.4631744009408536,0.024344945286617792,41164.71428571428,39703.5,1.0279698263377284,,,,,,,,영월군 관광데이터/20260915130854_영월군_20260301-20260331_데이터랩_다운로드.zip,,18.57042,-0.1408501920898937,24.492734285714285,45.575913928571424,0.537405225139322,datalab.xlsx,15749.75,1.20027302020667,0.4074612750301481,TRAIN,영월군,시군구,강원특별자치도,왕과 사는 남자,38.0,59.892857142857146,0.6344663088849135,0.46461392082296754,0.7786982248520711,0.49312068849586504,1.2674210839785587,0.4730029899475032,0.9712918660287081,3.9318256327243257,0.027585814790652242
2026-03-27,왕과 사는 남자,영월군,2026-02-04,51,개봉후,금,0,43418.0,21452.0,21966.0,0.49408079598323273,0.06380163669329142,41516.71428571428,39819.642857142855,1.0903663841427866,,,,,,,,영월군 관광데이터/20260915130854_영월군_20260301-20260331_데이터랩_다운로드.zip,,16.72367,-0.09944578528649328,23.21706,44.550036428571424,0.5211457018048615,datalab.xlsx,17697.75,1.21213148564083,0.37539071436706056,TRAIN,영월군,시군구,강원특별자치도,왕과 사는 남자,48.0,59.5,0.8067226890756303,0.4074612750301481,0.6344663088849135,0.4159831486190648,0.8569746909947027,0.49543591181465346,0.8413461538461539,3.9512437185814275,0.08651377200235534
2026-03-28,왕과 사는 남자,영월군,2026-02-04,52,개봉후,토,1,49112.0,30152.0,18960.0,0.6139436390291578,0.13114376525864846,41908.142857142855,39920.42857142857,1.230247313405596,,,,,,,,영월군 관광데이터/20260915130854_영월군_20260301-20260331_데이터랩_다운로드.zip,,21.32932,0.2753970868834412,21.896662857142854,43.33624821428572,0.5052736164162143,datalab.xlsx,27626.5,1.0914158507230376,0.49218196957273347,TRAIN,영월군,시군구,강원특별자치도,왕과 사는 남자,51.0,59.357142857142854,0.8592057761732852,0.37539071436706056,0.8067226890756303,0.46461392082296754,0.7786982248520711,0.6011028421961896,1.09375,3.970291913552122,0.20721521698233097
2026-03-29,왕과 사는 남자,영월군,2026-02-04,53,개봉후,일,1,46294.0,27489.0,18806.0,0.5937918520758629,-0.05737905196286042,42459.0,39765.92857142857,1.164162429071549,,,,,,,,영월군 관광데이터/20260915130854_영월군_20260301-20260331_데이터랩_다운로드.zip,,20.66195,-0.03128885496584033,20.36516142857143,41.70067464285715,0.488365274734464,datalab.xlsx,26034.75,1.0558580358943335,0.495482391519034,TRAIN,영월군,시군구,강원특별자치도,왕과 사는 남자,49.0,58.035714285714285,0.8443076923076923,0.49218196957273347,0.8592057761732852,0.4074612750301481,0.6344663088849135,0.6315496687987776,0.7170935080405003,3.9889840465642745,0.1520018834498064
2026-03-30,왕과 사는 남자,영월군,2026-02-04,54,개봉후,월,0,38070.0,16457.0,21612.0,0.43228263724717625,-0.1776472113016806,42582.142857142855,39450.642857142855,0.9650032862039185,,,,,,,,영월군 관광데이터/20260915130854_영월군_20260301-20260331_데이터랩_다운로드.zip,,16.50399,-0.20123754050319542,19.307064285714286,39.3109525,0.49113702563463163,datalab.xlsx,15833.5,1.0393785328575489,0.4198318522045479,TRAIN,영월군,시군구,강원특별자치도,왕과 사는 남자,43.0,56.464285714285715,0.7615433270082226,0.495482391519034,0.8443076923076923,0.37539071436706056,0.8067226890756303,0.49312068849586504,1.2674210839785587,4.007333185232471,-0.035623772256287795
2026-03-31,왕과 사는 남자,영월군,2026-02-04,55,개봉후,화,0,39018.0,17556.0,21462.0,0.44994617868675996,0.02490149724192281,42367.142857142855,39491.78571428572,0.9880029300849181,,,,,,,,영월군 관광데이터/20260915130854_영월군_20260301-20260331_데이터랩_다운로드.zip,,13.79358,-0.16422755951742585,18.45683,36.328952142857155,0.5080474087835453,datalab.xlsx,15462.75,1.135373720715914,0.37968560022758696,TRAIN,영월군,시군구,강원특별자치도,왕과 사는 남자,29.0,54.42857142857143,0.5328083989501312,0.4198318522045479,0.7615433270082226,0.49218196957273347,0.8592057761732852,0.4159831486190648,0.8569746909947027,4.02535169073515,-0.012069615565672778
2026-04-01,왕과 사는 남자,영월군,2026-02-04,56,개봉후,수,0,33708.0,12470.0,21238.0,0.3699418535659191,-0.13609103490696606,41490.57142857143,39688.142857142855,0.84932167577938,,,,,,,,영월군 관광데이터/20260915130912_영월군_20260401-20260430_데이터랩_다운로드.zip,,13.5464,-0.017919930866388545,17.304190000000002,34.151569285714295,0.5066879900959163,datalab.xlsx,15571.5,0.8008220145779148,0.3966552718755006,TRAIN,영월군,시군구,강원특별자치도,왕과 사는 남자,49.0,53.07142857142857,0.9232839838492598,0.37968560022758696,0.5328083989501312,0.495482391519034,0.8443076923076923,0.46461392082296754,0.7786982248520711,4.04305126783455,-0.16331727658687073
2026-04-02,왕과 사는 남자,영월군,2026-02-04,57,개봉후,목,0,34576.0,13332.0,21245.0,0.38558537714021285,0.025750563664411974,40599.42857142857,39592.142857142855,0.8733045878511249,,,,,,,,영월군 관광데이터/20260915130912_영월군_20260401-20260430_데이터랩_다운로드.zip,,12.69887,-0.06256496190869909,16.465397142857146,32.09724714285715,0.512984713909377,datalab.xlsx,16346.75,0.8155749613837613,0.3956373561720223,TRAIN,영월군,시군구,강원특별자치도,왕과 사는 남자,44.0,52.964285714285715,0.8307484828051247,0.3966552718755006,0.9232839838492598,0.4198318522045479,0.7615433270082226,0.4074612750301481,0.6344663088849135,4.060443010546419,-0.13547088611108848
2026-04-03,왕과 사는 남자,영월군,2026-02-04,58,개봉후,금,0,38384.0,16712.0,21672.0,0.4353897457273864,0.11013419713095796,39880.28571428572,39540.642857142855,0.9707480007009064,,,,,,,,영월군 관광데이터/20260915130912_영월군_20260401-20260430_데이터랩_다운로드.zip,,14.10712,0.11089569386882459,16.091604285714286,29.986362857142865,0.5366307465288744,datalab.xlsx,18106.5,0.9229834589788197,0.4704511870014816,TRAIN,영월군,시군구,강원특별자치도,왕과 사는 남자,53.0,52.32142857142857,1.0129692832764505,0.3956373561720223,0.8307484828051247,0.37968560022758696,0.5328083989501312,0.37539071436706056,0.8067226890756303,4.07753744390572,-0.02968836991313907
2026-04-04,왕과 사는 남자,영월군,2026-02-04,59,개봉후,토,1,42256.0,24014.0,18242.0,0.5682979931843999,0.10087536473530645,38900.857142857145,39635.5,1.0661149726886252,,,,,,,,영월군 관광데이터/20260915130912_영월군_20260401-20260430_데이터랩_다운로드.zip,,17.05064,0.20865492035227606,15.480364285714286,27.54457928571429,0.5620112808817892,datalab.xlsx,26436.5,0.908365328239366,0.6190198014330587,TRAIN,영월군,시군구,강원특별자치도,왕과 사는 남자,36.0,52.464285714285715,0.6861810755616066,0.4704511870014816,1.0129692832764505,0.3966552718755006,0.9232839838492598,0.49218196957273347,0.8592057761732852,4.0943445622221,0.06402117423232193
2026-04-05,왕과 사는 남자,영월군,2026-02-04,60,개봉후,일,1,42354.0,23373.0,18980.0,0.5518487037824055,0.002319197273759954,38338.0,39703.78571428572,1.0667496622308414,,,,,,,,영월군 관광데이터/20260915130912_영월군_20260401-20260430_데이터랩_다운로드.zip,,17.67362,0.036537044943767416,15.05346,25.30740535714286,0.5948243127876107,datalab.xlsx,23542.75,0.9927897123318219,0.6983576447520619,TRAIN,영월군,시군구,강원특별자치도,왕과 사는 남자,37.0,51.57142857142857,0.7174515235457064,0.6190198014330587,0.6861810755616066,0.3956373561720223,0.8307484828051247,0.495482391519034,0.8443076923076923,4.110873864173311,0.06461632645207305
2026-04-06,왕과 사는 남자,영월군,2026-02-04,61,개봉후,월,0,33285.0,12229.0,21056.0,0.36740273396424816,-0.21412381357132737,37654.42857142857,39828.67857142857,0.83570435158442,,,,,,,,영월군 관광데이터/20260915130912_영월군_20260401-20260430_데이터랩_다운로드.zip,,13.68225,-0.2258377174568651,14.650354285714284,23.906397500000008,0.6128214962423459,datalab.xlsx,15004.75,0.8150085806161382,0.5723258805514296,TRAIN,영월군,시군구,강원특별자치도,왕과 사는 남자,33.0,50.035714285714285,0.6595289079229122,0.6983576447520619,0.7174515235457064,0.4704511870014816,1.0129692832764505,0.4198318522045479,0.7615433270082226,4.127134385045092,-0.17948037487520072
2026-04-07,왕과 사는 남자,영월군,2026-02-04,62,개봉후,화,0,37096.0,15918.0,21178.0,0.42910286823377186,0.11449601922788033,37379.857142857145,39758.17857142857,0.9330407310625217,,,,,,,,영월군 관광데이터/20260915130912_영월군_20260401-20260430_데이터랩_다운로드.zip,,11.29068,-0.17479361947048178,14.292797142857141,22.985976428571426,0.6218050900413907,datalab.xlsx,16917.0,0.9409469764142578,0.4911986243040672,TRAIN,영월군,시군구,강원특별자치도,왕과 사는 남자,63.0,49.035714285714285,1.2847778587035688,0.5723258805514296,0.6595289079229122,0.6190198014330587,0.6861810755616066,0.37968560022758696,0.5328083989501312,4.143134726391533,-0.0693064230721248
2026-04-08,왕과 사는 남자,영월군,2026-02-04,63,개봉후,수,0,36796.0,15316.0,21480.0,0.416240895749538,-0.008087125296527886,37821.0,39781.392857142855,0.9249550444886743,,,,,,,,영월군 관광데이터/20260915130912_영월군_20260401-20260430_데이터랩_다운로드.zip,,11.31973,0.0025729185487499695,13.97470142857143,22.295625357142853,0.6267911845807166,datalab.xlsx,15088.5,1.0150777081883553,0.5077108095724929,TRAIN,영월군,시군구,강원특별자치도,왕과 사는 남자,38.0,49.607142857142854,0.7660187185025198,0.4911986243040672,1.2847778587035688,0.6983576447520619,0.7174515235457064,0.3966552718755006,0.9232839838492598,4.1588830833596715,-0.07801014320354156
2026-04-09,왕과 사는 남자,영월군,2026-02-04,64,개봉후,목,0,35522.0,14648.0,20874.0,0.41236416868419573,-0.034623328622676364,37956.142857142855,39770.28571428572,0.8931794017069455,,,,,,,,영월군 관광데이터/20260915130912_영월군_20260401-20260430_데이터랩_다운로드.zip,,12.22502,0.07997452236051572,13.907008571428573,21.686714285714285,0.6412685844526275,datalab.xlsx,16142.25,0.9074323591816507,0.5637101055946038,TRAIN,영월군,시군구,강원특별자치도,왕과 사는 남자,43.0,49.5,0.8686868686868687,0.5077108095724929,0.7660187185025198,0.5723258805514296,0.6595289079229122,0.3956373561720223,0.8307484828051247,4.174387269895637,-0.11296782051475619
2026-04-10,왕과 사는 남자,영월군,2026-02-04,65,개봉후,금,0,38434.0,17878.0,20556.0,0.465161055315606,0.08197736613929396,37963.28571428572,39711.92857142857,0.9678200324839423,,,,,,,,영월군 관광데이터/20260915130912_영월군_20260401-20260430_데이터랩_다운로드.zip,,12.56598,0.027890342919684397,13.686845714285713,21.167146785714284,0.6466079652985149,datalab.xlsx,18697.0,0.956196181205541,0.5936548807079084,TRAIN,영월군,시군구,강원특별자치도,왕과 사는 남자,44.0,48.92857142857143,0.8992700729927007,0.5637101055946038,0.8686868686868687,0.4911986243040672,1.2847778587035688,0.4704511870014816,1.0129692832764505,4.189654742026425,-0.03270912584567246
2026-04-11,왕과 사는 남자,영월군,2026-02-04,66,개봉후,토,1,52360.0,33352.0,19008.0,0.6369747899159663,0.3623354321694334,39406.71428571428,39666.21428571428,1.3200150541932951,,,,,,,,영월군 관광데이터/20260915130912_영월군_20260401-20260430_데이터랩_다운로드.zip,,16.56781,0.3184654121684105,13.617869999999998,20.589855357142852,0.6613873562387997,datalab.xlsx,26989.5,1.2357398247466607,0.8046588823778426,TRAIN,영월군,시군구,강원특별자치도,왕과 사는 남자,34.0,48.32142857142857,0.7036215816703622,0.5936548807079084,0.8992700729927007,0.5077108095724929,0.7660187185025198,0.6190198014330587,0.6861810755616066,4.204692619390966,0.2776431412251367
2026-04-12,왕과 사는 남자,영월군,2026-02-04,67,개봉후,일,1,48310.0,29519.0,18792.0,0.6110329124404885,-0.07734912146676853,40257.57142857143,39920.21428571428,1.210163844668741,,,,,,,,영월군 관광데이터/20260915130912_영월군_20260401-20260430_데이터랩_다운로드.zip,,12.86207,-0.22367108265968783,12.930505714285713,19.783776428571432,0.6535913788234925,datalab.xlsx,24205.0,1.2195414170625904,0.6501321952579686,TRAIN,영월군,시군구,강원특별자치도,왕과 사는 남자,37.0,46.964285714285715,0.7878326996197719,0.8046588823778426,0.7036215816703622,0.5637101055946038,0.8686868686868687,0.6983576447520619,0.7174515235457064,4.219507705176107,0.19075575925884472
2026-04-13,왕과 사는 남자,영월군,2026-02-04,68,개봉후,월,0,36502.0,15180.0,21322.0,0.4158676236918525,-0.24442144483543782,40717.142857142855,40227.21428571428,0.9073956685328518,,,,,,,,영월군 관광데이터/20260915130912_영월군_20260401-20260430_데이터랩_다운로드.zip,,10.19364,-0.2074650503379315,12.432132857142857,18.840053571428573,0.6598777869717158,datalab.xlsx,14578.5,1.0412593888260109,0.5410621557604761,TRAIN,영월군,시군구,강원특별자치도,왕과 사는 남자,43.0,46.17857142857143,0.9311678267594741,0.6501321952579686,0.7878326996197719,0.5936548807079084,0.8992700729927007,0.5723258805514296,0.6595289079229122,4.23410650459726,-0.09717668525622586
2026-04-14,왕과 사는 남자,영월군,2026-02-04,69,개봉후,화,0,40470.0,18739.0,21732.0,0.4630343464294539,0.10870637225357505,41199.142857142855,40248.71428571428,1.0054979573438017,,,,,,,,영월군 관광데이터/20260915130912_영월군_20260401-20260430_데이터랩_다운로드.zip,,8.71965,-0.14459898524962633,12.064842857142859,18.22108035714286,0.662136526521234,datalab.xlsx,17159.5,1.0920481366007169,0.47854736541907644,TRAIN,영월군,시군구,강원특별자치도,왕과 사는 남자,22.0,46.107142857142854,0.47714949651433003,0.5410621557604761,0.9311678267594741,0.8046588823778426,0.7036215816703622,0.4911986243040672,1.2847778587035688,4.248495242049359,0.0054828987454646014
2026-04-15,왕과 사는 남자,영월군,2026-02-04,70,개봉후,수,0,41212.0,19824.0,21388.0,0.4810249441910123,0.01833456881640716,41830.0,40313.57142857143,1.022286007902337,,,,,,,,영월군 관광데이터/20260915130912_영월군_20260401-20260430_데이터랩_다운로드.zip,,8.22736,-0.05645754130039626,11.623075714285717,17.696691071428575,0.6567937286904019,datalab.xlsx,15049.0,1.3172968303541763,0.4649095114330795,TRAIN,영월군,시군구,강원특별자치도,왕과 사는 남자,36.0,45.142857142857146,0.7974683544303797,0.47854736541907644,0.47714949651433003,0.6501321952579686,0.7878326996197719,0.5077108095724929,0.7660187185025198,4.2626798770413155,0.022041303806931374
2026-04-16,왕과 사는 남자,영월군,2026-02-04,71,개봉후,목,0,42780.0,21388.0,21392.0,0.4999532491818607,0.03804717072697272,42866.857142857145,40515.67857142857,1.0558875356012971,,,,,,,,영월군 관광데이터/20260915130912_영월군_20260401-20260430_데이터랩_다운로드.zip,,8.21294,-0.0017526885902645617,11.049921428571428,17.079848571428577,0.6469566391271114,datalab.xlsx,15989.25,1.3376487327423112,0.48085555124526846,TRAIN,영월군,시군구,강원특별자치도,왕과 사는 남자,40.0,45.035714285714285,0.8881839809674862,0.4649095114330795,0.7974683544303797,0.5410621557604761,0.9311678267594741,0.5637101055946038,0.8686868686868687,4.276666119016055,0.05438167923494228
2026-04-17,왕과 사는 남자,영월군,2026-02-04,72,개봉후,금,0,42770.0,21304.0,21466.0,0.498106149169979,-0.0002337540906965918,43486.28571428572,40646.78571428572,1.052235724139143,,,,,,,,영월군 관광데이터/20260915130912_영월군_20260401-20260430_데이터랩_다운로드.zip,,8.58691,0.04553424230543501,10.481482857142856,16.478765357142862,0.6360599614096433,datalab.xlsx,18692.5,1.1397084392135883,0.5210894028707029,TRAIN,영월군,시군구,강원특별자치도,왕과 사는 남자,34.0,44.392857142857146,0.7658889782783588,0.48085555124526846,0.8881839809674862,0.47854736541907644,0.47714949651433003,0.5936548807079084,0.8992700729927007,4.290459441148391,0.050917161590663965
2026-04-18,왕과 사는 남자,영월군,2026-02-04,73,개봉후,토,1,53764.0,34814.0,18949.0,0.6475336656498772,0.2570493336450783,43686.857142857145,40711.642857142855,1.3206050217294807,,,,,,,,영월군 관광데이터/20260915130912_영월군_20260401-20260430_데이터랩_다운로드.zip,,9.59695,0.11762554865487118,9.485645714285713,15.869248214285717,0.5977375604816997,datalab.xlsx,28739.5,1.211364150385358,0.6047513953030675,TRAIN,영월군,시군구,강원특별자치도,왕과 사는 남자,30.0,43.82142857142857,0.684596577017115,0.5210894028707029,0.7658889782783588,0.4649095114330795,0.7974683544303797,0.8046588823778426,0.7036215816703622,4.30406509320417,0.27808998138315966
2026-04-19,왕과 사는 남자,영월군,2026-02-04,74,개봉후,일,1,51426.0,32305.0,19120.0,0.6281841869871271,-0.043486347741983455,44132.0,40975.642857142855,1.2550382718653417,,,,,,,,영월군 관광데이터/20260915130912_영월군_20260401-20260430_데이터랩_다운로드.zip,,8.95594,-0.06679309572312031,8.927627142857142,15.120135714285718,0.5904462308775571,datalab.xlsx,26131.75,1.2362356137648647,0.5923187575319381,TRAIN,영월군,시군구,강원특별자치도,왕과 사는 남자,33.0,42.57142857142857,0.7751677852348994,0.6047513953030675,0.684596577017115,0.48085555124526846,0.8881839809674862,0.6501321952579686,0.7878326996197719,4.31748811353631,0.227166067629001
2026-04-20,왕과 사는 남자,영월군,2026-02-04,75,개봉후,월,0,35868.0,14777.0,21091.0,0.41198282591725216,-0.3025317932563295,44041.42857142857,41296.642857142855,0.8685451774876201,,,,,,,,영월군 관광데이터/20260915130912_영월군_20260401-20260430_데이터랩_다운로드.zip,,7.39481,-0.17431224416420843,8.527794285714284,14.319188571428572,0.5955501069893026,datalab.xlsx,14821.0,0.9970312394575265,0.5164266091693942,TRAIN,영월군,시군구,강원특별자치도,왕과 사는 남자,38.0,42.214285714285715,0.9001692047377327,0.5923187575319381,0.7751677852348994,0.5210894028707029,0.7658889782783588,0.5410621557604761,0.9311678267594741,4.330733340286331,-0.14093567682124997
2026-04-21,왕과 사는 남자,영월군,2026-02-04,76,개봉후,화,0,39872.0,18260.0,21612.0,0.45796548956661315,0.11163153786104596,43956.0,41248.78571428572,0.966622394079133,,,,,,,,영월군 관광데이터/20260915130912_영월군_20260401-20260430_데이터랩_다운로드.zip,,6.5754,-0.11080879698058499,8.221472857142858,13.72933642857143,0.5988252163472056,datalab.xlsx,17617.25,1.0364841277724957,0.47893064855751266,TRAIN,영월군,시군구,강원특별자치도,왕과 사는 남자,39.0,40.857142857142854,0.9545454545454546,0.5164266091693942,0.9001692047377327,0.6047513953030675,0.684596577017115,0.47854736541907644,0.47714949651433003,4.343805421853684,-0.03394735195298117
2026-04-22,왕과 사는 남자,영월군,2026-02-04,77,개봉후,수,0,39235.0,17563.0,21672.0,0.447636039250669,-0.015976123595505598,43673.57142857143,41225.53571428572,0.9517159527511987,,,,,,,,영월군 관광데이터/20260915130912_영월군_20260401-20260430_데이터랩_다운로드.zip,,7.1036,0.08032971378167097,8.060935714285714,13.258985714285716,0.6079602081176215,datalab.xlsx,16392.0,1.0714372864812103,0.5357574216515161,TRAIN,영월군,시군구,강원특별자치도,왕과 사는 남자,45.0,40.392857142857146,1.1140583554376657,0.47893064855751266,0.9545454545454546,0.5923187575319381,0.7751677852348994,0.4649095114330795,0.7974683544303797,4.356708826689592,-0.04948865767047042
2026-04-23,왕과 사는 남자,영월군,2026-02-04,78,개봉후,목,0,41240.0,19446.0,21794.0,0.47153249272550923,0.05110233210144011,43453.57142857143,41203.78571428572,1.000878906757874,,,,,,,,영월군 관광데이터/20260915130912_영월군_20260401-20260430_데이터랩_다운로드.zip,,6.41467,-0.09698321977588831,7.8040400000000005,12.740725714285714,0.6125271177645409,datalab.xlsx,17068.0,1.1393250527302554,0.5034775996164381,TRAIN,영월군,시군구,강원특별자치도,왕과 사는 남자,41.0,40.32142857142857,1.016829052258636,0.5357574216515161,1.1140583554376657,0.5164266091693942,0.9001692047377327,0.48085555124526846,0.8881839809674862,4.3694478524670215,0.0008785207454922382
2026-04-24,왕과 사는 남자,영월군,2026-02-04,79,개봉후,금,0,57876.0,34475.0,23401.0,0.595670053217223,0.4033947623666343,45611.57142857143,41219.0,1.404109755209976,,,,,,,,영월군 관광데이터/20260915130912_영월군_20260401-20260430_데이터랩_다운로드.zip,,6.8842,0.073196282895301,7.560795714285715,12.306591785714286,0.6143695871234165,datalab.xlsx,19336.5,1.782897628836656,0.5593912693188786,TRAIN,영월군,시군구,강원특별자치도,왕과 사는 남자,51.0,40.42857142857143,1.2614840989399292,0.5034775996164381,1.016829052258636,0.47893064855751266,0.9545454545454546,0.5210894028707029,0.7658889782783588,4.382026634673881,0.3394034757747305
2026-04-25,왕과 사는 남자,영월군,2026-02-04,80,개봉후,토,1,72978.0,52129.0,20850.0,0.7143111622680808,0.26093717603151556,48356.42857142857,41735.357142857145,1.748589325597515,,,,,,,,영월군 관광데이터/20260915130912_영월군_20260401-20260430_데이터랩_다운로드.zip,,8.48068,0.23190494175067533,7.4013285714285715,11.95518214285714,0.6190895699444146,datalab.xlsx,30583.0,1.7045090409704737,0.709372713745474,TRAIN,영월군,시군구,강원특별자치도,왕과 사는 남자,40.0,40.535714285714285,0.986784140969163,0.5593912693188786,1.2614840989399292,0.5357574216515161,1.1140583554376657,0.6047513953030675,0.684596577017115,4.394449154672439,0.5588093632038241
2026-04-26,왕과 사는 남자,영월군,2026-02-04,81,개봉후,일,1,63948.0,43894.0,20055.0,0.686401451179083,-0.12373592041437143,50145.28571428572,42587.71428571428,1.5015598059802626,,,,,,,,영월군 관광데이터/20260915130912_영월군_20260401-20260430_데이터랩_다운로드.zip,,7.51659,-0.1136807425819627,7.1957071428571435,11.496302142857143,0.6259149292912386,datalab.xlsx,28171.5,1.5580994977193263,0.6538267615617767,TRAIN,영월군,시군구,강원특별자치도,왕과 사는 남자,47.0,40.142857142857146,1.1708185053380782,0.709372713745474,0.986784140969163,0.5034775996164381,1.016829052258636,0.5923187575319381,0.7751677852348994,4.406719247264253,0.4065044384707075
2026-04-27,왕과 사는 남자,영월군,2026-02-04,82,개봉후,월,0,37278.0,16037.0,21242.0,0.43020011803208325,-0.4170576093075624,50346.71428571428,43218.21428571428,0.8625529910504004,,,,,,,,영월군 관광데이터/20260915130912_영월군_20260401-20260430_데이터랩_다운로드.zip,,6.15838,-0.18069496939436624,7.019074285714287,11.026825000000002,0.6365453596764513,datalab.xlsx,14660.75,1.0938730965332606,0.5584907713689117,TRAIN,영월군,시군구,강원특별자치도,왕과 사는 남자,43.0,40.07142857142857,1.073083778966132,0.6538267615617767,1.1708185053380782,0.5593912693188786,1.2614840989399292,0.5164266091693942,0.9001692047377327,4.418840607796598,-0.14785869306489913
2026-04-28,왕과 사는 남자,영월군,2026-02-04,83,개봉후,화,0,38612.0,17605.0,21007.0,0.45594633792603334,0.03578518160845534,50166.71428571428,43189.92857142857,0.8940047200157444,,,,,,,,영월군 관광데이터/20260915130912_영월군_20260401-20260430_데이터랩_다운로드.zip,,5.61427,-0.08835278108853295,6.88177,10.65733892857143,0.6457306130661336,datalab.xlsx,17618.25,0.999247938926965,0.5267984848402084,TRAIN,영월군,시군구,강원특별자치도,왕과 사는 남자,44.0,40.07142857142857,1.0980392156862746,0.5584907713689117,1.073083778966132,0.709372713745474,0.986784140969163,0.47893064855751266,0.9545454545454546,4.430816798843313,-0.11204422416289093
2026-04-29,왕과 사는 남자,영월군,2026-02-04,84,개봉후,수,0,40806.0,19068.0,21738.0,0.46728422290839583,0.05682171345695641,50391.142857142855,43175.42857142857,0.945120902100401,,,,,,,,영월군 관광데이터/20260915130912_영월군_20260401-20260430_데이터랩_다운로드.zip,,8.34264,0.485970571418902,7.058775714285714,10.365220714285714,0.6810058279373694,datalab.xlsx,16293.25,1.1703005845979164,0.8048685339137909,TRAIN,영월군,시군구,강원특별자치도,왕과 사는 남자,36.0,40.607142857142854,0.8865435356200528,0.5267984848402084,1.0980392156862746,0.6538267615617767,1.1708185053380782,0.5357574216515161,1.1140583554376657,4.442651256490317,-0.056442420941272636
2026-04-30,왕과 사는 남자,영월군,2026-02-04,85,개봉후,목,0,44768.0,22978.0,21791.0,0.5132684060042888,0.09709356467186203,50895.142857142855,43428.92857142857,1.0308336280129275,,,,,,,,영월군 관광데이터/20260915130912_영월군_20260401-20260430_데이터랩_다운로드.zip,,8.54535,0.024298063922211677,7.3631585714285706,10.179372142857144,0.723341132251982,datalab.xlsx,17203.5,1.3356584415961867,0.8394771190280398,TRAIN,영월군,시군구,강원특별자치도,왕과 사는 남자,52.0,40.142857142857146,1.2953736654804269,0.8048685339137909,0.8865435356200528,0.5584907713689117,1.073083778966132,0.5034775996164381,1.016829052258636,4.454347296253507,0.03036782248176608
2026-05-01,왕과 사는 남자,영월군,2026-02-04,86,개봉후,금,0,72768.0,53182.0,19586.0,0.7308432277924363,0.6254467476769121,53022.57142857143,43792.92857142857,1.6616381314008621,,,,,,,,영월군 관광데이터/20260915130931_영월군_20260501-20260531_데이터랩_다운로드.zip,,11.07786,0.29636117888676305,7.9622528571428575,10.031032142857143,0.7937620719132663,datalab.xlsx,22592.25,2.353993072845777,1.1043589375683815,TRAIN,영월군,시군구,강원특별자치도,왕과 사는 남자,47.0,40.42857142857143,1.1625441696113075,0.8394771190280398,1.2953736654804269,0.5267984848402084,1.0980392156862746,0.5593912693188786,1.2614840989399292,4.465908118654584,0.5078039419207245
2026-05-02,왕과 사는 남자,영월군,2026-02-04,87,개봉후,토,1,81378.0,62580.0,18798.0,0.7690039076900391,0.1183212401055409,54222.57142857143,45020.92857142857,1.8075593414491355,,,,,,,,영월군 관광데이터/20260915130931_영월군_20260501-20260531_데이터랩_다운로드.zip,,10.41367,-0.05995652589940659,8.238394285714284,9.922844285714286,0.8302452450629433,datalab.xlsx,36077.25,1.7346111469139138,1.0494642161212129,TRAIN,영월군,시군구,강원특별자치도,왕과 사는 남자,46.0,40.214285714285715,1.1438721136767318,1.1043589375683815,1.1625441696113075,0.8048685339137909,0.8865435356200528,0.709372713745474,0.986784140969163,4.477336814478207,0.5919775051891212
2026-05-03,왕과 사는 남자,영월군,2026-02-04,88,개봉후,일,1,62926.0,45605.0,17322.0,0.7247401709945015,-0.22674432893411,54076.57142857143,46418.142857142855,1.3556337269602097,,,,,,,,영월군 관광데이터/20260915130931_영월군_20260501-20260531_데이터랩_다운로드.zip,,10.46209,0.004649657613502223,8.659180000000001,9.685809642857143,0.8940068326023488,datalab.xlsx,32272.75,1.413111680907267,1.0801461504785332,TRAIN,영월군,시군구,강원특별자치도,왕과 사는 남자,48.0,40.57142857142857,1.1830985915492958,1.0494642161212129,1.1438721136767318,0.8394771190280398,1.2953736654804269,0.6538267615617767,1.1708185053380782,4.48863636973214,0.30426904016995204
2026-05-04,왕과 사는 남자,영월군,2026-02-04,89,개봉후,월,0,54789.0,33523.0,21266.0,0.6118563945317491,-0.12931061882210848,56578.142857142855,47152.857142857145,1.1619444360287212,,,,,,,,영월군 관광데이터/20260915130931_영월군_20260501-20260531_데이터랩_다운로드.zip,,7.56677,-0.27674393930849384,8.860378571428573,9.428254999999998,0.939768660417922,datalab.xlsx,14555.75,2.3030761039451764,0.8025631466268149,TRAIN,영월군,시군구,강원특별자치도,왕과 사는 남자,62.0,40.964285714285715,1.5135135135135134,1.0801461504785332,1.1830985915492958,1.1043589375683815,1.1625441696113075,0.5584907713689117,1.073083778966132,4.499809670330265,0.1500948397552039
2026-05-05,왕과 사는 남자,영월군,2026-02-04,90,개봉후,화,0,48850.0,28388.0,20461.0,0.5811258955987717,-0.1083976710653598,58040.71428571428,47920.857142857145,1.0193891118093523,,,,,,,,영월군 관광데이터/20260915130931_영월군_20260501-20260531_데이터랩_다운로드.zip,,6.87452,-0.09148553477904042,9.040414285714286,9.209845,0.9816033044762736,datalab.xlsx,17630.5,1.61016420407816,0.7464316717599483,TRAIN,영월군,시군구,강원특별자치도,왕과 사는 남자,100.0,42.0,2.380952380952381,0.8025631466268149,1.5135135135135134,1.0494642161212129,1.1438721136767318,0.5267984848402084,1.0980392156862746,4.51085950651685,0.019203537887119607
2026-05-06,왕과 사는 남자,영월군,2026-02-04,91,개봉후,수,0,37412.0,13744.0,23667.0,0.36736875868705227,-0.2341453428863869,57555.857142857145,48340.642857142855,0.7739243375509222,,,,,,,,영월군 관광데이터/20260915130931_영월군_20260501-20260531_데이터랩_다운로드.zip,,4.38294,-0.3624369410518844,8.474742857142855,9.052124999999998,0.9362158451350215,datalab.xlsx,17942.75,0.7659918351423277,0.484189071626828,TRAIN,영월군,시군구,강원특별자치도,왕과 사는 남자,42.0,43.32142857142857,0.9694971145919209,0.7464316717599483,2.380952380952381,1.0801461504785332,1.1830985915492958,0.8048685339137909,0.8865435356200528,4.5217885770490405,-0.2562811652729191
2026-05-07,왕과 사는 남자,영월군,2026-02-04,92,개봉후,목,0,39011.0,15365.0,23646.0,0.39386326933429033,0.042740297230835056,56733.42857142857,48362.642857142855,0.8066349912934571,,,,,,,,영월군 관광데이터/20260915130931_영월군_20260501-20260531_데이터랩_다운로드.zip,,3.61668,-0.17482785527522615,7.770647142857142,8.8043825,0.8825885452906145,datalab.xlsx,19615.0,0.7833290848840173,0.4107817896371495,TRAIN,영월군,시군구,강원특별자치도,왕과 사는 남자,37.0,43.464285714285715,0.8512736236647493,0.484189071626828,0.9694971145919209,0.8025631466268149,1.5135135135135134,0.8394771190280398,1.2953736654804269,4.532599493153256,-0.21488401626206532
2026-05-08,왕과 사는 남자,영월군,2026-02-04,93,개봉후,금,0,42217.0,18728.0,23488.0,0.44361276263116756,0.08218194868114126,52369.0,48487.25,0.8706824990074711,,,,,,,,영월군 관광데이터/20260915130931_영월군_20260501-20260531_데이터랩_다운로드.zip,,6.0713,0.6786942720948494,7.0554242857142855,8.496941785714283,0.8303486670435252,datalab.xlsx,31709.75,0.5906069899636547,0.7145276680849503,TRAIN,영월군,시군구,강원특별자치도,왕과 사는 남자,,43.25,,0.4107817896371495,0.8512736236647493,0.7464316717599483,2.380952380952381,1.1043589375683815,1.1625441696113075,4.543294782270004,-0.13847789326059742
2026-05-09,왕과 사는 남자,영월군,2026-02-04,94,개봉후,토,1,54246.0,33988.0,20258.0,0.6265531099067212,0.28493261008598436,48493.0,48622.357142857145,1.1156596098502598,,,,,,,,영월군 관광데이터/20260915130931_영월군_20260501-20260531_데이터랩_다운로드.zip,,10.24913,0.6881277485876169,7.031918571428572,8.264988928571428,0.8508079844027102,datalab.xlsx,45718.75,0.7434149008885851,1.2400657869691207,TRAIN,영월군,시군구,강원특별자치도,왕과 사는 남자,,43.22222222222222,,0.7145276680849503,,0.484189071626828,0.9694971145919209,1.0494642161212129,1.1438721136767318,4.553876891600541,0.10944580833963542
2026-05-10,왕과 사는 남자,영월군,2026-02-04,95,개봉후,일,1,50015.0,30516.0,19498.0,0.6101369589123263,-0.07799653430667697,46648.57142857143,48689.71428571428,1.0272190078279955,,,,,,,,영월군 관광데이터/20260915130931_영월군_20260501-20260531_데이터랩_다운로드.zip,,6.46499,-0.3692157285545211,6.460904285714285,8.039321785714284,0.8036628534007911,datalab.xlsx,37830.75,0.8066453876806566,0.804171069690003,TRAIN,영월군,시군구,강원특별자치도,왕과 사는 남자,,43.57692307692308,,1.2400657869691207,,0.4107817896371495,0.8512736236647493,1.0801461504785332,1.1830985915492958,4.564348191467836,0.026855158287800728
2026-05-11,왕과 사는 남자,영월군,2026-02-04,96,개봉후,월,0,36320.0,13566.0,22754.0,0.37351321585903086,-0.273817854643607,44010.142857142855,48750.607142857145,0.7450163624335814,,,,,,,,영월군 관광데이터/20260915130931_영월군_20260501-20260531_데이터랩_다운로드.zip,,4.28808,-0.33672287196113226,5.99252,7.810854642857142,0.7672041375753971,datalab.xlsx,19879.25,0.6824201114227146,0.5489898604016856,TRAIN,영월군,시군구,강원특별자치도,왕과 사는 남자,,43.84,,0.804171069690003,,0.7145276680849503,,0.8025631466268149,1.5135135135135134,4.574710978503383,-0.2943490978456648
2026-05-12,왕과 사는 남자,영월군,2026-02-04,97,개봉후,화,0,40288.0,17160.0,23128.0,0.42593328038125494,0.109251101321586,42787.0,48744.107142857145,0.8265204218824986,,,,,,,,영월군 관광데이터/20260915130931_영월군_20260501-20260531_데이터랩_다운로드.zip,,3.36598,-0.215037965709595,5.491300000000001,7.599941785714284,0.7225450082159937,datalab.xlsx,20748.0,0.8270676691729323,0.44289549774276943,TRAIN,영월군,시군구,강원특별자치도,왕과 사는 남자,,43.875,,0.5489898604016856,,1.2400657869691207,,0.7464316717599483,2.380952380952381,4.584967478670572,-0.19053065315457063
2026-05-13,왕과 사는 남자,영월군,2026-02-04,98,개봉후,수,0,40778.0,17353.0,23426.0,0.4255480896561872,0.012162430500397114,43267.857142857145,48737.607142857145,0.8366844904895236,,,,,,,,영월군 관광데이터/20260915130931_영월군_20260501-20260531_데이터랩_다운로드.zip,,3.19535,-0.05069251748376402,5.321644285714285,7.408739285714285,0.7182928269558104,datalab.xlsx,17549.75,0.9887890140885198,0.43129470167230116,TRAIN,영월군,시군구,강원특별자치도,왕과 사는 남자,,44.82608695652174,,0.44289549774276943,,0.804171069690003,,0.484189071626828,0.9694971145919209,4.59511985013459,-0.17830823237739818
2026-05-14,왕과 사는 남자,영월군,2026-02-04,99,개봉후,목,0,42665.0,19338.0,23328.0,0.45325208015938123,0.04627495218009714,43789.857142857145,48722.107142857145,0.8756805175708592,,,,,,,,영월군 관광데이터/20260915130931_영월군_20260501-20260531_데이터랩_다운로드.zip,,2.71557,-0.15014943589904073,5.192914285714286,7.229024642857142,0.7183423134191835,datalab.xlsx,19794.25,0.9769503770034227,0.37564818687998275,TRAIN,영월군,시군구,강원특별자치도,왕과 사는 남자,,45.22727272727273,,0.43129470167230116,,0.5489898604016856,,0.4107817896371495,0.8512736236647493,4.605170185988092,-0.1327539605364808
2026-05-15,왕과 사는 남자,영월군,2026-02-04,100,개봉후,금,0,43981.0,20696.0,23286.0,0.4705668356790432,0.030844954881050102,44041.857142857145,48718.0,0.9027669444558479,,,,,,,,영월군 관광데이터/20260915130931_영월군_20260501-20260531_데이터랩_다운로드.zip,,3.0976,0.14068133025479002,4.7681,7.0326900000000006,0.6779909252362892,datalab.xlsx,31922.25,0.6483252277016814,0.440457349890298,TRAIN,영월군,시군구,강원특별자치도,왕과 사는 남자,,45.476190476190474,,0.37564818687998275,,0.44289549774276943,,0.7145276680849503,,4.61512051684126,-0.10229084917978708
2026-05-16,왕과 사는 남자,영월군,2026-02-04,101,개봉후,토,1,55654.0,35875.0,19778.0,0.6446077550580371,0.265410063436484,44243.0,48761.25,1.1413571227152708,,,,,,,,영월군 관광데이터/20260915130931_영월군_20260501-20260531_데이터랩_다운로드.zip,,3.85714,0.2452027376033057,3.854958571428572,6.836643214285714,0.563867156819494,datalab.xlsx,45877.75,0.781969473219589,0.5641862357158256,TRAIN,영월군,시군구,강원특별자치도,왕과 사는 남자,,46.05,,0.440457349890298,,0.43129470167230116,,1.2400657869691207,,4.624972813284271,0.13221801289469254
2026-05-17,왕과 사는 남자,영월군,2026-02-04,102,개봉후,일,1,50512.0,31084.0,19428.0,0.6153785239151093,-0.09239228087828366,44314.0,48828.75,1.03447251875176,,,,,,,,영월군 관광데이터/20260915130931_영월군_20260501-20260531_데이터랩_다운로드.zip,,3.55194,-0.0791259845377662,3.4388085714285714,6.6316500000000005,0.5185449430275378,datalab.xlsx,38080.0,0.816281512605042,0.5356042613829137,TRAIN,영월군,시군구,강원특별자치도,왕과 사는 남자,,46.89473684210526,,0.5641862357158256,,0.37564818687998275,,0.804171069690003,,4.634728988229636,0.03389165308672519
2026-05-18,왕과 사는 남자,영월군,2026-02-04,103,개봉후,월,0,39540.0,16544.0,22995.0,0.4184117349519474,-0.2172157111181502,44774.0,48796.107142857145,0.8103105414585912,,,,,,,,영월군 관광데이터/20260915130931_영월군_20260501-20260531_데이터랩_다운로드.zip,,2.54961,-0.28219226676126286,3.1904557142857146,6.438650000000002,0.49551625174310043,datalab.xlsx,19475.75,0.8494666444167747,0.39598518322940357,TRAIN,영월군,시군구,강원특별자치도,왕과 사는 남자,,47.666666666666664,,0.5356042613829137,,0.440457349890298,,0.5489898604016856,,4.6443908991413725,-0.2103377202719389
2026-05-19,왕과 사는 남자,영월군,2026-02-04,104,개봉후,화,0,43239.0,20128.0,23110.0,0.4655056777446287,0.0935508345978755,45195.57142857143,48927.25,0.8837406557695354,,,,,,,,영월군 관광데이터/20260915130931_영월군_20260501-20260531_데이터랩_다운로드.zip,,2.29685,-0.09913673071567808,3.037722857142857,6.265607142857144,0.48482497990731704,datalab.xlsx,20353.25,0.9889329713927751,0.36658059588342246,TRAIN,영월군,시군구,강원특별자치도,왕과 사는 남자,,48.23529411764706,,0.39598518322940357,,0.5641862357158256,,0.44289549774276943,,4.653960350157523,-0.12359163521391749
2026-05-20,왕과 사는 남자,영월군,2026-02-04,105,개봉후,수,0,36736.0,14945.0,21791.0,0.4068216463414634,-0.1503966326695807,44618.142857142855,49047.5,0.7489882256995769,,,,,,,,영월군 관광데이터/20260915130931_영월군_20260501-20260531_데이터랩_다운로드.zip,,2.40867,0.048684067309576085,2.92534,6.112801785714287,0.47855960368886247,datalab.xlsx,16932.0,0.8826482400188991,0.39403698736463194,TRAIN,영월군,시군구,강원특별자치도,왕과 사는 남자,,48.8125,,0.36658059588342246,,0.5356042613829137,,0.43129470167230116,,4.663439094112067,-0.28903201561574565
2026-05-21,왕과 사는 남자,영월군,2026-02-04,106,개봉후,목,0,39032.0,16418.0,22614.0,0.42062922730067637,0.0625,44099.142857142855,48958.25,0.7972507187246276,,,,,,,,영월군 관광데이터/20260915130931_영월군_20260501-20260531_데이터랩_다운로드.zip,,2.21931,-0.0786159997010798,2.8544457142857143,5.945125714285715,0.48013210341821433,datalab.xlsx,19281.75,0.8514787298870694,0.3732990867909077,TRAIN,영월군,시군구,강원특별자치도,왕과 사는 남자,,49.06666666666667,,0.39403698736463194,,0.39598518322940357,,0.37564818687998275,,4.672828834461906,-0.22658607158766947
2026-05-22,왕과 사는 남자,영월군,2026-02-04,107,개봉후,금,0,46014.0,22666.0,23348.0,0.49258921197896294,0.17887886862061908,44389.57142857143,48879.392857142855,0.9413783050555193,,,,,,,,영월군 관광데이터/20260915130931_영월군_20260501-20260531_데이터랩_다운로드.zip,,2.30463,0.03844438136177453,2.741164285714286,5.79529142857143,0.4729985229388192,datalab.xlsx,31770.25,0.7134347384738867,0.3976728398226737,TRAIN,영월군,시군구,강원특별자치도,왕과 사는 남자,,49.642857142857146,,0.3732990867909077,,0.36658059588342246,,0.440457349890298,,4.68213122712422,-0.06041019568587153
2026-05-23,왕과 사는 남자,영월군,2026-02-04,108,개봉후,토,1,68414.0,48468.0,19946.0,0.7084514865378432,0.48680836267223015,46212.42857142857,48455.75,1.4118861022685647,,,,,,,,영월군 관광데이터/20260915130931_영월군_20260501-20260531_데이터랩_다운로드.zip,,2.95419,0.28185001496986506,2.6121714285714286,5.6317353571428574,0.46383064240729144,datalab.xlsx,46143.0,1.0503868409076134,0.5245612253873283,TRAIN,영월군,시군구,강원특별자치도,왕과 사는 남자,,49.53846153846154,,0.3976728398226737,,0.39403698736463194,,0.5641862357158256,,4.6913478822291435,0.3449264717017782
2026-05-24,왕과 사는 남자,영월군,2026-02-04,109,개봉후,일,1,78715.0,59384.0,19330.0,0.7544178364987614,0.15056859707077508,50241.42857142857,48292.75,1.62995480688095,,,,,,,,영월군 관광데이터/20260915130931_영월군_20260501-20260531_데이터랩_다운로드.zip,,3.23013,0.09340631442121183,2.5661985714285716,5.434360714285715,0.47221719468908485,datalab.xlsx,37774.75,1.572055407381915,0.5943900616513572,TRAIN,영월군,시군구,강원특별자치도,왕과 사는 남자,,50.333333333333336,,0.5245612253873283,,0.3732990867909077,,0.5356042613829137,,4.700480365792417,0.48855228859439476
2026-05-25,왕과 사는 남자,영월군,2026-02-04,110,개봉후,월,0,60550.0,40901.0,19649.0,0.6754913294797688,-0.23076923076923073,53242.857142857145,48820.142857142855,1.2402667517213328,,,,,,,,영월군 관광데이터/20260915130931_영월군_20260501-20260531_데이터랩_다운로드.zip,,2.96366,-0.0824951317748821,2.6253485714285714,5.281272857142858,0.49710527034743507,datalab.xlsx,19917.5,2.0535207731894065,0.561163961826302,TRAIN,영월군,시군구,강원특별자치도,왕과 사는 남자,,50.63636363636363,,0.5943900616513572,,0.3976728398226737,,0.39598518322940357,,4.709530201312334,0.21532647883736297
2026-05-26,왕과 사는 남자,영월군,2026-02-04,111,개봉후,화,0,37940.0,14574.0,23366.0,0.3841328413284133,-0.37341040462427744,52485.857142857145,49651.28571428572,0.7641292557522608,,,,,,,,영월군 관광데이터/20260915130931_영월군_20260501-20260531_데이터랩_다운로드.zip,,2.14248,-0.2770830662086744,2.6032957142857143,5.167175714285714,0.5038140481827182,datalab.xlsx,20820.25,0.6999915947214851,0.4146326965573622,TRAIN,영월군,시군구,강원특별자치도,왕과 사는 남자,,51.4,,0.561163961826302,,0.5245612253873283,,0.36658059588342246,,4.718498871295094,-0.26901832120362584
2026-05-27,왕과 사는 남자,영월군,2026-02-04,112,개봉후,수,0,39053.0,15673.0,23380.0,0.40132640258110774,0.02933579335793368,52816.857142857145,49627.28571428572,0.7869259710240046,,,,,,,,영월군 관광데이터/20260915130931_영월군_20260501-20260531_데이터랩_다운로드.zip,,1.91821,-0.10467775661849821,2.5332299999999996,5.0431832142857145,0.5023077473814901,datalab.xlsx,16277.5,0.962862847488865,0.3803569924975814,TRAIN,영월군,시군구,강원특별자치도,왕과 사는 남자,,,,0.4146326965573622,,0.5943900616513572,,0.39403698736463194,,4.727387818712341,-0.2396210997616501
2026-05-28,왕과 사는 남자,영월군,2026-02-04,113,개봉후,목,0,40534.0,17272.0,23261.0,0.4261114126412395,0.037922822830512404,53031.42857142857,49564.67857142857,0.8178001183158226,,,,,,,,영월군 관광데이터/20260915130931_영월군_20260501-20260531_데이터랩_다운로드.zip,,1.63118,-0.1496342944724508,2.449211428571428,4.813739285714285,0.508796028035823,datalab.xlsx,18524.75,0.9323742560628349,0.33885923253900485,TRAIN,영월군,시군구,강원특별자치도,왕과 사는 남자,,,,0.3803569924975814,,0.561163961826302,,0.3732990867909077,,4.736198448394496,-0.20113732637586268
2026-05-29,왕과 사는 남자,영월군,2026-02-04,114,개봉후,금,0,45045.0,21350.0,23695.0,0.473970473970474,0.11128928800513149,52893.0,49413.46428571428,0.9115936445893507,,,,,,,,영월군 관광데이터/20260915130931_영월군_20260501-20260531_데이터랩_다운로드.zip,,1.64128,0.006191836584558352,2.354447142857143,4.566804642857143,0.5155567901376494,datalab.xlsx,28818.0,0.7408564091887015,0.3593935209308978,TRAIN,영월군,시군구,강원특별자치도,왕과 사는 남자,,,,0.33885923253900485,,0.4146326965573622,,0.3976728398226737,,4.74493212836325,-0.09256095334470558
2026-05-30,왕과 사는 남자,영월군,2026-02-04,115,개봉후,토,1,54716.0,34380.0,20335.0,0.6283354046348417,0.21469641469641476,50936.142857142855,48423.357142857145,1.1299505698991188,,,,,,,,영월군 관광데이터/20260915130931_영월군_20260501-20260531_데이터랩_다운로드.zip,,2.17917,0.327725921232209,2.24373,4.229783928571429,0.5304597203757874,datalab.xlsx,45227.75,0.7601527823073224,0.5151965293735453,TRAIN,영월군,시군구,강원특별자치도,왕과 사는 남자,,,,0.3593935209308978,,0.3803569924975814,,0.5245612253873283,,4.7535901911063645,0.12217388831536924
2026-05-31,왕과 사는 남자,영월군,2026-02-04,116,개봉후,일,1,50886.0,31412.0,19474.0,0.6173014188578391,-0.06999780685722645,46960.57142857143,47471.142857142855,1.071935431450084,,,,,,,,영월군 관광데이터/20260915130931_영월군_20260501-20260531_데이터랩_다운로드.zip,,2.02763,-0.0695402377969595,2.071944285714286,3.935694642857144,0.5264494514264816,datalab.xlsx,41647.25,0.7542394755956275,0.5151898671000624,TRAIN,영월군,시군구,강원특별자치도,왕과 사는 남자,,,,0.5151965293735453,,0.33885923253900485,,0.5943900616513572,,4.762173934797756,0.06946582897833418
2026-06-01,왕과 사는 남자,영월군,2026-02-04,117,개봉후,월,0,37524.0,13748.0,23776.0,0.3663788508687773,-0.2625869590850135,43671.142857142855,47041.142857142855,0.7976847015378635,,,,,,,,영월군 관광데이터/20260915131004_영월군_20260601-20260630_데이터랩_다운로드.zip,,1.44967,-0.2850421427972558,1.8556599999999999,3.6344639285714293,0.5105732334862901,datalab.xlsx,26133.5,0.5260680735454494,0.39886762628286987,TRAIN,영월군,시군구,강원특별자치도,왕과 사는 남자,,,,0.5151898671000624,,0.3593935209308978,,0.561163961826302,,4.770684624465665,-0.22604187046399637
2026-06-02,왕과 사는 남자,영월군,2026-02-04,118,개봉후,화,0,39998.0,16212.0,23786.0,0.4053202660133007,0.06593113740539391,43965.142857142855,46424.53571428572,0.8615702749546691,,,,,,,,영월군 관광데이터/20260915131004_영월군_20260601-20260630_데이터랩_다운로드.zip,,1.51964,0.04826615712541482,1.7666828571428572,3.4159960714285718,0.5171794171308954,datalab.xlsx,20062.5,0.8080747663551402,0.4448599963888383,TRAIN,영월군,시군구,강원특별자치도,왕과 사는 남자,,,,0.39886762628286987,,0.5151965293735453,,0.4146326965573622,,4.77912349311153,-0.14899865355557693
2026-06-03,왕과 사는 남자,영월군,2026-02-04,119,개봉후,수,0,43253.0,21364.0,21889.0,0.4939310568053083,0.08137906895344771,44565.142857142855,46108.392857142855,0.9380721669048477,,,,,,,,영월군 관광데이터/20260915131004_영월군_20260601-20260630_데이터랩_다운로드.zip,,2.0981,0.3806559448290383,1.7923814285714286,3.2247503571428573,0.555820212439479,datalab.xlsx,15428.75,1.384687677225958,0.650624007329028,TRAIN,영월군,시군구,강원특별자치도,왕과 사는 남자,,,,0.4448599963888383,,0.5151898671000624,,0.3803569924975814,,4.787491742782046,-0.0639283959366399
2026-06-04,왕과 사는 남자,영월군,2026-02-04,120,개봉후,목,0,40344.0,16695.0,23650.0,0.41381618084473526,-0.0672554504889834,44538.0,46317.0,0.8710408705227023,,,,,,,,영월군 관광데이터/20260915131004_영월군_20260601-20260630_데이터랩_다운로드.zip,,1.27431,-0.3926361946523045,1.7414,3.1431489285714287,0.5540303814975359,datalab.xlsx,17098.25,0.9764157150585586,0.4054246327358017,TRAIN,영월군,시군구,강원특별자치도,왕과 사는 남자,,,,0.650624007329028,,0.39886762628286987,,0.33885923253900485,,4.795790545596741,-0.13806637955347503
2026-06-05,왕과 사는 남자,영월군,2026-02-04,121,개봉후,금,0,45563.0,21710.0,23852.0,0.47648311129644666,0.1293624826492168,44612.0,46364.607142857145,0.9827107961815085,,,,,,,,영월군 관광데이터/20260915131004_영월군_20260601-20260630_데이터랩_다운로드.zip,,1.33566,0.0481437012971726,1.69774,3.0594928571428572,0.5549089601684686,datalab.xlsx,20860.0,1.0407478427612655,0.4365625488818175,TRAIN,영월군,시군구,강원특별자치도,왕과 사는 남자,,,,0.4054246327358017,,0.4448599963888383,,0.3593935209308978,,4.804021044733257,-0.017440407430582814
2026-06-06,왕과 사는 남자,영월군,2026-02-04,122,개봉후,토,1,59136.0,39515.0,19621.0,0.6682054924242424,0.29789522200030727,45243.42857142857,46484.107142857145,1.2721767424350103,,,,,,,,영월군 관광데이터/20260915131004_영월군_20260601-20260630_데이터랩_다운로드.zip,,1.58417,0.1860578290882411,1.61274,2.8903628571428572,0.557971465767521,datalab.xlsx,38177.75,1.0350269463234476,0.5480868936871001,TRAIN,영월군,시군구,강원특별자치도,왕과 사는 남자,,,,0.4365625488818175,,0.650624007329028,,0.5151965293735453,,4.812184355372417,0.24072940372068471
2026-06-07,왕과 사는 남자,영월군,2026-02-04,123,개봉후,일,1,53088.0,33782.0,19306.0,0.6363396624472574,-0.10227272727272729,45558.0,46658.75,1.1377930184584886,,,,,,,,영월군 관광데이터/20260915131004_영월군_20260601-20260630_데이터랩_다운로드.zip,,1.46288,-0.07656375262755899,1.5320614285714285,2.5809,0.5936151840720014,datalab.xlsx,38099.0,0.8866899393684874,0.5668100275097834,TRAIN,영월군,시군구,강원특별자치도,왕과 사는 남자,,,,0.5480868936871001,,0.4054246327358017,,0.5151898671000624,,4.820281565605037,0.12909043731495937
2026-06-08,왕과 사는 남자,영월군,2026-02-04,124,개봉후,월,0,38672.0,15228.0,23443.0,0.393773272652048,-0.27154912597950576,45722.0,46768.5,0.8268813410735859,,,,,,,,영월군 관광데이터/20260915131004_영월군_20260601-20260630_데이터랩_다운로드.zip,,1.04254,-0.2873373072295745,1.4739000000000002,2.4022532142857145,0.6135489761175111,datalab.xlsx,21189.75,0.718649346972003,0.4339842252266436,TRAIN,영월군,시군구,강원특별자치도,왕과 사는 남자,,,,0.5668100275097834,,0.4365625488818175,,0.39886762628286987,,4.8283137373023015,-0.19009407542143142
2026-06-09,왕과 사는 남자,영월군,2026-02-04,125,개봉후,화,0,42746.0,18932.0,23814.0,0.44289524166003835,0.1053475382705833,46114.57142857143,46852.5,0.9123525959127048,,,,,,,,영월군 관광데이터/20260915131004_영월군_20260601-20260630_데이터랩_다운로드.zip,,1.053,0.010033188175033958,1.407237142857143,2.2863410714285712,0.6154974690534082,datalab.xlsx,17018.5,1.1124364661985486,0.46056120548193424,TRAIN,영월군,시군구,강원특별자치도,왕과 사는 남자,,,,0.4339842252266436,,0.5480868936871001,,0.4448599963888383,,4.836281906951478,-0.0917287453000787
2026-06-10,왕과 사는 남자,영월군,2026-02-04,126,개봉후,수,0,41076.0,17304.0,23772.0,0.4212678936605317,-0.03906798296916669,45803.57142857143,46940.28571428572,0.8750692369028127,,,,,,,,영월군 관광데이터/20260915131004_영월군_20260601-20260630_데이터랩_다운로드.zip,,1.02685,-0.024833808167141425,1.2542014285714287,2.203734642857143,0.5691254310661269,datalab.xlsx,17333.75,0.9982836951034831,0.4659590043330664,TRAIN,영월군,시군구,강원특별자치도,왕과 사는 남자,,,,0.46056120548193424,,0.5668100275097834,,0.650624007329028,,4.844187086458591,-0.13345226786604011
2026-06-11,왕과 사는 남자,영월군,2026-02-04,127,개봉후,목,0,47114.0,23324.0,23790.0,0.49505454854183467,0.1469958126399844,46770.71428571428,46950.92857142857,1.0034732311699297,,,,,,,,영월군 관광데이터/20260915131004_영월군_20260601-20260630_데이터랩_다운로드.zip,,0.93016,-0.09416175682913774,1.2050371428571431,2.1262882142857142,0.5667327386574225,datalab.xlsx,17430.75,1.3380950332028168,0.437457158324357,TRAIN,영월군,시군구,강원특별자치도,왕과 사는 남자,,,,0.4659590043330664,,0.4339842252266436,,0.4054246327358017,,4.852030263919617,0.0034672134325197017
2026-06-12,왕과 사는 남자,영월군,2026-02-04,128,개봉후,금,0,46882.0,23492.0,23390.0,0.5010878375495926,-0.004924226344610982,46959.142857142855,47109.82142857143,0.9951640354035972,,,,,,,,영월군 관광데이터/20260915131004_영월군_20260601-20260630_데이터랩_다운로드.zip,,0.88082,-0.0530446374817235,1.1400599999999999,2.0625235714285717,0.552750046492975,datalab.xlsx,21605.5,1.0873157297910254,0.42705936174582243,TRAIN,영월군,시군구,강원특별자치도,왕과 사는 남자,,,,0.437457158324357,,0.46056120548193424,,0.4365625488818175,,4.859812404361672,-0.004847695709303846
2026-06-13,왕과 사는 남자,영월군,2026-02-04,129,개봉후,토,1,58510.0,38423.0,20086.0,0.6566911639036063,0.24802696130711155,46869.71428571428,47213.42857142857,1.239266068370379,,,,,,,,영월군 관광데이터/20260915131004_영월군_20260601-20260630_데이터랩_다운로드.zip,,1.2495,0.4185645194250811,1.09225,1.9833528571428574,0.5507088645706008,datalab.xlsx,39559.5,0.9712711232447326,0.6299937983803761,TRAIN,영월군,시군구,강원특별자치도,왕과 사는 남자,,,,0.42705936174582243,,0.4659590043330664,,0.5480868936871001,,4.867534450455582,0.21451932404015758
2026-06-14,왕과 사는 남자,영월군,2026-02-04,130,개봉후,일,1,54352.0,34822.0,19530.0,0.6406755961142184,-0.07106477525209365,47050.28571428572,47315.42857142857,1.1487162145841887,,,,,,,,영월군 관광데이터/20260915131004_영월군_20260601-20260630_데이터랩_다운로드.zip,,1.15584,-0.0749579831932774,1.048387142857143,1.8902228571428572,0.5546367926382074,datalab.xlsx,38915.5,0.8948105510657707,0.6114834531982623,TRAIN,영월군,시군구,강원특별자치도,왕과 사는 남자,,,,0.6299937983803761,,0.437457158324357,,0.5668100275097834,,4.875197323201151,0.13864498366478212
2026-06-15,왕과 사는 남자,영월군,2026-02-04,131,개봉후,월,0,39760.0,16415.0,23345.0,0.4128521126760563,-0.2684721813364733,47205.71428571428,47452.57142857143,0.8378892608559524,,,,,,,,영월군 관광데이터/20260915131004_영월군_20260601-20260630_데이터랩_다운로드.zip,,0.8435,-0.2702277131782945,1.019952857142857,1.804647857142857,0.5651810978556561,datalab.xlsx,21605.25,0.7597690376181715,0.4674042066774405,TRAIN,영월군,시군구,강원특별자치도,왕과 사는 남자,,,,0.6114834531982623,,0.42705936174582243,,0.4339842252266436,,4.882801922586371,-0.176869334182169
2026-06-16,왕과 사는 남자,영월군,2026-02-04,132,개봉후,화,0,42553.0,18907.0,23646.0,0.4443164994242474,0.07024647887323954,47178.142857142855,47460.42857142857,0.8965995731782568,,,,,,,,영월군 관광데이터/20260915131004_영월군_20260601-20260630_데이터랩_다운로드.zip,,0.88118,0.04467101363366921,0.9954071428571426,1.743715357142857,0.5708541470255527,datalab.xlsx,17461.5,1.082782120665464,0.505346240365656,TRAIN,영월군,시군구,강원특별자치도,왕과 사는 남자,,,,0.4674042066774405,,0.6299937983803761,,0.46056120548193424,,4.890349128221754,-0.10914592330568396
2026-06-17,왕과 사는 남자,영월군,2026-02-04,133,개봉후,수,0,41108.0,17560.0,23548.0,0.42716746132139727,-0.03395765280943763,47182.71428571428,47435.92857142857,0.8666005122699341,,,,,,,,영월군 관광데이터/20260915131004_영월군_20260601-20260630_데이터랩_다운로드.zip,,0.89348,0.013958555573208686,0.9763542857142856,1.6931557142857139,0.576647662986022,datalab.xlsx,17321.5,1.0137690153855035,0.5277010215075992,TRAIN,영월군,시군구,강원특별자치도,왕과 사는 남자,,,,0.505346240365656,,0.6114834531982623,,0.4659590043330664,,4.897839799950911,-0.14317717855033835
2026-06-18,왕과 사는 남자,영월군,2026-02-04,134,개봉후,목,0,41272.0,17910.0,23362.0,0.43395037798022873,0.00398949109662361,46348.142857142855,47592.07142857143,0.8672032706528249,,,,,,,,영월군 관광데이터/20260915131004_영월군_20260601-20260630_데이터랩_다운로드.zip,,0.90775,0.015971258450105053,0.9731528571428572,1.6390417857142852,0.5937327929188594,datalab.xlsx,18427.25,0.9719301577826317,0.5538296875112355,TRAIN,영월군,시군구,강원특별자치도,왕과 사는 남자,,,,0.5277010215075992,,0.4674042066774405,,0.437457158324357,,4.90527477843843,-0.14248187679461363
2026-06-19,왕과 사는 남자,영월군,2026-02-04,135,개봉후,금,0,45112.0,21854.0,23258.0,0.4844387302713247,0.0930412870711379,46095.28571428572,47672.07142857143,0.9462982968464615,,,,,,,,영월군 관광데이터/20260915131004_영월군_20260601-20260630_데이터랩_다운로드.zip,,0.94571,0.041817681079592495,0.9824228571428572,1.5922003571428565,0.6170221308741433,datalab.xlsx,22304.5,0.9798022820507073,0.5939641928588943,TRAIN,영월군,시군구,강원특별자치도,왕과 사는 남자,,,,0.5538296875112355,,0.505346240365656,,0.42705936174582243,,4.912654885736052,-0.055197435272527004
2026-06-20,왕과 사는 남자,영월군,2026-02-04,136,개봉후,토,1,49224.0,30852.0,18372.0,0.6267674305216967,0.0911509132824968,44768.71428571428,47639.857142857145,1.0332524686711906,,,,,,,,영월군 관광데이터/20260915131004_영월군_20260601-20260630_데이터랩_다운로드.zip,,1.24384,0.3152446310179653,0.9816142857142857,1.5436674999999995,0.6358974881017356,datalab.xlsx,40196.5,0.7675295112758573,0.8057693771489005,TRAIN,영월군,시군구,강원특별자치도,왕과 사는 남자,,,,0.5939641928588943,,0.5277010215075992,,0.6299937983803761,,4.919980925828125,0.03271156363616631
2026-06-21,왕과 사는 남자,영월군,2026-02-04,137,개봉후,일,1,50718.0,31028.0,19691.0,0.6117749122599472,0.030351048269136927,44249.57142857143,46954.5,1.080152062102674,,,,,,,,영월군 관광데이터/20260915131004_영월군_20260601-20260630_데이터랩_다운로드.zip,,1.06085,-0.14711699253923327,0.9680442857142858,1.4825835714285707,0.6529441607001681,datalab.xlsx,39850.0,0.7786198243412799,0.7155414510480502,TRAIN,영월군,시군구,강원특별자치도,왕과 사는 남자,,,,0.8057693771489005,,0.5538296875112355,,0.6114834531982623,,4.927253685157205,0.07710182946820254
2026-06-22,왕과 사는 남자,영월군,2026-02-04,138,개봉후,월,0,40054.0,16544.0,23510.0,0.41304239276976085,-0.21026065696596874,44291.57142857143,45954.607142857145,0.8715992256333696,,,,,,,,영월군 관광데이터/20260915131004_영월군_20260601-20260630_데이터랩_다운로드.zip,,0.74971,-0.2932931140123487,0.9546457142857143,1.4051092857142855,0.6794102949795976,datalab.xlsx,21573.0,0.7668845315904139,0.5335599213685972,TRAIN,영월군,시군구,강원특별자치도,왕과 사는 남자,,,,0.7155414510480502,,0.5939641928588943,,0.4674042066774405,,4.9344739331306915,-0.13742556435473607
2026-06-23,왕과 사는 남자,영월군,2026-02-04,139,개봉후,화,0,43194.0,19722.0,23471.0,0.4565911932212807,0.07839416787337106,44383.142857142855,45222.607142857145,0.9551417472139804,,,,,,,,영월군 관광데이터/20260915131004_영월군_20260601-20260630_데이터랩_다운로드.zip,,0.74809,-0.0021608355230688936,0.9356328571428573,1.3260396428571428,0.7055843784028221,datalab.xlsx,17156.25,1.149551912568306,0.5641535711467364,TRAIN,영월군,시군구,강원특별자치도,왕과 사는 남자,,,,0.5335599213685972,,0.8057693771489005,,0.505346240365656,,4.941642422609304,-0.04589552311344169
2026-06-24,왕과 사는 남자,영월군,2026-02-04,140,개봉후,수,0,43400.0,19558.0,23842.0,0.45064516129032256,0.004769180904755199,44710.57142857143,45410.25,0.9557313602105252,,,,,,,,영월군 관광데이터/20260915131004_영월군_20260601-20260630_데이터랩_다운로드.zip,,0.75756,0.012658904677244731,0.9162157142857144,1.27624,0.7179023649828514,datalab.xlsx,17975.25,1.0880516265420508,0.5935874130257631,TRAIN,영월군,시군구,강원특별자치도,왕과 사는 남자,,,,0.5641535711467364,,0.7155414510480502,,0.5277010215075992,,4.948759890378168,-0.045278409383633304
2026-06-25,왕과 사는 남자,영월군,2026-02-04,141,개봉후,목,0,40887.0,17927.0,22960.0,0.438452319808252,-0.057903225806451575,44655.57142857143,45565.5,0.8973236330118182,,,,,,,,영월군 관광데이터/20260915131004_영월군_20260601-20260630_데이터랩_다운로드.zip,,0.71352,-0.05813400918739109,0.8884685714285715,1.2347882142857143,0.7195311399554638,datalab.xlsx,18800.25,0.9535511495857768,0.5778480809462121,TRAIN,영월군,시군구,강원특별자치도,왕과 사는 남자,,,,0.5935874130257631,,0.5335599213685972,,0.5538296875112355,,4.955827057601261,-0.10833868710919435
2026-06-26,왕과 사는 남자,영월군,2026-02-04,142,개봉후,금,0,46725.0,23230.0,23496.0,0.4971642589620118,0.14278376990241393,44886.0,45578.107142857145,1.0251632401834527,,,,,,,,영월군 관광데이터/20260915131004_영월군_20260601-20260630_데이터랩_다운로드.zip,,0.80293,0.12530833053032842,0.8680714285714285,1.202014642857143,0.7221804108043608,datalab.xlsx,22101.5,1.0510598828133837,0.6679868708516445,TRAIN,영월군,시군구,강원특별자치도,왕과 사는 남자,,,,0.5778480809462121,,0.5641535711467364,,0.5939641928588943,,4.962844630259907,0.02485185862561218
2026-06-27,왕과 사는 남자,영월군,2026-02-04,143,개봉후,토,1,57698.0,37754.0,19943.0,0.654338105306943,0.2348421615837346,46096.57142857143,45638.107142857145,1.2642505049430026,,,,,,,,영월군 관광데이터/20260915131004_영월군_20260601-20260630_데이터랩_다운로드.zip,,1.14666,0.4280946035146276,0.8541885714285714,1.1720735714285717,0.7287840902234926,datalab.xlsx,35792.5,1.0548019836557938,0.9783174264414165,TRAIN,영월군,시군구,강원특별자치도,왕과 사는 남자,,,,0.6679868708516445,,0.5935874130257631,,0.8057693771489005,,4.969813299576001,0.2344794603791037
2026-06-28,왕과 사는 남자,영월군,2026-02-04,144,개봉후,일,1,54730.0,35410.0,19320.0,0.6469943358304403,-0.05144025789455442,46669.71428571428,45744.607142857145,1.1964251836086846,,,,,,,,영월군 관광데이터/20260915131004_영월군_20260601-20260630_데이터랩_다운로드.zip,,0.99335,-0.13370135872882982,0.8445457142857143,1.1351982142857142,0.7439632159896558,datalab.xlsx,32761.0,1.0808583376575807,0.8750454215830779,TRAIN,영월군,시군구,강원특별자치도,왕과 사는 남자,,,,0.9783174264414165,,0.5778480809462121,,0.7155414510480502,,4.976733742420574,0.17933809704115608
2026-06-29,왕과 사는 남자,영월군,2026-02-04,145,개봉후,월,0,42091.0,18844.0,23247.0,0.44769665724264096,-0.23093367440160795,46960.71428571428,45881.892857142855,0.9173771476920946,,,,,,,,영월군 관광데이터/20260915131004_영월군_20260601-20260630_데이터랩_다운로드.zip,,0.68857,-0.306820355363165,0.8358114285714286,1.098259642857143,0.7610326337741499,datalab.xlsx,15483.75,1.2170178412852184,0.6269646749548881,TRAIN,영월군,시군구,강원특별자치도,왕과 사는 남자,,,,0.8750454215830779,,0.6679868708516445,,0.5335599213685972,,4.983606621708336,-0.08623660699187348
2026-06-30,왕과 사는 남자,영월군,2026-02-04,146,개봉후,화,0,41461.0,18305.0,23156.0,0.44149924024987336,-0.014967570264427077,46713.142857142855,46045.0,0.9004452166358997,,,,,,,,영월군 관광데이터/20260915131004_영월군_20260601-20260630_데이터랩_다운로드.zip,,0.88224,0.2812640690125914,0.8549757142857145,1.0710775,0.7982388896094956,datalab.xlsx,18443.25,0.992504032640668,0.8236938970335947,TRAIN,영월군,시군구,강원특별자치도,왕과 사는 남자,,,,0.6269646749548881,,0.9783174264414165,,0.5641535711467364,,4.990432586778736,-0.10486595282318886
2026-07-01,왕과 사는 남자,영월군,2026-02-04,147,개봉후,수,0,38132.0,14707.0,23426.0,0.3856865624672191,-0.0802923229058633,45960.57142857143,46097.25,0.8272076967714994,,,,,,,,영월군 관광데이터/20260915131024_영월군_20260701-20260731_데이터랩_다운로드.zip,,0.73423,-0.16776614073268037,0.8516428571428573,1.0483132142857141,0.8123935151605797,datalab.xlsx,18946.5,0.7762383553690655,0.7003918199202326,TRAIN,영월군,시군구,강원특별자치도,왕과 사는 남자,,,,0.8236938970335947,,0.8750454215830779,,0.5935874130257631,,4.997212273764115,-0.1896994706635479
2026-07-02,왕과 사는 남자,영월군,2026-02-04,148,개봉후,목,0,39484.0,16520.0,22964.0,0.41839732549893627,0.035455785167313625,45760.142857142855,45914.357142857145,0.8599488799799626,,,,,,,,영월군 관광데이터/20260915131024_영월군_20260701-20260731_데이터랩_다운로드.zip,,0.68256,-0.07037304386908749,0.84722,0.9996035714285715,0.8475559954124671,datalab.xlsx,18964.0,0.8711242353933769,0.6828306935963899,TRAIN,영월군,시군구,강원특별자치도,왕과 사는 남자,,,,0.7003918199202326,,0.6269646749548881,,0.5778480809462121,,5.003946305945459,-0.15088233338508683
2026-07-03,왕과 사는 남자,영월군,2026-02-04,149,개봉후,금,0,43978.0,20685.0,23292.0,0.47034881076902085,0.11381825549589708,45367.71428571428,45883.642857142855,0.9584679258559307,,,,,,,,영월군 관광데이터/20260915131024_영월군_20260701-20260731_데이터랩_다운로드.zip,,0.78017,0.14300574308485725,0.8439685714285714,0.9784696428571429,0.8625393517208906,datalab.xlsx,22571.5,0.9164211505659792,0.7973369492812209,TRAIN,영월군,시군구,강원특별자치도,왕과 사는 남자,,,,0.6828306935963899,,0.8236938970335947,,0.6679868708516445,,5.0106352940962555,-0.04241917990877745
2026-07-04,왕과 사는 남자,영월군,2026-02-04,150,개봉후,토,1,56612.0,36760.0,19852.0,0.6493322970394969,0.2872800036381826,45212.57142857143,45827.03571428572,1.2353406481046356,,,,,,,,영월군 관광데이터/20260915131024_영월군_20260701-20260731_데이터랩_다운로드.zip,,0.86973,0.114795493289924,0.8044071428571428,0.9586307142857142,0.8391209783597586,datalab.xlsx,36636.0,1.0033846489791463,0.9072628145949245,TRAIN,영월군,시군구,강원특별자치도,왕과 사는 남자,,,,0.7973369492812209,,0.7003918199202326,,0.9783174264414165,,5.017279836814924,0.21134676047108042
2026-07-05,왕과 사는 남자,영월군,2026-02-04,151,개봉후,일,1,51300.0,32014.0,19285.0,0.6240545808966862,-0.09383169646011447,44722.57142857143,45736.892857142855,1.1216328175207104,,,,,,,,영월군 관광데이터/20260915131024_영월군_20260701-20260731_데이터랩_다운로드.zip,,0.95942,0.10312395800995722,0.7995599999999999,0.9331149999999999,0.8568718753851348,datalab.xlsx,33760.5,0.9482679462685683,1.0281905231402348,TRAIN,영월군,시군구,강원특별자치도,왕과 사는 남자,,,,0.9072628145949245,,0.6828306935963899,,0.8750454215830779,,5.0238805208462765,0.11478549642854408
2026-07-06,왕과 사는 남자,영월군,2026-02-04,152,개봉후,월,0,36796.0,14049.0,22746.0,0.381807805196217,-0.28272904483430794,43966.142857142855,45673.03571428572,0.8056394637348544,,,,,,,,영월군 관광데이터/20260915131024_영월군_20260701-20260731_데이터랩_다운로드.zip,,0.68871,-0.28216005503324926,0.7995800000000001,0.9151342857142858,0.8737296946271742,datalab.xlsx,16757.75,0.8383583714997539,0.7525780759732373,TRAIN,영월군,시군구,강원특별자치도,왕과 사는 남자,,,,1.0281905231402348,,0.7973369492812209,,0.6269646749548881,,5.030437921392435,-0.2161189520163574
2026-07-07,왕과 사는 남자,영월군,2026-02-04,153,개봉후,화,0,37436.0,14738.0,22698.0,0.39368522278021156,0.017393194912490584,43391.142857142855,45606.03571428572,0.8208562619766023,,,,,,,,영월군 관광데이터/20260915131024_영월군_20260701-20260731_데이터랩_다운로드.zip,,0.72342,0.05039857124188685,0.7768914285714287,0.9024975,0.8608239120567411,datalab.xlsx,18966.5,0.7770542799145862,0.8015756276333176,TRAIN,영월군,시군구,강원특별자치도,왕과 사는 남자,,,,0.7525780759732373,,0.9072628145949245,,0.8236938970335947,,5.0369526024136295,-0.19740726162162173
2026-07-08,왕과 사는 남자,영월군,2026-02-04,154,개봉후,수,0,36659.0,14094.0,22564.0,0.3844622057339262,-0.02075542258788332,43180.71428571428,45416.392857142855,0.8071755085286229,,,,,,,,영월군 관광데이터/20260915131024_영월군_20260701-20260731_데이터랩_다운로드.zip,,0.817,0.12935777280141547,0.7887157142857143,0.8907267857142858,0.8854743417794858,datalab.xlsx,17282.25,0.8155188126546022,0.9172285072182226,TRAIN,영월군,시군구,강원특별자치도,왕과 사는 남자,,,,0.8015756276333176,,1.0281905231402348,,0.7003918199202326,,5.043425116919247,-0.21421415167085456
2026-07-09,왕과 사는 남자,영월군,2026-02-04,155,개봉후,목,0,36946.0,14668.0,22278.0,0.397011855139934,0.007828909681115048,42818.142857142855,45258.642857142855,0.816330266831434,,,,,,,,영월군 관광데이터/20260915131024_영월군_20260701-20260731_데이터랩_다운로드.zip,,0.82018,0.0038922888616892415,0.8083757142857142,0.8832321428571428,0.9152471644325832,datalab.xlsx,18920.25,0.7752540267702593,0.9286120377671297,TRAIN,영월군,시군구,강원특별자치도,왕과 사는 남자,,,,0.9172285072182226,,0.7525780759732373,,0.6828306935963899,,5.049856007249537,-0.20293626713865756
2026-07-10,왕과 사는 남자,영월군,2026-02-04,156,개봉후,금,0,43148.0,19684.0,23464.0,0.4561972744970798,0.16786661614247822,42699.57142857143,44895.5,0.961076277132452,,,,,,,,영월군 관광데이터/20260915131024_영월군_20260701-20260731_데이터랩_다운로드.zip,,0.93638,0.14167621741568914,0.8306914285714285,0.879304285714286,0.9447144089564311,datalab.xlsx,22315.25,0.8820873617817412,1.0649100831339058,TRAIN,영월군,시군구,강원특별자치도,왕과 사는 남자,,,,0.9286120377671297,,0.8015756276333176,,0.7973369492812209,,5.056245805348308,-0.03970150049524466
2026-07-11,왕과 사는 남자,영월군,2026-02-04,157,개봉후,토,1,54145.0,34440.0,19705.0,0.6360698125404007,0.2548669695003245,42347.142857142855,44762.142857142855,1.209615906298371,,,,,,,,영월군 관광데이터/20260915131024_영월군_20260701-20260731_데이터랩_다운로드.zip,,1.20949,0.2916657767145816,0.8792285714285714,0.8812885714285716,0.99766251365695,datalab.xlsx,35947.25,0.9580705060887829,1.3724108529393644,TRAIN,영월군,시군구,강원특별자치도,왕과 사는 남자,,,,1.0649100831339058,,0.9172285072182226,,0.9072628145949245,,5.062595033026967,0.19030287640492674
2026-07-12,왕과 사는 남자,영월군,2026-02-04,158,개봉후,일,1,53134.0,33786.0,19348.0,0.6358640418564384,-0.018672084218302687,42609.142857142855,44606.25,1.1911783662603335,,,,,,,,영월군 관광데이터/20260915131024_영월군_20260701-20260731_데이터랩_다운로드.zip,,1.0571,-0.12599525419805047,0.8931828571428572,0.8798596428571429,1.0151424314024111,datalab.xlsx,33318.5,1.014031243903537,1.2014416260385685,TRAIN,영월군,시군구,강원특별자치도,왕과 사는 남자,,,,1.3724108529393644,,0.9286120377671297,,1.0281905231402348,,5.0689042022202315,0.17494304092349383
2026-07-13,왕과 사는 남자,영월군,2026-02-04,159,개봉후,월,0,39644.0,16908.0,22736.0,0.4264958127333266,-0.2538864004215756,43016.0,44562.75,0.8896219376048381,,,,,,,,영월군 관광데이터/20260915131024_영월군_20260701-20260731_데이터랩_다운로드.zip,,0.75233,-0.288307634093274,0.9022714285714285,0.8763332142857143,1.0295985749060717,datalab.xlsx,16463.0,1.0270303103930025,0.8584976442017123,TRAIN,영월군,시군구,강원특별자치도,왕과 사는 남자,,,,1.2014416260385685,,1.0649100831339058,,0.7525780759732373,,5.075173815233827,-0.11695869571249287
2026-07-14,왕과 사는 남자,영월군,2026-02-04,160,개봉후,화,0,40558.0,17630.0,22928.0,0.43468612850732286,0.02305519120169519,43462.0,44558.607142857145,0.9102169614496477,,,,,,,,영월군 관광데이터/20260915131024_영월군_20260701-20260731_데이터랩_다운로드.zip,,0.69557,-0.07544561562080476,0.898292857142857,0.873077142857143,1.0288814275943539,datalab.xlsx,17918.0,0.9839267775421364,0.7966879051761093,TRAIN,영월군,시군구,강원특별자치도,왕과 사는 남자,,,,0.8584976442017123,,1.3724108529393644,,0.8015756276333176,,5.081404364984463,-0.09407228871313916
2026-07-15,왕과 사는 남자,영월군,2026-02-04,161,개봉후,수,0,38255.0,15466.0,22788.0,0.40428702130440464,-0.05678287884017952,43690.0,44487.357142857145,0.8599072288595636,,,,,,,,영월군 관광데이터/20260915131024_영월군_20260701-20260731_데이터랩_다운로드.zip,,0.82555,0.18686832382075136,0.8995142857142857,0.8664482142857144,1.038162778667425,datalab.xlsx,16479.75,0.9384851105144192,0.9527978549538241,TRAIN,영월군,시군구,강원특별자치도,왕과 사는 남자,,,,0.7966879051761093,,1.2014416260385685,,0.9172285072182226,,5.087596335232384,-0.15093076897245145
2026-07-16,왕과 사는 남자,영월군,2026-02-04,162,개봉후,목,0,45118.0,22162.0,22956.0,0.4912008511015559,0.17940138543981177,44857.42857142857,44385.46428571428,1.016503955204125,,,,,,,,영월군 관광데이터/20260915131024_영월군_20260701-20260731_데이터랩_다운로드.zip,,1.00784,0.22081036884501248,0.926322857142857,0.8640221428571427,1.072105460260195,datalab.xlsx,16756.25,1.3226109660574412,1.1664515873022436,TRAIN,영월군,시군구,강원특별자치도,왕과 사는 남자,,,,0.9527978549538241,,0.8584976442017123,,0.9286120377671297,,5.093750200806762,0.016369245081276795
2026-07-17,왕과 사는 남자,영월군,2026-02-04,163,개봉후,금,0,66944.0,47534.0,19411.0,0.7100561663479924,0.48375371248725574,48256.857142857145,44522.82142857143,1.5035884486206512,,,,,,,,영월군 관광데이터/20260915131024_영월군_20260701-20260731_데이터랩_다운로드.zip,,1.64001,0.6272523416415303,1.0268414285714287,0.8675967857142857,1.1835468335974044,datalab.xlsx,21363.25,2.2250359846933403,1.8902905439533095,TRAIN,영월군,시군구,강원특별자치도,왕과 사는 남자,,,,1.1664515873022436,,0.7966879051761093,,1.0649100831339058,,5.099866427824199,0.4078545501967655
2026-07-18,왕과 사는 남자,영월군,2026-02-04,164,개봉후,토,1,59084.0,41492.0,17591.0,0.7022544174395775,-0.11741156787762907,48962.42857142857,45302.53571428572,1.3042095562295077,,,,,,,,영월군 관광데이터/20260915131024_영월군_20260701-20260731_데이터랩_다운로드.zip,,1.17267,-0.2849616770629446,1.0215814285714286,0.8923932142857144,1.1447660204242123,datalab.xlsx,34951.5,1.1871307383087992,1.314073192430787,TRAIN,영월군,시군구,강원특별자치도,왕과 사는 남자,,,,1.8902905439533095,,0.9527978549538241,,1.3724108529393644,,5.10594547390058,0.2655971532231674
2026-07-19,왕과 사는 남자,영월군,2026-02-04,165,개봉후,일,1,54218.0,35312.0,18907.0,0.6512966173595485,-0.08235732177916189,49117.28571428572,45654.67857142857,1.1875672263287051,,,,,,,,영월군 관광데이터/20260915131024_영월군_20260701-20260731_데이터랩_다운로드.zip,,1.18348,0.009218279652417172,1.0396357142857144,0.8898514285714285,1.1683250494464568,datalab.xlsx,33059.5,1.068134726780502,1.329974827258483,TRAIN,영월군,시군구,강원특별자치도,왕과 사는 남자,,,,1.314073192430787,,1.1664515873022436,,1.2014416260385685,,5.111987788356544,0.1719068669695059
2026-07-20,왕과 사는 남자,영월군,2026-02-04,166,개봉후,월,0,37485.0,15194.0,22292.0,0.4053354675203415,-0.3086244420672102,48808.857142857145,45779.67857142857,0.81881308846486,,,,,,,,영월군 관광데이터/20260915131024_영월군_20260701-20260731_데이터랩_다운로드.zip,,0.95999,-0.18884138303984865,1.0693014285714286,0.8942310714285714,1.1957775375252562,datalab.xlsx,16586.25,0.9160599894490918,1.073536841508287,TRAIN,영월군,시군구,강원특별자치도,왕과 사는 남자,,,,1.329974827258483,,1.8902905439533095,,0.8584976442017123,,5.117993812416755,-0.19989944038766014
2026-07-21,왕과 사는 남자,영월군,2026-02-04,167,개봉후,화,0,38594.0,16208.0,22386.0,0.41996165207027,0.029585167400293377,48528.28571428572,45687.92857142857,0.8447307900961648,,,,,,,,영월군 관광데이터/20260915131024_영월군_20260701-20260731_데이터랩_다운로드.zip,,0.85149,-0.1130220106459443,1.0915757142857143,0.9017410714285716,1.2105201247586512,datalab.xlsx,17598.75,0.9209745010299026,0.9442732808554877,TRAIN,영월군,시군구,강원특별자치도,왕과 사는 남자,,,,1.073536841508287,,1.314073192430787,,0.7966879051761093,,5.123963979403259,-0.16873729398822118
2026-07-22,왕과 사는 남자,영월군,2026-02-04,168,개봉후,수,0,38563.0,16278.0,22284.0,0.42211446204911446,-0.000803233663263736,48572.28571428572,45523.642857142855,0.8470982895857883,,,,,,,,영월군 관광데이터/20260915131024_영월군_20260701-20260731_데이터랩_다운로드.zip,,1.24603,0.46335247624751896,1.1516442857142857,0.9054339285714288,1.271925260776699,datalab.xlsx,15956.25,1.0201645123384253,1.3761688850846965,TRAIN,영월군,시군구,강원특별자치도,왕과 사는 남자,,,,0.9442732808554877,,1.329974827258483,,0.9527978549538241,,5.1298987149230735,-0.16593854668751756
2026-07-23,왕과 사는 남자,영월군,2026-02-04,169,개봉후,목,0,41097.0,18886.0,22211.0,0.459546925566343,0.06571065529134135,47997.857142857145,45350.892857142855,0.9062004606934027,,,,,,,,영월군 관광데이터/20260915131024_영월군_20260701-20260731_데이터랩_다운로드.zip,,1.35036,0.08372992624575648,1.2005757142857143,0.9228792857142859,1.3009022229342793,datalab.xlsx,17819.25,1.059865033601302,1.4632032822741867,TRAIN,영월군,시군구,강원특별자치도,왕과 사는 남자,,,,1.3761688850846965,,1.073536841508287,,1.1664515873022436,,5.135798437050262,-0.09849473836983907
2026-07-24,왕과 사는 남자,영월군,2026-02-04,170,개봉후,금,0,46732.0,24325.0,22407.0,0.5205212702216896,0.13711463123828982,45110.42857142857,45358.392857142855,1.030283417386135,,,,,,,,영월군 관광데이터/20260915131024_영월군_20260701-20260731_데이터랩_다운로드.zip,,1.65634,0.22659142747119287,1.2029085714285714,0.9456235714285715,1.2720797236592936,datalab.xlsx,27783.25,0.8755275210783475,1.7515849329958386,TRAIN,영월군,시군구,강원특별자치도,왕과 사는 남자,,,,1.4632032822741867,,0.9442732808554877,,1.8902905439533095,,5.14166355650266,0.029833926902094608
2026-07-25,왕과 사는 남자,영월군,2026-02-04,171,개봉후,토,1,57824.0,38182.0,19642.0,0.66031405644715,0.2373534194984166,44930.42857142857,45358.642857142855,1.274817683194729,,,,,,,,영월군 관광데이터/20260915131024_영월군_20260701-20260731_데이터랩_다운로드.zip,,1.9491,0.1767511501261818,1.3138271428571429,0.9761025,1.3459930108335374,datalab.xlsx,37611.5,1.0151682331201892,1.9968189816130992,TRAIN,영월군,시군구,강원특별자치도,왕과 사는 남자,,,,1.7515849329958386,,1.3761688850846965,,1.314073192430787,,5.147494476813453,0.24280317481307234
2026-07-26,왕과 사는 남자,영월군,2026-02-04,172,개봉후,일,1,56878.0,38304.0,18574.0,0.6734414008931398,-0.016359988931931357,45310.42857142857,45363.142857142855,1.2538372876658836,,,,,,,,영월군 관광데이터/20260915131024_영월군_20260701-20260731_데이터랩_다운로드.zip,,1.87163,-0.03974654968960045,1.4121342857142858,1.0047610714285715,1.4054428718128082,datalab.xlsx,34130.5,1.122280658062437,1.8627612605839836,TRAIN,영월군,시군구,강원특별자치도,왕과 사는 남자,,,,1.9968189816130992,,1.4632032822741867,,1.329974827258483,,5.153291594497779,0.22620867913946038
2026-07-27,왕과 사는 남자,영월군,2026-02-04,173,개봉후,월,0,48062.0,26250.0,21812.0,0.5461695310224294,-0.1549984176658814,46821.42857142857,45439.857142857145,1.05770579007102,,,,,,,,영월군 관광데이터/20260915131024_영월군_20260701-20260731_데이터랩_다운로드.zip,,1.22907,-0.3433157194530969,1.4505742857142856,1.0361282142857144,1.3999949675284944,datalab.xlsx,16248.75,1.615508885298869,1.1862141992217592,TRAIN,영월군,시군구,강원특별자치도,왕과 사는 남자,,,,1.8627612605839836,,1.7515849329958386,,1.073536841508287,,5.159055299214529,0.0561022135460387
2026-07-28,왕과 사는 남자,영월군,2026-02-04,174,개봉후,화,0,49864.0,28175.0,21690.0,0.5650369003690037,0.03749323790104442,48431.42857142857,45653.107142857145,1.0922367199228342,,,,,,,,영월군 관광데이터/20260915131024_영월군_20260701-20260731_데이터랩_다운로드.zip,,1.13719,-0.07475570960156885,1.4913885714285713,1.0554317857142856,1.413060125358308,datalab.xlsx,16720.25,1.685082459891449,1.0774642334941453,TRAIN,영월군,시군구,강원특별자치도,왕과 사는 남자,,,,1.1862141992217592,,1.9968189816130992,,0.9442732808554877,,5.1647859739235145,0.08822763031619779
2026-07-29,왕과 사는 남자,영월군,2026-02-04,175,개봉후,수,0,53238.0,31087.0,22152.0,0.5839250159660393,0.06766404620567945,50527.857142857145,45953.21428571428,1.1585261407176555,,,,,,,,영월군 관광데이터/20260915131024_영월군_20260701-20260731_데이터랩_다운로드.zip,,1.14927,0.01062267519060156,1.4775657142857141,1.0645371428571428,1.3879888777953127,datalab.xlsx,15136.25,2.05381121479891,1.0795959612225836,TRAIN,영월군,시군구,강원특별자치도,왕과 사는 남자,,,,1.0774642334941453,,1.8627612605839836,,1.3761688850846965,,5.170483995038151,0.14714862891509892
2026-07-30,왕과 사는 남자,영월군,2026-02-04,176,개봉후,목,0,56987.0,35224.0,21763.0,0.6181058837980592,0.07041962507983013,52797.857142857145,46492.71428571428,1.2257189298476874,,,,,,,,영월군 관광데이터/20260915131024_영월군_20260701-20260731_데이터랩_다운로드.zip,,1.19359,0.038563609943703225,1.45517,1.07936,1.3481785502520012,datalab.xlsx,18059.0,1.9504955977628884,1.1058312333234508,TRAIN,영월군,시군구,강원특별자치도,왕과 사는 남자,,,,1.0795959612225836,,1.1862141992217592,,1.4632032822741867,,5.176149732573829,0.20352755335740433
2026-07-31,왕과 사는 남자,영월군,2026-02-04,177,개봉후,금,0,67634.0,45423.0,22211.0,0.6716000827985924,0.18683208451050248,55783.857142857145,47117.82142857143,1.4354229026172232,,,,,,,,영월군 관광데이터/20260915131024_영월군_20260701-20260731_데이터랩_다운로드.zip,,1.22801,0.02883737296726685,1.3939799999999998,1.0976110714285716,1.2700126996584462,datalab.xlsx,28057.0,1.618954271661261,1.1188024902133236,TRAIN,영월군,시군구,강원특별자치도,왕과 사는 남자,,,,1.1058312333234508,,1.0774642334941453,,1.7515849329958386,,5.181783550292085,0.3614595114510039
2026-08-01,왕과 사는 남자,영월군,2026-02-04,178,개봉후,토,1,80426.0,60851.0,19576.0,0.7566085594210827,0.18913564183694587,59012.71428571428,47962.67857142857,1.6768454639209802,,,,,,,,영월군 관광데이터/20260915131044_영월군_20260801-20260831_데이터랩_다운로드.zip,,1.66913,0.35921531583619015,1.3539842857142859,1.1136053571428572,1.215856476470409,datalab.xlsx,37718.5,1.613293211554012,1.4988523441396107,TRAIN,영월군,시군구,강원특별자치도,왕과 사는 남자,,,,1.1188024902133236,,1.0795959612225836,,1.9968189816130992,,5.187385805840755,0.5169143282795146
2026-08-02,왕과 사는 남자,영월군,2026-02-04,179,개봉후,일,1,79016.0,59976.0,19040.0,0.7590361445783133,-0.017531643995722823,62175.28571428572,48813.17857142857,1.618743181912964,,,,,,,,영월군 관광데이터/20260915131044_영월군_20260801-20260831_데이터랩_다운로드.zip,,1.55336,-0.06935948667868885,1.308517142857143,1.142155357142857,1.145656004390196,datalab.xlsx,34854.0,1.7207781029437081,1.3600251404378,TRAIN,영월군,시군구,강원특별자치도,왕과 사는 남자,,,,1.4988523441396107,,1.1058312333234508,,1.8627612605839836,,5.19295685089021,0.4816500345111813
2026-08-03,왕과 사는 남자,영월군,2026-02-04,180,개봉후,월,0,61523.0,39876.0,21648.0,0.6481478471465956,-0.22138554216867468,64098.28571428572,49803.03571428572,1.235326303258909,,,,,,,,영월군 관광데이터/20260915131044_영월군_20260801-20260831_데이터랩_다운로드.zip,,1.12503,-0.27574419323273425,1.2936542857142859,1.1633674999999999,1.111991082537793,datalab.xlsx,18100.25,2.2030634935981546,0.9670460967836905,TRAIN,영월군,시군구,강원특별자치도,왕과 사는 남자,,,,1.3600251404378,,1.1188024902133236,,1.1862141992217592,,5.198497031265826,0.21133514834689762
2026-08-04,왕과 사는 남자,영월군,2026-02-04,181,개봉후,화,0,58625.0,36950.0,21676.0,0.6302771855010662,-0.04710433496415978,65349.857142857145,50686.142857142855,1.1566277624484573,,,,,,,,영월군 관광데이터/20260915131044_영월군_20260801-20260831_데이터랩_다운로드.zip,,1.07944,-0.0405233638214092,1.2854042857142858,1.1789503571428572,1.0902955140786552,datalab.xlsx,19187.75,1.9257078083673176,0.915594107470295,TRAIN,영월군,시군구,강원특별자치도,왕과 사는 남자,,,,0.9670460967836905,,1.4988523441396107,,1.0774642334941453,,5.204006687076795,0.14550866995421038
2026-08-05,왕과 사는 남자,영월군,2026-02-04,182,개봉후,수,0,52678.0,30639.0,22040.0,0.5816280041003835,-0.10144136460554376,65269.857142857145,51442.892857142855,1.0240092863029115,,,,,,,,영월군 관광데이터/20260915131044_영월군_20260801-20260831_데이터랩_다운로드.zip,,1.01081,-0.06357926332172237,1.2656242857142856,1.1916653571428573,1.06206350476509,datalab.xlsx,19231.25,1.5931881702957427,0.8482330999564534,TRAIN,영월군,시군구,강원특별자치도,왕과 사는 남자,,,,0.915594107470295,,1.3600251404378,,1.0795959612225836,,5.209486152841421,0.023725595231383095
2026-08-06,왕과 사는 남자,영월군,2026-02-04,183,개봉후,목,0,50494.0,28494.0,22001.0,0.5643046698617658,-0.04145943278028774,64342.28571428572,52015.0,0.9707584350668077,,,,,,,,영월군 관광데이터/20260915131044_영월군_20260801-20260831_데이터랩_다운로드.zip,,1.22052,0.2074672787170686,1.2694714285714286,1.1985871428571429,1.0591398682496416,datalab.xlsx,22735.0,1.2533098746426214,1.0182989257590187,TRAIN,영월군,시군구,강원특별자치도,왕과 사는 남자,,,,0.8482330999564534,,0.9670460967836905,,1.1058312333234508,,5.214935757608986,-0.029677621181423135
2026-08-07,왕과 사는 남자,영월군,2026-02-04,184,개봉후,금,0,55234.0,33506.0,21728.0,0.6066191114168809,0.09387253931160133,62570.857142857145,52498.857142857145,1.0520990933135959,,,,,,,,영월군 관광데이터/20260915131044_영월군_20260801-20260831_데이터랩_다운로드.zip,,1.3035,0.06798741520007878,1.2802557142857143,1.212885,1.055545838464252,datalab.xlsx,34241.5,0.9785202166961143,1.0747102981733636,TRAIN,영월군,시군구,강원특별자치도,왕과 사는 남자,,,,1.0182989257590187,,0.915594107470295,,1.1188024902133236,,5.220355825078324,0.05078730504444721
2026-08-08,왕과 사는 남자,영월군,2026-02-04,185,개봉후,토,1,66374.0,46946.0,19428.0,0.7072950251604544,0.2016873664771699,60563.42857142857,52930.5,1.2539839978840177,,,,,,,,영월군 관광데이터/20260915131044_영월군_20260801-20260831_데이터랩_다운로드.zip,,1.54678,0.1866359800537014,1.2627771428571428,1.2259964285714287,1.030000670008943,datalab.xlsx,43741.25,1.0732660817877862,1.2616513098674838,TRAIN,영월군,시군구,강원특별자치도,왕과 사는 남자,,,,1.0747102981733636,,0.8482330999564534,,1.4988523441396107,,5.225746673713202,0.2263256812712684
2026-08-09,왕과 사는 남자,영월군,2026-02-04,186,개봉후,일,1,63490.0,44432.0,19058.0,0.699826744369192,-0.0434507487871757,58345.42857142857,53367.25,1.1896809372789492,,,,,,,,영월군 관광데이터/20260915131044_영월군_20260801-20260831_데이터랩_다운로드.zip,,1.41701,-0.08389686962593257,1.2432985714285714,1.2380425000000002,1.0042454693022018,datalab.xlsx,41844.5,1.0618360835952156,1.1445568306419205,TRAIN,영월군,시군구,강원특별자치도,왕과 사는 남자,,,,1.2616513098674838,,1.0182989257590187,,1.3600251404378,,5.231108616854587,0.17368515123920628
2026-08-10,왕과 사는 남자,영월군,2026-02-04,187,개봉후,월,0,46722.0,24854.0,21868.0,0.531954967681178,-0.2641045833989605,56231.0,53737.107142857145,0.869455065301378,,,,,,,,영월군 관광데이터/20260915131044_영월군_20260801-20260831_데이터랩_다운로드.zip,,0.96762,-0.31713961087077724,1.2208114285714287,1.2508964285714286,0.9759492478251311,datalab.xlsx,24557.0,1.012094311194364,0.7735412604103914,TRAIN,영월군,시군구,강원특별자치도,왕과 사는 남자,,,,1.1445568306419205,,1.0747102981733636,,0.9670460967836905,,5.236441962829949,-0.13988862530251725
2026-08-11,왕과 사는 남자,영월군,2026-02-04,188,개봉후,화,0,47260.0,24930.0,22330.0,0.5275074058400339,0.011514918025769427,54607.42857142857,53989.892857142855,0.8753490236598517,,,,,,,,영월군 관광데이터/20260915131044_영월군_20260801-20260831_데이터랩_다운로드.zip,,0.84866,-0.12294082387714189,1.1878428571428572,1.2585853571428571,0.9437920522445978,datalab.xlsx,24740.75,1.0076493234845347,0.6742967373516581,TRAIN,영월군,시군구,강원특별자치도,왕과 사는 남자,,,,0.7735412604103914,,1.2616513098674838,,0.915594107470295,,5.241747015059643,-0.13313258797498162
2026-08-12,왕과 사는 남자,영월군,2026-02-04,189,개봉후,수,0,47698.0,25354.0,22344.0,0.5315526856471969,0.009267879813795954,53896.0,54229.25,0.8795622288709506,,,,,,,,영월군 관광데이터/20260915131044_영월군_20260801-20260831_데이터랩_다운로드.zip,,0.8435,-0.0060801734499091875,1.1639414285714287,1.264052857142857,0.9208012323173648,datalab.xlsx,23367.5,1.085011233550872,0.6672980447246216,TRAIN,영월군,시군구,강원특별자치도,왕과 사는 남자,,,,0.6742967373516581,,1.1445568306419205,,0.8482330999564534,,5.247024072160486,-0.12833096247984208
2026-08-13,왕과 사는 남자,영월군,2026-02-04,190,개봉후,목,0,48594.0,26159.0,22435.0,0.53831748775569,0.01878485471088931,53624.57142857143,54566.5,0.8905463975149588,,,,,,,,영월군 관광데이터/20260915131044_영월군_20260801-20260831_데이터랩_다운로드.zip,,0.85602,0.014842916419679941,1.11187,1.2646939285714285,0.8791613329368512,datalab.xlsx,26191.5,0.9987591394154592,0.676859420814127,TRAIN,영월군,시군구,강원특별자치도,왕과 사는 남자,,,,0.6672980447246216,,0.7735412604103914,,1.0182989257590187,,5.25227342804663,-0.11592007484166127
2026-08-14,왕과 사는 남자,영월군,2026-02-04,191,개봉후,금,0,55699.0,33383.0,22316.0,0.5993464873696117,0.14621146643618554,53691.0,54690.642857142855,1.0184374710220736,,,,,,,,영월군 관광데이터/20260915131044_영월군_20260801-20260831_데이터랩_다운로드.zip,,0.97667,0.14094296862222855,1.06518,1.2592717857142859,0.8458698210218433,datalab.xlsx,37697.0,0.8855611852402048,0.7755831672556786,TRAIN,영월군,시군구,강원특별자치도,왕과 사는 남자,,,,0.676859420814127,,0.6742967373516581,,1.0747102981733636,,5.2574953720277815,0.018269561596424882
2026-08-15,왕과 사는 남자,영월군,2026-02-04,192,개봉후,토,1,84133.0,65226.0,18907.0,0.7752724852317164,0.5104939047379666,56228.0,54289.03571428572,1.5497236024374823,,,,,,,,영월군 관광데이터/20260915131044_영월군_20260801-20260831_데이터랩_다운로드.zip,,1.35029,0.3825447694717765,1.03711,1.2355810714285713,0.8393702558108144,datalab.xlsx,46867.75,1.3917032501026825,1.0928380429450921,TRAIN,영월군,시군구,강원특별자치도,왕과 사는 남자,,,,0.7755831672556786,,0.6672980447246216,,1.2616513098674838,,5.262690188904886,0.438076594021998
2026-08-16,왕과 사는 남자,영월군,2026-02-04,193,개봉후,일,1,77868.0,60256.0,17612.0,0.7738223660553758,-0.07446542973625092,58282.0,55183.642857142855,1.411070309395512,,,,,,,,영월군 관광데이터/20260915131044_영월군_20260801-20260831_데이터랩_다운로드.zip,,1.47455,0.09202467618067223,1.04533,1.2419246428571427,0.841701633035591,datalab.xlsx,44506.0,1.3538848694558037,1.1873103641841625,TRAIN,영월군,시군구,강원특별자치도,왕과 사는 남자,,,,1.0928380429450921,,0.676859420814127,,1.1445568306419205,,5.267858159063328,0.3443485011086853
2026-08-17,왕과 사는 남자,영월군,2026-02-04,194,개봉후,월,0,62794.0,43656.0,19138.0,0.6952256585024047,-0.19358401397236347,60578.0,56028.28571428572,1.1207553327655928,,,,,,,,영월군 관광데이터/20260915131044_영월군_20260801-20260831_데이터랩_다운로드.zip,,1.26349,-0.14313519378793527,1.087597142857143,1.2523199999999999,0.8684658416835498,datalab.xlsx,26543.5,1.644696441690056,1.008919445509135,TRAIN,영월군,시군구,강원특별자치도,왕과 사는 남자,,,,1.1873103641841625,,0.7755831672556786,,0.7735412604103914,,5.272999558563747,0.11400286225363991
2026-08-18,왕과 사는 남자,영월군,2026-02-04,195,개봉후,화,0,43526.0,20584.0,22942.0,0.47291274180949316,-0.30684460298754657,60044.57142857143,56932.17857142857,0.76452370332871,,,,,,,,영월군 관광데이터/20260915131044_영월군_20260801-20260831_데이터랩_다운로드.zip,,0.81233,-0.357074452508528,1.082407142857143,1.2631592857142855,0.856904711146598,datalab.xlsx,26565.75,0.7748322558181117,0.6430938751644828,TRAIN,영월군,시군구,강원특별자치도,왕과 사는 남자,,,,1.008919445509135,,1.0928380429450921,,0.6742967373516581,,5.278114659230517,-0.26850224908554243
2026-08-19,왕과 사는 남자,영월군,2026-02-04,196,개봉후,수,0,44306.0,21245.0,23062.0,0.4795061616936758,0.01792032348481376,59560.0,57108.32142857143,0.77582388856265,,,,,,,,영월군 관광데이터/20260915131044_영월군_20260801-20260831_데이터랩_다운로드.zip,,0.7044,-0.13286472246500802,1.0625357142857141,1.2617607142857141,0.8421055611065037,datalab.xlsx,25839.5,0.8221908318659417,0.5582675003467378,TRAIN,영월군,시군구,강원특별자치도,왕과 사는 남자,,,,0.6430938751644828,,1.1873103641841625,,0.6672980447246216,,5.2832037287379885,-0.2538297322839948
2026-08-20,왕과 사는 남자,영월군,2026-02-04,197,개봉후,목,0,42332.0,19418.0,22914.0,0.45870736086175945,-0.04455378504040086,58665.42857142857,57313.42857142857,0.738605263289082,,,,,,,,영월군 관광데이터/20260915131044_영월군_20260801-20260831_데이터랩_다운로드.zip,,0.61789,-0.12281374219193641,1.028517142857143,1.2424167857142854,0.8278358395373996,datalab.xlsx,27190.75,0.7141399189062457,0.49732908240189716,TRAIN,영월군,시군구,강원특별자치도,왕과 사는 남자,,,,0.5582675003467378,,1.008919445509135,,0.676859420814127,,5.288267030694535,-0.30299165055456384
2026-08-21,왕과 사는 남자,영월군,2026-02-04,198,개봉후,금,0,45210.0,22088.0,23121.0,0.48856447688564475,0.0679863932722291,57167.0,57357.53571428572,0.7882137793576756,,,,,,,,영월군 관광데이터/20260915131044_영월군_20260801-20260831_데이터랩_다운로드.zip,,0.68921,0.11542507566071625,0.9874514285714285,1.2162571428571431,0.8118771876247972,datalab.xlsx,34159.25,0.646618412289497,0.5666647090605839,TRAIN,영월군,시군구,강원특별자치도,왕과 사는 남자,,,,0.49732908240189716,,0.6430938751644828,,0.7755831672556786,,5.293304824724492,-0.23798593231660142
2026-08-22,왕과 사는 남자,영월군,2026-02-04,199,개봉후,토,1,52238.0,33173.0,19064.0,0.6350357976951645,0.15545233355452326,52610.57142857143,57303.17857142857,0.9116073715681441,,,,,,,,영월군 관광데이터/20260915131044_영월군_20260801-20260831_데이터랩_다운로드.zip,,1.18793,0.7236110909592142,0.9642571428571428,1.1817167857142858,0.8159798984951372,datalab.xlsx,52801.25,0.6282616415331076,1.0052577862655632,TRAIN,영월군,시군구,강원특별자치도,왕과 사는 남자,,,,0.5666647090605839,,0.5582675003467378,,1.0928380429450921,,5.298317366548036,-0.09254589523682605
2026-08-23,왕과 사는 남자,영월군,2026-02-04,200,개봉후,일,1,52658.0,33348.0,19310.0,0.6332940863686429,0.008040124047628217,49009.142857142855,57103.67857142857,0.9221472472063659,,,,,,,,영월군 관광데이터/20260915131044_영월군_20260801-20260831_데이터랩_다운로드.zip,,1.02261,-0.1391664492015522,0.8996942857142857,1.1545321428571427,0.7792717520083894,datalab.xlsx,50742.0,0.6572070474163415,0.8857354092102864,TRAIN,영월군,시군구,강원특별자치도,왕과 사는 남자,,,,1.0052577862655632,,0.49732908240189716,,1.1873103641841625,,5.303304908059076,-0.08105036404851046
2026-08-24,왕과 사는 남자,영월군,2026-02-04,201,개봉후,월,0,41307.0,18476.0,22830.0,0.4472849638075871,-0.21556078848418092,45939.57142857143,56952.96428571428,0.7252827050893501,,,,,,,,영월군 관광데이터/20260915131044_영월군_20260801-20260831_데이터랩_다운로드.zip,,0.66412,-0.35056375353262725,0.81407,1.1242100000000002,0.7241262753400164,datalab.xlsx,33659.0,0.5489170801271577,0.5907437222582969,TRAIN,영월군,시군구,강원특별자치도,왕과 사는 남자,,,,0.8857354092102864,,0.5666647090605839,,1.008919445509135,,5.308267697401205,-0.3211937620792715
2026-08-25,왕과 사는 남자,영월군,2026-02-04,202,개봉후,화,0,43558.0,20405.0,23152.0,0.4684558519674916,0.054494395623017944,45944.142857142855,56711.71428571428,0.76806001279655,,,,,,,,영월군 관광데이터/20260915131044_영월군_20260801-20260831_데이터랩_다운로드.zip,,0.65408,-0.01511774980425229,0.7914628571428572,1.1040332142857143,0.71688319418444,datalab.xlsx,27659.75,0.7377145491192075,0.5924459441405263,TRAIN,영월군,시군구,강원특별자치도,왕과 사는 남자,,,,0.5907437222582969,,1.0052577862655632,,0.6430938751644828,,5.313205979041787,-0.26388740722519105
2026-08-26,왕과 사는 남자,영월군,2026-02-04,203,개봉후,수,0,42508.0,19464.0,23044.0,0.4578902794768044,-0.02410578998117452,45687.28571428572,56486.5,0.7525337912598585,,,,,,,,영월군 관광데이터/20260915131044_영월군_20260801-20260831_데이터랩_다운로드.zip,,0.69437,0.06159796966731901,0.7900300000000001,1.0867792857142857,0.726946133759582,datalab.xlsx,27081.25,0.71872605585045,0.6389245812167145,TRAIN,영월군,시군구,강원특별자치도,왕과 사는 남자,,,,0.5924459441405263,,0.8857354092102864,,0.5582675003467378,,5.318119993844216,-0.2843093780386047
2026-08-27,왕과 사는 남자,영월군,2026-02-04,204,개봉후,목,0,43134.0,20100.0,23034.0,0.4659897064960356,0.014726639691352128,45801.857142857145,56103.28571428572,0.7688319757182543,,,,,,,,영월군 관광데이터/20260915131044_영월군_20260801-20260831_데이터랩_다운로드.zip,,0.62051,-0.10636980284286479,0.7904042857142858,1.0705328571428572,0.7383279087984221,datalab.xlsx,27323.75,0.7356237705293014,0.579627235035156,TRAIN,영월군,시군구,강원특별자치도,왕과 사는 남자,,,,0.6389245812167145,,0.5907437222582969,,0.49732908240189716,,5.3230099791384085,-0.2628828304658694
2026-08-28,왕과 사는 남자,영월군,2026-02-04,205,개봉후,금,0,45616.0,22680.0,22936.0,0.4971939670291126,0.057541614503639815,45859.857142857145,55608.53571428572,0.820305721308201,,,,,,,,영월군 관광데이터/20260915131044_영월군_20260801-20260831_데이터랩_다운로드.zip,,0.67677,0.0906673542730978,0.788627142857143,1.0500657142857144,0.7510264663708122,datalab.xlsx,33600.0,0.675,0.6445025209306627,TRAIN,영월군,시군구,강원특별자치도,왕과 사는 남자,,,,0.579627235035156,,0.5924459441405263,,0.5666647090605839,,5.327876168789581,-0.19807817734433492
2026-08-29,왕과 사는 남자,영월군,2026-02-04,206,개봉후,토,1,52686.0,33288.0,19397.0,0.6318186994647534,0.15498947737635915,45923.857142857145,54822.17857142857,0.9610344093012408,,,,,,,,영월군 관광데이터/20260915131044_영월군_20260801-20260831_데이터랩_다운로드.zip,,0.80209,0.18517369268732353,0.7335071428571428,1.0303785714285716,0.7118812087096974,datalab.xlsx,51549.0,0.645754524821044,0.778442042799803,TRAIN,영월군,시군구,강원특별자치도,왕과 사는 남자,,,,0.6445025209306627,,0.6389245812167145,,1.0052577862655632,,5.332718793265369,-0.03974506492835802
2026-08-30,왕과 사는 남자,영월군,2026-02-04,207,개봉후,일,1,48884.0,29928.0,18956.0,0.6122248588495213,-0.07216338306191394,45384.71428571428,53831.46428571428,0.908093447738013,,,,,,,,영월군 관광데이터/20260915131044_영월군_20260801-20260831_데이터랩_다운로드.zip,,0.78745,-0.018252315824907384,0.6999128571428571,0.9994128571428572,0.7003240474049762,datalab.xlsx,49503.0,0.6045694200351494,0.78791261726528,TRAIN,영월군,시군구,강원특별자치도,왕과 사는 남자,,,,0.778442042799803,,0.579627235035156,,0.8857354092102864,,5.337538079701318,-0.09640798966530552
2026-08-31,왕과 사는 남자,영월군,2026-02-04,208,개봉후,월,0,36236.0,14116.0,22120.0,0.38955734628546196,-0.25873496440553145,44660.28571428572,52755.32142857143,0.6868690971594605,,,,,,,,영월군 관광데이터/20260915131044_영월군_20260801-20260831_데이터랩_다운로드.zip,,0.53986,-0.31441996317226484,0.6821614285714286,0.9720589285714286,0.7017696237551736,datalab.xlsx,31715.5,0.44508205766896314,0.5553778522392638,TRAIN,영월군,시군구,강원특별자치도,왕과 사는 남자,,,,0.78791261726528,,0.6445025209306627,,0.5907437222582969,,5.342334251964811,-0.3756115476235647
2026-09-01,왕과 사는 남자,영월군,2026-02-04,209,개봉후,화,0,35728.0,12926.0,22802.0,0.3617890729959696,-0.014019207418037305,43541.71428571428,51852.21428571428,0.6890351837846848,,,,,,,,영월군 관광데이터/20260915131105_영월군_20260901-20260911_데이터랩_다운로드.zip,,0.4925,-0.08772644759752535,0.6590785714285713,0.9511600000000001,0.692920824497005,datalab.xlsx,25717.25,0.5026198368799152,0.5177888052483283,TRAIN,영월군,시군구,강원특별자치도,왕과 사는 남자,,,,0.5553778522392638,,0.778442042799803,,0.5924459441405263,,5.3471075307174685,-0.3724629442727087
2026-09-02,왕과 사는 남자,영월군,2026-02-04,210,개봉후,수,0,36680.0,13562.0,23118.0,0.3697382769901854,0.026645768025078453,42709.142857142855,51034.46428571428,0.7187299898877859,,,,,,,,영월군 관광데이터/20260915131105_영월군_20260901-20260911_데이터랩_다운로드.zip,,0.46112,-0.0637157360406092,0.6257571428571429,0.9301978571428572,0.6727140232070443,datalab.xlsx,24175.5,0.5609811586109905,0.4957224922193972,TRAIN,영월군,시군구,강원특별자치도,왕과 사는 남자,,,,0.5177888052483283,,0.78791261726528,,0.6389245812167145,,5.351858133476067,-0.33026952741424515
2026-09-03,왕과 사는 남자,영월군,2026-02-04,211,개봉후,목,0,39487.0,16054.0,23432.0,0.4065641856813635,0.07652671755725193,42188.142857142855,50463.107142857145,0.7824924432063877,,,,,,,,영월군 관광데이터/20260915131105_영월군_20260901-20260911_데이터랩_다운로드.zip,,0.48692,0.05595072866065243,0.6066728571428571,0.9105660714285716,0.6662590186245996,datalab.xlsx,23542.75,0.6819084431512886,0.5347442819125465,TRAIN,영월군,시군구,강원특별자치도,왕과 사는 남자,,,,0.4957224922193972,,0.5553778522392638,,0.579627235035156,,5.356586274672012,-0.24527101385869327
2026-09-04,왕과 사는 남자,영월군,2026-02-04,212,개봉후,금,0,42962.0,19632.0,23331.0,0.4569619663889018,0.08800364676982309,41809.0,50070.0,0.8580387457559416,,,,,,,,영월군 관광데이터/20260915131105_영월군_20260901-20260911_데이터랩_다운로드.zip,,0.55449,0.1387702291957611,0.5892042857142857,0.8843660714285715,0.6662447879332452,datalab.xlsx,27914.25,0.7032967032967034,0.6269914890609698,TRAIN,영월군,시군구,강원특별자치도,왕과 사는 남자,,,,0.5347442819125465,,0.5177888052483283,,0.6445025209306627,,5.3612921657094255,-0.15310602229006845
2026-09-05,왕과 사는 남자,영월군,2026-02-04,213,개봉후,토,1,55496.0,35374.0,20122.0,0.6374153092114747,0.2917461943112518,42210.42857142857,49631.71428571428,1.1181560177536254,,,,,,,,영월군 관광데이터/20260915131105_영월군_20260901-20260911_데이터랩_다운로드.zip,,0.74172,0.3376616350159607,0.58058,0.8576157142857143,0.6769698716208226,datalab.xlsx,44658.25,0.7921044823744773,0.8648628839756735,TRAIN,영월군,시군구,강원특별자치도,왕과 사는 남자,,,,0.6269914890609698,,0.4957224922193972,,0.778442042799803,,5.365976015021851,0.11168091576013438
2026-09-06,왕과 사는 남자,영월군,2026-02-04,214,개봉후,일,1,49455.0,29764.0,19691.0,0.6018400566171267,-0.1088546922300706,42292.0,49243.21428571428,1.0043008101188706,,,,,,,,영월군 관광데이터/20260915131105_영월군_20260901-20260911_데이터랩_다운로드.zip,,0.77615,0.04641913390497754,0.5789657142857143,0.8288635714285715,0.6985054407540789,datalab.xlsx,41991.0,0.7088185563573146,0.9364025959812445,TRAIN,영월군,시군구,강원특별자치도,왕과 사는 남자,,,,0.8648628839756735,,0.5347442819125465,,0.78791261726528,,5.3706380281276624,0.0042915880671053775
2026-09-07,왕과 사는 남자,영월군,2026-02-04,215,개봉후,월,0,38924.0,15550.0,23373.0,0.3994964546295345,-0.21294105752704484,42676.0,48741.96428571428,0.7985726584968219,,,,,,,,영월군 관광데이터/20260915131105_영월군_20260901-20260911_데이터랩_다운로드.zip,,0.56566,-0.27119757778779874,0.5826514285714285,0.8059757142857145,0.7229143735277381,datalab.xlsx,25275.5,0.6152202725959922,0.7018325614206737,TRAIN,영월군,시군구,강원특별자치도,왕과 사는 남자,,,,0.9364025959812445,,0.6269914890609698,,0.5553778522392638,,5.375278407684165,-0.2249293217324695
2026-09-08,왕과 사는 남자,영월군,2026-02-04,216,개봉후,화,0,41422.0,17832.0,23590.0,0.43049587175896864,0.06417634364402436,43489.42857142857,48463.46428571428,0.8547057171934381,,,,,,,,영월군 관광데이터/20260915131105_영월군_20260901-20260911_데이터랩_다운로드.zip,,0.61528,0.08772053883958564,0.6001914285714286,0.7916200000000001,0.7581812341419223,datalab.xlsx,19711.25,0.9046610438201534,0.7772416058209747,TRAIN,영월군,시군구,강원특별자치도,왕과 사는 남자,,,,0.7018325614206737,,0.8648628839756735,,0.5177888052483283,,5.37989735354046,-0.1569980597095251
2026-09-09,왕과 사는 남자,영월군,2026-02-04,217,개봉후,수,0,40674.0,17038.0,23636.0,0.4188916752716723,-0.018058036792042875,44060.0,48254.96428571428,0.8428977329497558,,,,,,,,영월군 관광데이터/20260915131105_영월군_20260901-20260911_데이터랩_다운로드.zip,,0.76554,0.24421401638278506,0.6436799999999999,0.7832850000000001,0.8217698538846011,datalab.xlsx,19906.25,0.855912087912088,0.9773454106742755,TRAIN,영월군,시군구,강원특별자치도,왕과 사는 남자,,,,0.7772416058209747,,0.9364025959812445,,0.4957224922193972,,5.384495062789089,-0.17090964156618774
2026-09-10,왕과 사는 남자,영월군,2026-02-04,218,개봉후,목,0,40453.0,17031.0,23422.0,0.42100709465305414,-0.005433446427693389,44198.0,48004.107142857145,0.8426987274154368,,,,,,,,영월군 관광데이터/20260915131105_영월군_20260901-20260911_데이터랩_다운로드.zip,,0.50897,-0.33514904511847843,0.6468299999999999,0.7805007142857144,0.8287372300382261,datalab.xlsx,20432.75,0.8335148230169703,0.6521070265333334,TRAIN,영월군,시군구,강원특별자치도,왕과 사는 남자,,,,0.9773454106742755,,0.7018325614206737,,0.5347442819125465,,5.389071729816501,-0.17114576633261075
2026-09-11,왕과 사는 남자,영월군,2026-02-04,219,개봉후,금,0,44828.0,20881.0,23947.0,0.46580262336039974,0.10815019899636624,44464.57142857143,47713.357142857145,0.9395272662491935,,,,,,,,영월군 관광데이터/20260915131105_영월군_20260901-20260911_데이터랩_다운로드.zip,,0.54594,0.07263689411949614,0.6456085714285714,0.7681060714285717,0.8405200732599708,datalab.xlsx,24445.75,0.8541771064499964,0.7107612090406038,TRAIN,영월군,시군구,강원특별자치도,왕과 사는 남자,,,,0.6521070265333334,,0.7772416058209747,,0.6269914890609698,,5.393627546352362,-0.06237843846439201
2026-01-01,살목지,예산군,2026-04-08,-97,개봉전,목,0,97664.0,54708.0,42956.0,0.5601654652686763,,,,,,,,,,,,예산군 관광데이터/20260915125346_예산군_20260101-20260131_데이터랩_다운로드.zip,,0.04566,,,,,datalab.xlsx,,,,TRAIN,예산군,시군구,충청남도,살목지,,,,,,,,,,-4.584967478670572,
2026-01-02,살목지,예산군,2026-04-08,-96,개봉전,금,0,87748.0,39207.0,48542.0,0.4468136025892328,-0.10153178243774574,,,,,,,,,,,예산군 관광데이터/20260915125346_예산군_20260101-20260131_데이터랩_다운로드.zip,,0.30293,5.634472185720543,,,,datalab.xlsx,,,,TRAIN,예산군,시군구,충청남도,살목지,,,,,,,,,,-4.574710978503383,
2026-01-03,살목지,예산군,2026-04-08,-95,개봉전,토,1,96033.0,52052.0,43981.0,0.5420220132662731,0.09441810639558734,,,,,,,,,,,예산군 관광데이터/20260915125346_예산군_20260101-20260131_데이터랩_다운로드.zip,,0.24278,-0.19856072359951138,,,,datalab.xlsx,,,,TRAIN,예산군,시군구,충청남도,살목지,,,,,,,,,,-4.564348191467836,
2026-01-04,살목지,예산군,2026-04-08,-94,개봉전,일,1,90856.0,47138.0,43718.0,0.5188209914590121,-0.053908552268491006,,,,,,,,,,,예산군 관광데이터/20260915125346_예산군_20260101-20260131_데이터랩_다운로드.zip,,0.11754,-0.5158579784166735,,,,datalab.xlsx,,,,TRAIN,예산군,시군구,충청남도,살목지,,,,,,,,,,-4.553876891600541,
2026-01-05,살목지,예산군,2026-04-08,-93,개봉전,월,0,80710.0,30744.0,49966.0,0.38091934084995666,-0.1116712159901383,,,,,,,,,,,예산군 관광데이터/20260915125346_예산군_20260101-20260131_데이터랩_다운로드.zip,,0.07852,-0.33197209460609156,,,,datalab.xlsx,,,,TRAIN,예산군,시군구,충청남도,살목지,,,,,,,,,,-4.543294782270004,
2026-01-06,살목지,예산군,2026-04-08,-92,개봉전,화,0,81592.0,31174.0,50418.0,0.3820717717423277,0.010928013876843057,,,,,,,,,,,예산군 관광데이터/20260915125346_예산군_20260101-20260131_데이터랩_다운로드.zip,,0.05216,-0.33571064696892516,,,,datalab.xlsx,,,,TRAIN,예산군,시군구,충청남도,살목지,,,,,,,,,,-4.532599493153256,
2026-01-07,살목지,예산군,2026-04-08,-91,개봉전,수,0,81196.0,31336.0,49861.0,0.38593034139612786,-0.00485341700166686,87971.28571428571,,,,,,,,,,예산군 관광데이터/20260915125346_예산군_20260101-20260131_데이터랩_다운로드.zip,,0.04042,-0.22507668711656448,0.1257157142857143,,,datalab.xlsx,,,,TRAIN,예산군,시군구,충청남도,살목지,,,,,,,,,,-4.5217885770490405,
2026-01-08,살목지,예산군,2026-04-08,-90,개봉전,목,0,81574.0,31888.0,49686.0,0.3909088680216736,0.0046554017439282,85672.71428571429,,,,,,,,,,예산군 관광데이터/20260915125346_예산군_20260101-20260131_데이터랩_다운로드.zip,,0.04134,0.02276100940128667,0.12509857142857142,,,datalab.xlsx,,,,TRAIN,예산군,시군구,충청남도,살목지,,,,,,,,,,-4.51085950651685,
2026-01-09,살목지,예산군,2026-04-08,-89,개봉전,금,0,84742.0,35298.0,49444.0,0.4165348941493002,0.03883590359673428,85243.28571428571,,,,,,,,,,예산군 관광데이터/20260915125346_예산군_20260101-20260131_데이터랩_다운로드.zip,,0.03816,-0.07692307692307698,0.08727428571428572,,,datalab.xlsx,,,,TRAIN,예산군,시군구,충청남도,살목지,,,,,,,,,,-4.499809670330265,
2026-01-10,살목지,예산군,2026-04-08,-88,개봉전,토,1,88812.0,45101.0,43712.0,0.507825519073999,0.048028132449080774,84211.71428571429,,,,,,,,,,예산군 관광데이터/20260915125346_예산군_20260101-20260131_데이터랩_다운로드.zip,,0.03908,0.024109014675052443,0.05817428571428572,,,datalab.xlsx,,,,TRAIN,예산군,시군구,충청남도,살목지,,,,,,,,,,-4.48863636973214,
2026-01-11,살목지,예산군,2026-04-08,-87,개봉전,일,1,83576.0,41041.0,42536.0,0.4910620273762803,-0.05895599693735076,83171.71428571429,,,,,,,,,,예산군 관광데이터/20260915125346_예산군_20260101-20260131_데이터랩_다운로드.zip,,0.03703,-0.05245649948822917,0.04667285714285715,,,datalab.xlsx,,,,TRAIN,예산군,시군구,충청남도,살목지,,,,,,,,,,-4.477336814478207,
2026-01-12,살목지,예산군,2026-04-08,-86,개봉전,월,0,78918.0,30628.0,48290.0,0.38809903950936414,-0.05573370345553752,82915.71428571429,,,,,,,,,,예산군 관광데이터/20260915125346_예산군_20260101-20260131_데이터랩_다운로드.zip,,0.0371,0.001890359168241984,0.040755714285714284,,,datalab.xlsx,,,,TRAIN,예산군,시군구,충청남도,살목지,,,,,,,,,,-4.465908118654584,
2026-01-13,살목지,예산군,2026-04-08,-85,개봉전,화,0,80440.0,31647.0,48794.0,0.39342366981601196,0.019285840999518467,82751.14285714286,,,,,,,,,,예산군 관광데이터/20260915125346_예산군_20260101-20260131_데이터랩_다운로드.zip,,0.04608,0.2420485175202156,0.03988714285714286,,,datalab.xlsx,,,,TRAIN,예산군,시군구,충청남도,살목지,,,,,,,,,,-4.454347296253507,
2026-01-14,살목지,예산군,2026-04-08,-84,개봉전,수,0,81074.0,32368.0,48706.0,0.39924020031082713,0.00788165091994042,82733.71428571429,,,,,,,,,,예산군 관광데이터/20260915125346_예산군_20260101-20260131_데이터랩_다운로드.zip,,0.05456,0.18402777777777768,0.04190714285714286,,,datalab.xlsx,,,,TRAIN,예산군,시군구,충청남도,살목지,,,,,,,,,,-4.442651256490317,
2026-01-15,살목지,예산군,2026-04-08,-83,개봉전,목,0,83769.0,35164.0,48604.0,0.41977342453652305,0.03324123640131238,83047.28571428571,,,,,,,,,,예산군 관광데이터/20260915125346_예산군_20260101-20260131_데이터랩_다운로드.zip,,0.05074,-0.07001466275659818,0.043250000000000004,,,datalab.xlsx,,,,TRAIN,예산군,시군구,충청남도,살목지,,,,,,,,,,-4.430816798843313,
2026-01-16,살목지,예산군,2026-04-08,-82,개봉전,금,0,84168.0,35567.0,48601.0,0.4225715236194278,0.004763098520932596,82965.28571428571,,,,,,,,,,예산군 관광데이터/20260915125346_예산군_20260101-20260131_데이터랩_다운로드.zip,,0.06149,0.21186440677966112,0.04658285714285714,,,datalab.xlsx,,,,TRAIN,예산군,시군구,충청남도,살목지,,,,,,,,,,-4.418840607796598,
2026-01-17,살목지,예산군,2026-04-08,-81,개봉전,토,1,99488.0,54495.0,44992.0,0.5477545030556449,0.1820169185438647,84490.42857142857,,,,,,,,,,예산군 관광데이터/20260915125346_예산군_20260101-20260131_데이터랩_다운로드.zip,,0.06509,0.05854610505773272,0.05029857142857143,,,datalab.xlsx,,,,TRAIN,예산군,시군구,충청남도,살목지,,,,,,,,,,-4.406719247264253,
2026-01-18,살목지,예산군,2026-04-08,-80,개봉전,일,1,93684.0,50704.0,42980.0,0.5412236881431194,-0.05833869411386294,85934.42857142857,,,,,,,,,,예산군 관광데이터/20260915125346_예산군_20260101-20260131_데이터랩_다운로드.zip,,0.05138,-0.21063143339990775,0.052348571428571425,,,datalab.xlsx,,,,TRAIN,예산군,시군구,충청남도,살목지,,,,,,,,,,-4.394449154672439,
2026-01-19,살목지,예산군,2026-04-08,-79,개봉전,월,0,80328.0,32886.0,47442.0,0.4093964744547356,-0.1425643653131805,86135.85714285714,,,,,,,,,,예산군 관광데이터/20260915125346_예산군_20260101-20260131_데이터랩_다운로드.zip,,0.04226,-0.1775009731413002,0.053085714285714285,,,datalab.xlsx,,,,TRAIN,예산군,시군구,충청남도,살목지,,,,,,,,,,-4.382026634673881,
2026-01-20,살목지,예산군,2026-04-08,-78,개봉전,화,0,80738.0,32963.0,47775.0,0.40827119819663604,0.005104073299472267,86178.42857142857,,,,,,,,,,예산군 관광데이터/20260915125346_예산군_20260101-20260131_데이터랩_다운로드.zip,,0.04014,-0.05016564126833878,0.05223714285714286,,,datalab.xlsx,,,,TRAIN,예산군,시군구,충청남도,살목지,,,,,,,,,,-4.3694478524670215,
2026-01-21,살목지,예산군,2026-04-08,-77,개봉전,수,0,78362.0,31010.0,47352.0,0.3957275209923177,-0.029428521885605297,85791.0,,,,,,,,,,예산군 관광데이터/20260915125346_예산군_20260101-20260131_데이터랩_다운로드.zip,,0.03951,-0.015695067264573925,0.05008714285714285,,,datalab.xlsx,,,,TRAIN,예산군,시군구,충청남도,살목지,,,,,,,,,,-4.356708826689592,
2026-01-22,살목지,예산군,2026-04-08,-76,개봉전,목,0,80255.0,32501.0,47754.0,0.40497165285651987,0.024157116969959924,85289.0,,,,,,,,,,예산군 관광데이터/20260915125346_예산군_20260101-20260131_데이터랩_다운로드.zip,,0.03463,-0.12351303467476593,0.04778571428571428,,,datalab.xlsx,,,,TRAIN,예산군,시군구,충청남도,살목지,,,,,,,,,,-4.343805421853684,
2026-01-23,살목지,예산군,2026-04-08,-75,개봉전,금,0,90552.0,40394.0,50158.0,0.4460862266984716,0.12830353249018756,86201.0,,,,,,,,,,예산군 관광데이터/20260915125346_예산군_20260101-20260131_데이터랩_다운로드.zip,,0.03265,-0.05717585908172107,0.04366571428571429,,,datalab.xlsx,,,,TRAIN,예산군,시군구,충청남도,살목지,,,,,,,,,,-4.330733340286331,
2026-01-24,살목지,예산군,2026-04-08,-74,개봉전,토,1,99631.0,53935.0,45696.0,0.5413475725426825,0.10026283240568956,86221.42857142857,,,,,,,,,,예산군 관광데이터/20260915125346_예산군_20260101-20260131_데이터랩_다운로드.zip,,0.03541,0.08453292496171505,0.039425714285714286,,,datalab.xlsx,,,,TRAIN,예산군,시군구,충청남도,살목지,,,,,,,,,,-4.31748811353631,
2026-01-25,살목지,예산군,2026-04-08,-73,개봉전,일,1,99806.0,53998.0,45808.0,0.5410295974189928,0.0017564814164265918,87096.0,,,,,,,,,,예산군 관광데이터/20260915125346_예산군_20260101-20260131_데이터랩_다운로드.zip,,0.03908,0.10364303868963565,0.03766857142857143,,,datalab.xlsx,,,,TRAIN,예산군,시군구,충청남도,살목지,,,,,,,,,,-4.30406509320417,
2026-01-26,살목지,예산군,2026-04-08,-72,개봉전,월,0,86863.0,37016.0,49847.0,0.4261423160609235,-0.12968158226960302,88029.57142857143,,,,,,,,,,예산군 관광데이터/20260915125346_예산군_20260101-20260131_데이터랩_다운로드.zip,,0.04615,0.18091095189355166,0.03822428571428571,,,datalab.xlsx,,,,TRAIN,예산군,시군구,충청남도,살목지,,,,,,,,,,-4.290459441148391,
2026-01-27,살목지,예산군,2026-04-08,-71,개봉전,화,0,89078.0,38958.0,50120.0,0.4373470441635421,0.02549992516951982,89221.0,,,,,,,,,,예산군 관광데이터/20260915125346_예산군_20260101-20260131_데이터랩_다운로드.zip,,0.08912,0.9310942578548216,0.04522142857142857,,,datalab.xlsx,,,,TRAIN,예산군,시군구,충청남도,살목지,,,,,,,,,,-4.276666119016055,
2026-01-28,살목지,예산군,2026-04-08,-70,개봉전,수,0,88739.0,38630.0,50110.0,0.43532156098220626,-0.0038056534722378244,90703.42857142857,,,,,,,,,,예산군 관광데이터/20260915125346_예산군_20260101-20260131_데이터랩_다운로드.zip,,0.09464,0.06193895870736088,0.05309714285714286,,,datalab.xlsx,,,,TRAIN,예산군,시군구,충청남도,살목지,,,,,,,,,,-4.2626798770413155,
2026-01-29,살목지,예산군,2026-04-08,-69,개봉전,목,0,89880.0,39904.0,49976.0,0.44396973742768137,0.012857931687307644,92078.42857142857,86799.85714285714,1.035485575190216,,,,,,,,예산군 관광데이터/20260915125346_예산군_20260101-20260131_데이터랩_다운로드.zip,,0.04558,-0.518385460693153,0.05466142857142857,0.06770178571428571,0.807385329570332,datalab.xlsx,38565.25,1.03471389398487,0.6732466436314721,TRAIN,예산군,시군구,충청남도,살목지,,,,,,,,,,-4.248495242049359,0.03487047147179644
2026-01-30,살목지,예산군,2026-04-08,-68,개봉전,금,0,93919.0,43264.0,50656.0,0.4606522641850957,0.044937694704049846,92559.42857142857,86521.85714285714,1.0854944993255213,,,,,,,,예산군 관광데이터/20260915125346_예산군_20260101-20260131_데이터랩_다운로드.zip,,0.0405,-0.11145239139973673,0.05578285714285714,0.06769892857142856,0.8239843424405324,datalab.xlsx,37616.5,1.150133584995946,0.5982369419224826,TRAIN,예산군,시군구,충청남도,살목지,,,,0.6732466436314721,,,,,,-4.23410650459726,0.0820356429125192
2026-01-31,살목지,예산군,2026-04-08,-67,개봉전,토,1,105945.0,59770.0,46176.0,0.5641606493935533,0.12804650816128782,93461.42857142857,86742.25,1.2213771259103838,,,,,,,,예산군 관광데이터/20260915125346_예산군_20260101-20260131_데이터랩_다운로드.zip,,0.04255,0.05061728395061715,0.05680285714285714,0.05832642857142857,0.9738785407252287,datalab.xlsx,51395.75,1.1629366241372099,0.7295149221744615,TRAIN,예산군,시군구,충청남도,살목지,,,,0.5982369419224826,,,,,,-4.219507705176107,0.1999790138686223
2026-02-01,살목지,예산군,2026-04-08,-66,개봉전,일,1,98430.0,49458.0,48972.0,0.5024687595245352,-0.0709330312898202,93264.85714285714,87096.25,1.130129023924681,,,,,,,,예산군 관광데이터/20260915125411_예산군_20260201-20260228_데이터랩_다운로드.zip,,0.0424,-0.003525264394829586,0.05727714285714285,0.05117535714285715,1.1192328897139385,datalab.xlsx,48220.25,1.0256686765414944,0.8285237733004863,TRAIN,예산군,시군구,충청남도,살목지,,,,0.7295149221744615,,0.6732466436314721,,,,-4.204692619390966,0.12233180667047566
2026-02-02,살목지,예산군,2026-04-08,-65,개봉전,월,0,82369.0,29040.0,53330.0,0.35255982226323007,-0.16317179721629582,92622.85714285714,87366.75,0.9427957432318359,,,,,,,,예산군 관광데이터/20260915125411_예산군_20260201-20260228_데이터랩_다운로드.zip,,0.04212,-0.006603773584905714,0.05670142857142857,0.048491785714285716,1.1692996604726866,datalab.xlsx,32818.5,0.8848667672197084,0.868600720298725,TRAIN,예산군,시군구,충청남도,살목지,,,,0.8285237733004863,,0.5982369419224826,,,,-4.189654742026425,-0.05890562295810525
2026-02-03,살목지,예산군,2026-04-08,-64,개봉전,화,0,88592.0,33887.0,54705.0,0.3825063211125158,0.07555026769779882,92553.42857142857,87426.0,1.0133369935717063,,,,,,,,예산군 관광데이터/20260915125411_예산군_20260201-20260228_데이터랩_다운로드.zip,,0.0405,-0.038461538461538325,0.049755714285714285,0.047191785714285714,1.0543299757070312,datalab.xlsx,33685.5,1.0059818022591323,0.8582002013062201,TRAIN,예산군,시군구,충청남도,살목지,,,,0.868600720298725,,0.7295149221744615,,,,-4.174387269895637,0.013248838820838804
2026-02-04,살목지,예산군,2026-04-08,-63,개봉전,수,0,87846.0,33565.0,54282.0,0.38208911048880995,-0.00842062488712303,92425.85714285714,87676.0,1.0019389570692094,,,,,,,,예산군 관광데이터/20260915125411_예산군_20260201-20260228_데이터랩_다운로드.zip,,0.03654,-0.09777777777777774,0.04145571428571428,0.04677535714285714,0.8862725336143116,datalab.xlsx,33336.0,1.0068694504439646,0.7811805666903362,TRAIN,예산군,시군구,충청남도,살목지,,,,0.8582002013062201,,0.8285237733004863,,,,-4.1588830833596715,0.001937079718294828
2026-02-05,살목지,예산군,2026-04-08,-62,개봉전,목,0,92466.0,37156.0,55310.0,0.40183418770142537,0.05259203606311047,92795.28571428571,87913.5,1.0517838557218175,,,,,,,,예산군 관광데이터/20260915125411_예산군_20260201-20260228_데이터랩_다운로드.zip,,0.03993,0.09277504105090295,0.04064857142857143,0.046636785714285714,0.8715989064426457,datalab.xlsx,34864.25,1.0657335235950867,0.8561910815343499,TRAIN,예산군,시군구,충청남도,살목지,,,,0.7811805666903362,,0.868600720298725,,0.6732466436314721,,-4.143134726391533,0.050487632865173195
2026-02-06,살목지,예산군,2026-04-08,-61,개봉전,금,0,92628.0,38619.0,54008.0,0.4169257675864749,0.0017519953280125122,92610.85714285714,88302.5,1.0489850230740918,,,,,,,,예산군 관광데이터/20260915125411_예산군_20260201-20260228_데이터랩_다운로드.zip,,0.04014,0.005259203606311047,0.04059714285714285,0.04658642857142857,0.8714371138130356,datalab.xlsx,38630.75,0.9996958381600151,0.8616243234541022,TRAIN,예산군,시군구,충청남도,살목지,,,,0.8561910815343499,,0.8582002013062201,,0.5982369419224826,,-4.127134385045092,0.04782305197581454
2026-02-07,살목지,예산군,2026-04-08,-60,개봉전,토,1,105427.0,55832.0,49595.0,0.5295797091826572,0.13817636135941624,92536.85714285714,88584.14285714286,1.1901339968939944,,,,,,,,예산군 관광데이터/20260915125411_예산군_20260201-20260228_데이터랩_다운로드.zip,,0.04,-0.0034877927254609586,0.04023285714285714,0.046657142857142855,0.8623086344151868,datalab.xlsx,53325.25,1.047008687254162,0.8573178199632578,TRAIN,예산군,시군구,충청남도,살목지,,,,0.8616243234541022,,0.7811805666903362,,0.7295149221744615,,-4.110873864173311,0.17406590321618806
2026-02-08,살목지,예산군,2026-04-08,-59,개봉전,일,1,99099.0,50547.0,48552.0,0.5100656918838737,-0.06002257486222695,92632.42857142857,89177.53571428571,1.1112551967964386,,,,,,,,예산군 관광데이터/20260915125411_예산군_20260201-20260228_데이터랩_다운로드.zip,,0.03767,-0.05824999999999991,0.03955714285714286,0.04669000000000001,0.8472294465012391,datalab.xlsx,48800.25,1.035793874006793,0.8068108802741485,TRAIN,예산군,시군구,충청남도,살목지,,,,0.8573178199632578,,0.8561910815343499,,0.8285237733004863,,-4.0943445622221,0.10549018436727053
2026-02-09,살목지,예산군,2026-04-08,-58,개봉전,월,0,89544.0,35606.0,53938.0,0.3976369159295989,-0.09641873278236912,93657.42857142857,89731.92857142857,0.997905666640398,,,,,,,,예산군 관광데이터/20260915125411_예산군_20260201-20260228_데이터랩_다운로드.zip,,0.04113,0.09185027873639484,0.03941571428571428,0.04671285714285715,0.8437872717820114,datalab.xlsx,32392.5,1.0992050629003627,0.8804856417627448,TRAIN,예산군,시군구,충청남도,살목지,,,,0.8068108802741485,,0.8616243234541022,,0.868600720298725,,-4.07753744390572,-0.002096529542607853
2026-02-10,살목지,예산군,2026-04-08,-57,개봉전,화,0,91738.0,37135.0,54604.0,0.40479408751008306,0.024501920843384317,94106.85714285714,90111.42857142857,1.0180506674276293,,,,,,,,예산군 관광데이터/20260915125411_예산군_20260201-20260228_데이터랩_다운로드.zip,,0.39906,8.702407002188185,0.09063857142857144,0.04685678571428572,1.934374499805639,datalab.xlsx,34363.75,1.080644574588047,8.516589303272129,TRAIN,예산군,시군구,충청남도,살목지,,,,0.8804856417627448,,0.8573178199632578,,0.8582002013062201,,-4.060443010546419,0.017889688429679893
2026-02-11,살목지,예산군,2026-04-08,-56,개봉전,수,0,90318.0,36040.0,54278.0,0.3990345224650679,-0.015478863720595593,94460.0,90514.92857142857,0.9978243525732535,,,,,,,,예산군 관광데이터/20260915125411_예산군_20260201-20260228_데이터랩_다운로드.zip,,0.32605,-0.18295494411867896,0.13199714285714287,0.05946321428571429,2.219811768380211,datalab.xlsx,33893.25,1.0633385703643057,5.483221919914472,TRAIN,예산군,시군구,충청남도,살목지,,,,8.516589303272129,,0.8068108802741485,,0.7811805666903362,,-4.04305126783455,-0.002178017585987133
2026-02-12,살목지,예산군,2026-04-08,-55,개봉전,목,0,94185.0,39564.0,54621.0,0.42006688963210703,0.042815385637414494,94705.57142857143,90845.07142857143,1.0367651047977287,,,,,,,,예산군 관광데이터/20260915125411_예산군_20260201-20260228_데이터랩_다운로드.zip,,0.32654,0.00150283698819198,0.17294142857142858,0.06915928571428571,2.5006248515332103,datalab.xlsx,36181.25,1.0934945586457074,4.721564091176683,TRAIN,예산군,시군구,충청남도,살목지,,,,5.483221919914472,,0.8804856417627448,,0.8561910815343499,,-4.02535169073515,0.03610538941148265
2026-02-13,살목지,예산군,2026-04-08,-54,개봉전,금,0,98322.0,43186.0,55136.0,0.4392302841683448,0.04392419175027862,95519.0,91217.07142857143,1.0778903385096303,,,,,,,,예산군 관광데이터/20260915125411_예산군_20260201-20260228_데이터랩_다운로드.zip,,0.32287,-0.011239051877258599,0.21333142857142856,0.07900928571428571,2.700080460705342,datalab.xlsx,39461.0,1.094396999569195,4.086481697449667,TRAIN,예산군,시군구,충청남도,살목지,,,,4.721564091176683,,8.516589303272129,,0.8616243234541022,,-4.007333185232471,0.07500574051231171
2026-02-14,살목지,예산군,2026-04-08,-53,개봉전,토,1,115146.0,65076.0,50071.0,0.5651607524360377,0.17111124671996092,96907.42857142857,91722.57142857143,1.255372567587352,,,,,,,,예산군 관광데이터/20260915125411_예산군_20260201-20260228_데이터랩_다운로드.zip,,0.21882,-0.3222659274630657,0.23887714285714287,0.08834428571428572,2.703934283080804,datalab.xlsx,56008.0,1.1619054420797028,2.4769004382205977,TRAIN,예산군,시군구,충청남도,살목지,,,,4.086481697449667,,5.483221919914472,,0.8573178199632578,,-3.9889840465642745,0.22743239513104374
2026-02-15,살목지,예산군,2026-04-08,-52,개봉전,일,1,137116.0,88876.0,48240.0,0.6481811021325009,0.19080124363851114,102338.42857142857,92281.78571428571,1.4858403415006058,,,,,,,,예산군 관광데이터/20260915125411_예산군_20260201-20260228_데이터랩_다운로드.zip,,0.17458,-0.20217530390275096,0.25843571428571427,0.09383464285714285,2.7541610051115755,datalab.xlsx,51176.75,1.7366479895655742,1.8605068947274273,TRAIN,예산군,시군구,충청남도,살목지,,,,2.4769004382205977,,4.721564091176683,,0.8068108802741485,,-3.970291913552122,0.3959804987336522
2026-02-16,살목지,예산군,2026-04-08,-51,개봉전,월,0,150574.0,106680.0,43894.0,0.7084888493365389,0.0981504711339305,111057.0,93832.92857142857,1.6047031920716228,,,,,,,,예산군 관광데이터/20260915125411_예산군_20260201-20260228_데이터랩_다운로드.zip,,0.12305,-0.29516554015351126,0.27013857142857145,0.09823464285714287,2.749931832311121,datalab.xlsx,33637.0,3.1715075660730743,1.2526130947403629,TRAIN,예산군,시군구,충청남도,살목지,,,,1.8605068947274273,,4.086481697449667,,0.8804856417627448,,-3.9512437185814275,0.4729388124226835
2026-02-17,살목지,예산군,2026-04-08,-50,개봉전,화,0,184394.0,139618.0,44776.0,0.7571721422605941,0.2246071698965293,124293.57142857143,96341.71428571429,1.9139580540694432,,,,,,,,예산군 관광데이터/20260915125411_예산군_20260201-20260228_데이터랩_다운로드.zip,,0.12051,-0.020642015440877737,0.23034571428571432,0.10112000000000002,2.2779441681735983,datalab.xlsx,35735.75,3.9069559194923853,1.1917523734177213,TRAIN,예산군,시군구,충청남도,살목지,,,,1.2526130947403629,,2.4769004382205977,,8.516589303272129,,-3.9318256327243257,0.6491733774663985
2026-02-18,살목지,예산군,2026-04-08,-49,개봉전,수,0,116417.0,70928.0,45490.0,0.6092580980441001,-0.36865082377951564,128022.0,100043.71428571429,1.1636613137685525,,,,,,,,예산군 관광데이터/20260915125411_예산군_20260201-20260228_데이터랩_다운로드.zip,,0.13033,0.08148701352584853,0.20238571428571434,0.10399035714285716,1.946196934468512,datalab.xlsx,34811.25,2.0375022442457538,1.2532892816298211,TRAIN,예산군,시군구,충청남도,살목지,,,,1.1917523734177213,,1.8605068947274273,,5.483221919914472,,-3.912023005428146,0.15157133941718468
2026-02-19,살목지,예산군,2026-04-08,-48,개봉전,목,0,95781.0,42878.0,52902.0,0.4476670738455435,-0.17725933497685042,128250.0,101402.82142857143,0.9445595166942029,,,,,,,,예산군 관광데이터/20260915125411_예산군_20260201-20260228_데이터랩_다운로드.zip,,0.13726,0.053172715414716354,0.17534571428571427,0.10723392857142858,1.6351701054104009,datalab.xlsx,37281.25,1.1501223805532272,1.28000532880385,TRAIN,예산군,시군구,충청남도,살목지,,,,1.2532892816298211,,1.2526130947403629,,4.721564091176683,,-3.8918202981106265,-0.05703658005635883
2026-02-20,살목지,예산군,2026-04-08,-47,개봉전,금,0,96772.0,42864.0,53907.0,0.44293803992890507,0.010346519664651721,128028.57142857143,101957.32142857143,0.9491422356343077,,,,,,,,예산군 관광데이터/20260915125411_예산군_20260201-20260228_데이터랩_다운로드.zip,,0.13245,-0.035042984117732656,0.14814285714285713,0.11089928571428573,1.3358323833078918,datalab.xlsx,41365.75,1.0362195777908052,1.194326898923734,TRAIN,예산군,시군구,충청남도,살목지,,,,1.28000532880385,,1.1917523734177213,,4.086481697449667,,-3.871201010907891,-0.05219661211481134
2026-02-21,살목지,예산군,2026-04-08,-46,개봉전,토,1,108381.0,58709.0,49672.0,0.541690886779048,0.11996238581407836,127062.14285714286,102179.46428571429,1.0606925839515557,,,,,,,,예산군 관광데이터/20260915125411_예산군_20260201-20260228_데이터랩_다운로드.zip,,0.12574,-0.05066062665156679,0.13484571428571426,0.11446357142857143,1.1780666338011467,datalab.xlsx,58653.25,1.0009505014641134,1.0985154353537308,TRAIN,예산군,시군구,충청남도,살목지,,,,1.194326898923734,,1.2532892816298211,,2.4769004382205977,,-3.8501476017100584,0.05892207584985919
2026-02-22,살목지,예산군,2026-04-08,-45,개봉전,일,1,100558.0,51933.0,48626.0,0.5164482189383242,-0.07218054825107723,121839.57142857143,102491.96428571429,0.9811305764389194,,,,,,,,예산군 관광데이터/20260915125411_예산군_20260201-20260228_데이터랩_다운로드.zip,,0.12842,0.021313822172737584,0.12825142857142854,0.11768964285714287,1.0897426949209632,datalab.xlsx,60719.75,0.855290082716085,1.0911750336083705,TRAIN,예산군,시군구,충청남도,살목지,,,,1.0985154353537308,,1.28000532880385,,1.8605068947274273,,-3.828641396489095,-0.019049722832193777
2026-02-23,살목지,예산군,2026-04-08,-44,개봉전,월,0,93664.0,39280.0,54383.0,0.41937137000341645,-0.06855744943216846,113709.57142857143,102518.82142857143,0.9136273583213117,,,,,,,,예산군 관광데이터/20260915125411_예산군_20260201-20260228_데이터랩_다운로드.zip,,0.12439,-0.03138140476561291,0.12844285714285714,0.12088035714285715,1.0625618601627937,datalab.xlsx,52085.5,0.7541446275834925,1.0290340212429645,TRAIN,예산군,시군구,충청남도,살목지,,,,1.0911750336083705,,1.194326898923734,,1.2526130947403629,,-3.8066624897703196,-0.09033249490560047
2026-02-24,살목지,예산군,2026-04-08,-43,개봉전,화,0,89548.0,36564.0,52983.0,0.4083173270201456,-0.043944311581824436,100160.14285714286,102761.71428571429,0.8714140341316665,,,,,,,,예산군 관광데이터/20260915125411_예산군_20260201-20260228_데이터랩_다운로드.zip,,0.20426,0.6420934158694429,0.14040714285714287,0.12367464285714287,1.1352945083441865,datalab.xlsx,62399.5,0.5859662337037957,1.651591589683761,TRAIN,예산군,시군구,충청남도,살목지,,,,1.0290340212429645,,1.0985154353537308,,1.1917523734177213,,-3.784189633918261,-0.1376380601591855
2026-02-25,살목지,예산군,2026-04-08,-42,개봉전,수,0,98413.0,43029.0,55384.0,0.43722882139554736,0.09899718586679773,97588.14285714286,102778.5,0.95752516333669,,,,,,,,예산군 관광데이터/20260915125411_예산군_20260201-20260228_데이터랩_다운로드.zip,,0.16822,-0.17644178987564862,0.14582,0.12778678571428573,1.141119554615249,datalab.xlsx,44790.75,0.9606671020244135,1.3164115449004061,TRAIN,예산군,시군구,충청남도,살목지,,,,1.651591589683761,,1.0911750336083705,,1.2532892816298211,,-3.7612001156935624,-0.0434032780254598
2026-02-26,살목지,예산군,2026-04-08,-41,개봉전,목,0,98273.0,43967.0,54306.0,0.44739653821497255,-0.001422576285653343,97944.14285714286,103124.0,0.9529595438501222,,,,,,,,예산군 관광데이터/20260915125411_예산군_20260201-20260228_데이터랩_다운로드.zip,,0.14602,-0.13197003923433592,0.14707142857142858,0.13041464285714285,1.1277217446550973,datalab.xlsx,39875.5,1.102606863863776,1.1196595474325024,TRAIN,예산군,시군구,충청남도,살목지,,,,1.3164115449004061,,1.0290340212429645,,1.28000532880385,,-3.7376696182833684,-0.04818282759300473
2026-02-27,살목지,예산군,2026-04-08,-40,개봉전,금,0,101930.0,47593.0,54338.0,0.4669184734621799,0.03721266268456236,98681.0,103423.75,0.9855569924702982,,,,,,,,예산군 관광데이터/20260915125411_예산군_20260201-20260228_데이터랩_다운로드.zip,,0.25869,0.7716066292288724,0.16510571428571433,0.13400178571428573,1.2321157767087327,datalab.xlsx,41983.25,1.133618764626369,1.9304966618248687,TRAIN,예산군,시군구,충청남도,살목지,,,,1.1196595474325024,,1.651591589683761,,1.194326898923734,,-3.713572066704308,-0.01454832304142168
2026-02-28,살목지,예산군,2026-04-08,-39,개봉전,토,1,121324.0,70812.0,50512.0,0.5836602815601201,0.19026783086431864,100530.0,103709.85714285714,1.1698405854795453,,,,,,,,예산군 관광데이터/20260915125411_예산군_20260201-20260228_데이터랩_다운로드.zip,,0.35524,0.37322664192663035,0.19789142857142858,0.1417942857142857,1.395623438381559,datalab.xlsx,59846.75,1.1832221465660206,2.505319577657774,TRAIN,예산군,시군구,충청남도,살목지,,,,1.9304966618248687,,1.3164115449004061,,1.0985154353537308,,-3.6888794541139363,0.1568674877996706
2026-03-01,살목지,예산군,2026-04-08,-38,개봉전,일,1,120554.0,71001.0,49553.0,0.5889559865288584,-0.006346642049388396,103386.57142857143,104259.10714285714,1.1562922731998404,,,,,,,,예산군 관광데이터/20260915125527_예산군_20260301-20260331_데이터랩_다운로드.zip,,0.24809,-0.3016270690237586,0.21498714285714285,0.15296178571428573,1.4054957704188487,datalab.xlsx,60203.5,1.1793500377885007,1.621908366468749,TRAIN,예산군,시군구,충청남도,살목지,,,,2.505319577657774,,1.1196595474325024,,1.0911750336083705,,-3.6635616461296463,0.14521856978144262
2026-03-02,살목지,예산군,2026-04-08,-37,개봉전,월,0,91063.0,43526.0,47537.0,0.4779767853024829,-0.24462896295436065,103015.0,105049.25,0.8668600680157165,,,,,,,,예산군 관광데이터/20260915125527_예산군_20260301-20260331_데이터랩_다운로드.zip,,0.21854,-0.11911000040307951,0.22843714285714284,0.16030785714285714,1.4249903088254297,datalab.xlsx,52651.5,0.8266811012031946,1.3632519571716921,TRAIN,예산군,시군구,충청남도,살목지,,,,1.621908366468749,,1.9304966618248687,,1.0290340212429645,,-3.6375861597263857,-0.14287771313338682
2026-03-03,살목지,예산군,2026-04-08,-36,개봉전,화,0,89786.0,33064.0,56721.0,0.36825340253491634,-0.014023258623151014,103049.0,105359.75,0.852185013726779,,,,,,,,예산군 관광데이터/20260915125527_예산군_20260301-20260331_데이터랩_다운로드.zip,,0.20073,-0.08149537842042653,0.22793285714285713,0.16660857142857144,1.3680740143707233,datalab.xlsx,61801.0,0.5350075241500947,1.2047999588427964,TRAIN,예산군,시군구,충청남도,살목지,,,,1.3632519571716921,,2.505319577657774,,1.651591589683761,,-3.6109179126442243,-0.15995162346548322
2026-03-04,살목지,예산군,2026-04-08,-35,개봉전,수,0,90013.0,33912.0,56102.0,0.37674558119382756,0.002528233800369817,101849.0,105402.39285714286,0.8539938948255106,,,,,,,,예산군 관광데이터/20260915125527_예산군_20260301-20260331_데이터랩_다운로드.zip,,0.76667,2.8194091565784887,0.31342571428571425,0.17233107142857146,1.8187417491663673,datalab.xlsx,45890.5,0.7389764766128065,4.44882048051197,TRAIN,예산군,시군구,충청남도,살목지,,,,1.2047999588427964,,1.621908366468749,,1.3164115449004061,,-3.58351893845611,-0.15783123413538477
2026-03-05,살목지,예산군,2026-04-08,-34,개봉전,목,0,90184.0,34629.0,55556.0,0.3839816375410272,0.0018997255951918035,100693.42857142857,105479.78571428571,0.8549884642758226,,,,,,,,예산군 관광데이터/20260915125527_예산군_20260301-20260331_데이터랩_다운로드.zip,,0.44331,-0.42177207925182936,0.35589571428571426,0.19840714285714287,1.7937646254095112,datalab.xlsx,40891.25,0.846855989973405,2.2343449616589264,TRAIN,예산군,시군구,충청남도,살목지,,,,4.44882048051197,,1.3632519571716921,,1.1196595474325024,,-3.5553480614894135,-0.15666730221145694
2026-03-06,살목지,예산군,2026-04-08,-33,개봉전,금,0,90412.0,34797.0,55615.0,0.38487147723753484,0.00252816464117811,99048.0,105398.28571428571,0.8578128134369223,,,,,,,,예산군 관광데이터/20260915125527_예산군_20260301-20260331_데이터랩_다운로드.zip,,0.49052,0.10649432676907811,0.3890142857142857,0.21281357142857146,1.8279580719543258,datalab.xlsx,43065.5,0.8080017647536891,2.3049281899986234,TRAIN,예산군,시군구,충청남도,살목지,,,,2.2343449616589264,,1.2047999588427964,,1.9304966618248687,,-3.5263605246161616,-0.153369369453306
2026-03-07,살목지,예산군,2026-04-08,-32,개봉전,토,1,100208.0,49444.0,50764.0,0.49341369950502956,0.10834844932088661,96031.42857142857,105319.14285714286,0.9514699539087996,,,,,,,,예산군 관광데이터/20260915125527_예산군_20260301-20260331_데이터랩_다운로드.zip,,0.40366,-0.1770773872624969,0.39593142857142855,0.22889857142857142,1.7297243320497537,datalab.xlsx,62607.25,0.7897487910745161,1.76348850707425,TRAIN,예산군,시군구,충청남도,살목지,,,,2.3049281899986234,,4.44882048051197,,2.505319577657774,,-3.4965075614664802,-0.049747170349561
2026-03-08,살목지,예산군,2026-04-08,-31,개봉전,일,1,99228.0,49396.0,49833.0,0.49780303946466725,-0.009779658310713701,92984.85714285714,105132.75,0.943835293949792,,,,,,,,예산군 관광데이터/20260915125527_예산군_20260301-20260331_데이터랩_다운로드.zip,,0.36733,-0.09000148639944516,0.41296571428571427,0.2418864285714286,1.7072711219255787,datalab.xlsx,65589.25,0.7531112186829396,1.518605248626126,TRAIN,예산군,시군구,충청남도,살목지,,,,1.76348850707425,,2.2343449616589264,,1.621908366468749,,-3.4657359027997265,-0.05780360480757654
2026-03-09,살목지,예산군,2026-04-08,-30,개봉전,월,0,87132.0,32358.0,54775.0,0.3713675802231098,-0.1219010763091063,92423.28571428571,105137.35714285714,0.8287444383979324,,,,,,,,예산군 관광데이터/20260915125527_예산군_20260301-20260331_데이터랩_다운로드.zip,,0.331,-0.09890289385566109,0.42903142857142856,0.25366000000000005,1.6913641432288435,datalab.xlsx,56273.0,0.5750182147744034,1.3048963179058581,TRAIN,예산군,시군구,충청남도,살목지,5.0,,,1.518605248626126,,2.3049281899986234,,1.3632519571716921,,-3.4339872044851463,-0.1878434483366399
2026-03-10,살목지,예산군,2026-04-08,-29,개봉전,화,0,92204.0,35938.0,56266.0,0.3897661706650471,0.05821053114814312,92768.71428571429,105051.21428571429,0.8777052281302249,,,,,,,,예산군 관광데이터/20260915125527_예산군_20260301-20260331_데이터랩_다운로드.zip,,0.40408,0.22078549848942597,0.45808142857142853,0.2640125000000001,1.7350747732453136,datalab.xlsx,61595.25,0.5834540812806183,1.5305335921594616,TRAIN,예산군,시군구,충청남도,살목지,4.0,,,1.3048963179058581,,1.76348850707425,,1.2047999588427964,,-3.4011973816621555,-0.13044447277627894
2026-03-11,살목지,예산군,2026-04-08,-28,개봉전,수,0,91682.0,35693.0,55990.0,0.38931306036081237,-0.005661359593943871,93007.14285714286,105067.85714285714,0.8725979808966994,,,,,,,,예산군 관광데이터/20260915125527_예산군_20260301-20260331_데이터랩_다운로드.zip,,0.44988,0.1133438922985548,0.41282571428571424,0.2641917857142858,1.5625985992318885,datalab.xlsx,45977.25,0.7763187228466253,1.7028538521123042,TRAIN,예산군,시군구,충청남도,살목지,5.0,,,1.5305335921594616,,1.518605248626126,,4.44882048051197,,-3.367295829986474,-0.13628033218861293
2026-03-12,살목지,예산군,2026-04-08,-27,개봉전,목,0,92533.0,36561.0,55972.0,0.39511309478780543,0.009282083724176937,93342.71428571429,105116.57142857143,0.8802893658197157,,,,,,,,예산군 관광데이터/20260915125527_예산군_20260301-20260331_데이터랩_다운로드.zip,,0.38705,-0.13965946474615454,0.4047885714285714,0.2686142857142858,1.5069510184545012,datalab.xlsx,40259.5,0.9081334840224047,1.4409136839865975,TRAIN,예산군,시군구,충청남도,살목지,4.0,,,1.7028538521123042,,1.3048963179058581,,2.2343449616589264,,-3.332204510175204,-0.12750460076577777
2026-03-13,살목지,예산군,2026-04-08,-26,개봉전,금,0,96243.0,39606.0,56637.0,0.4115208378791185,0.0400938043724941,94175.71428571429,105057.57142857143,0.9160977042519544,,,,,,,,예산군 관광데이터/20260915125527_예산군_20260301-20260331_데이터랩_다운로드.zip,,0.58029,0.4992636610257071,0.4176128571428571,0.27077535714285716,1.5422853155818408,datalab.xlsx,42110.0,0.9405366896224174,2.1430679886199813,TRAIN,예산군,시군구,충청남도,살목지,4.0,,,1.4409136839865975,,1.5305335921594616,,2.3049281899986234,,-3.295836866004329,-0.08763225596569214
2026-03-14,살목지,예산군,2026-04-08,-25,개봉전,토,1,111517.0,60168.0,51348.0,0.5395410565205305,0.15870245108735181,95791.28571428571,104983.32142857143,1.0622353958945179,,,,,,,,예산군 관광데이터/20260915125527_예산군_20260301-20260331_데이터랩_다운로드.zip,,0.53003,-0.08661186648055275,0.4356657142857143,0.2799689285714286,1.5561216614598814,datalab.xlsx,61010.25,0.9861949426530788,1.893174370115051,TRAIN,예산군,시군구,충청남도,살목지,3.0,,,2.1430679886199813,,1.7028538521123042,,1.76348850707425,,-3.258096538021482,0.060375551642933414
2026-03-15,살목지,예산군,2026-04-08,-24,개봉전,일,1,101920.0,52524.0,49396.0,0.5153453689167975,-0.08605862783252782,96175.85714285714,104853.71428571429,0.9720208835166272,,,,,,,,예산군 관광데이터/20260915125527_예산군_20260301-20260331_데이터랩_다운로드.zip,,0.47271,-0.108144821991208,0.45072000000000007,0.2910835714285715,1.5484212928540404,datalab.xlsx,65301.5,0.8043306815310521,1.6239666075280292,TRAIN,예산군,시군구,충청남도,살목지,3.0,,,1.893174370115051,,1.4409136839865975,,1.518605248626126,,-3.2188758248682006,-0.02837798965308873
2026-03-16,살목지,예산군,2026-04-08,-23,개봉전,월,0,91189.0,35766.0,55422.0,0.3922183596705743,-0.1052884615384615,96755.42857142857,103596.71428571429,0.8802306195590869,,,,,,,,예산군 관광데이터/20260915125527_예산군_20260301-20260331_데이터랩_다운로드.zip,,0.37899,-0.19826109030906902,0.4575757142857143,0.3017310714285714,1.5165018044687382,datalab.xlsx,55461.0,0.6448855952831719,1.2560522792884392,TRAIN,예산군,시군구,충청남도,살목지,4.0,,,1.6239666075280292,,2.1430679886199813,,1.3048963179058581,,-3.1780538303479458,-0.12757133816284064
2026-03-17,살목지,예산군,2026-04-08,-22,개봉전,화,0,94157.0,38409.0,55748.0,0.40792506133372985,0.03254778536884939,97034.42857142857,101475.82142857143,0.9278762041485603,,,,,,,,예산군 관광데이터/20260915125527_예산군_20260301-20260331_데이터랩_다운로드.zip,,0.34308,-0.09475184041795293,0.4488614285714286,0.3108717857142857,1.4438795966642197,datalab.xlsx,61296.0,0.6266151135473766,1.1036061031132496,TRAIN,예산군,시군구,충청남도,살목지,4.0,,,1.2560522792884392,,1.893174370115051,,1.5305335921594616,,-3.1354942159291497,-0.07485695579658394
2026-03-18,살목지,예산군,2026-04-08,-21,개봉전,수,0,89621.0,34758.0,54862.0,0.38783320873455995,-0.048174856887963746,96740.0,98253.07142857143,0.9121445131122763,,,,,,,,예산군 관광데이터/20260915125527_예산군_20260301-20260331_데이터랩_다운로드.zip,,0.45285,0.3199545295557886,0.44928571428571434,0.3188207142857143,1.4092111778003313,datalab.xlsx,45890.5,0.7574116647236356,1.420390770450925,TRAIN,예산군,시군구,충청남도,살목지,5.0,,,1.1036061031132496,,1.6239666075280292,,1.7028538521123042,,-3.091042453358316,-0.09195684410089498
2026-03-19,살목지,예산군,2026-04-08,-20,개봉전,목,0,95410.0,39504.0,55906.0,0.4140446494078189,0.06459423572600165,97151.0,97296.07142857143,0.9806151327501844,,,,,,,,예산군 관광데이터/20260915125527_예산군_20260301-20260331_데이터랩_다운로드.zip,,0.59973,0.3243458098708183,0.47966857142857144,0.3303392857142858,1.452048218822639,datalab.xlsx,39508.75,0.9998797734679027,1.8154970538948048,TRAIN,예산군,시군구,충청남도,살목지,5.0,4.1,1.2195121951219514,1.420390770450925,,1.2560522792884392,,1.4409136839865975,,-3.044522437723423,-0.019575217750502538
2026-03-20,살목지,예산군,2026-04-08,-19,개봉전,금,0,99302.0,42896.0,56406.0,0.4319751868038912,0.04079236977256051,97588.0,97282.82142857143,1.0207557566873318,,,,,,,,예산군 관광데이터/20260915125527_예산군_20260301-20260331_데이터랩_다운로드.zip,,0.65097,0.08543844730128569,0.4897657142857143,0.34685607142857144,1.4120142463372518,datalab.xlsx,41215.0,1.0407861215576852,1.8767726836059009,TRAIN,예산군,시군구,충청남도,살목지,4.0,4.181818181818182,0.9565217391304348,1.8154970538948048,1.2195121951219514,1.1036061031132496,,2.1430679886199813,,-2.995732273553991,0.02054329086594283
2026-03-21,살목지,예산군,2026-04-08,-18,개봉전,토,1,118566.0,66850.0,51716.0,0.563820994214193,0.19399407866911034,98595.0,97373.17857142857,1.2176453694897649,,,,,,,,예산군 관광데이터/20260915125527_예산군_20260301-20260331_데이터랩_다운로드.zip,,1.07647,0.6536399526859915,0.5678285714285715,0.36537464285714283,1.5540995592586477,datalab.xlsx,59783.25,1.1182061865154538,2.946208832617011,TRAIN,예산군,시군구,충청남도,살목지,2.0,4.166666666666667,0.48,1.8767726836059009,0.9565217391304348,1.420390770450925,,1.893174370115051,,-2.9444389791664403,0.19691896883858948
2026-03-22,살목지,예산군,2026-04-08,-17,개봉전,일,1,109540.0,59048.0,50491.0,0.539054226766478,-0.07612637687026635,99683.57142857143,97736.92857142857,1.1207636826846412,,,,,,,,예산군 관광데이터/20260915125527_예산군_20260301-20260331_데이터랩_다운로드.zip,,1.22045,0.13375198565682278,0.6746485714285715,0.39932928571428583,1.6894542813753772,datalab.xlsx,56213.5,1.0504238305745062,3.0562496757956636,TRAIN,예산군,시군구,충청남도,살목지,3.0,4.0,0.75,2.946208832617011,0.48,1.8154970538948048,1.2195121951219514,1.6239666075280292,,-2.8903717578961645,0.11401031248626421
2026-03-23,살목지,예산군,2026-04-08,-16,개봉전,월,0,95200.0,38864.0,56336.0,0.4082352941176471,-0.13091108270951246,100256.57142857143,98057.71428571429,0.9708568131887343,,,,,,,,예산군 관광데이터/20260915125527_예산군_20260301-20260331_데이터랩_다운로드.zip,,0.92267,-0.24399197017493546,0.7523171428571429,0.4383303571428572,1.7163245269182978,datalab.xlsx,37732.5,1.0299874113827603,2.1049648626077038,TRAIN,예산군,시군구,충청남도,살목지,5.0,3.9285714285714284,1.2727272727272727,3.0562496757956636,0.75,1.8767726836059009,0.9565217391304348,1.2560522792884392,,-2.833213344056216,-0.029576284809967292
2026-03-24,살목지,예산군,2026-04-08,-15,개봉전,화,0,95123.0,39200.0,55923.0,0.41209802045772315,-0.0008088235294118062,100394.57142857143,98112.57142857143,0.9695291705737432,13.0,15.0,2734.0,26792000.0,2784.0,2784.0,5.0,예산군 관광데이터/20260915125527_예산군_20260301-20260331_데이터랩_다운로드.zip,KOBIS/KOBIS_일자별_통계정보_2026-09-17 (1).xls,1.39114,0.507732992294103,0.9020400000000001,0.4668403571428571,1.9322236953134029,datalab.xlsx,35993.75,1.089077964924466,2.979905183249398,TRAIN,예산군,시군구,충청남도,살목지,5.0,4.0,1.25,2.1049648626077038,1.2727272727272727,2.946208832617011,0.48,1.1036061031132496,,-2.772588722239781,-0.030944716486221657
2026-03-25,살목지,예산군,2026-04-08,-14,개봉전,수,0,97290.0,40484.0,56805.0,0.41611676431287903,0.0227810308758134,101490.14285714286,98311.67857142857,0.9896077598686684,1.0,1.0,150.0,1500000.0,150.0,2934.0,35.0,예산군 관광데이터/20260915125527_예산군_20260301-20260331_데이터랩_다운로드.zip,KOBIS/KOBIS_일자별_통계정보_2026-09-17 (1).xls,1.90132,0.3667351955949796,1.1089642857142858,0.5092289285714285,2.177732299744502,datalab.xlsx,36848.0,1.0986756404689535,3.733723465659916,TRAIN,예산군,시군구,충청남도,살목지,5.0,4.0625,1.2307692307692308,2.979905183249398,1.25,3.0562496757956636,0.75,1.420390770450925,,-2.70805020110221,-0.010446616515172154
2026-03-26,살목지,예산군,2026-04-08,-13,개봉전,목,0,97590.0,41755.0,55836.0,0.42786146121528845,0.003083564600678379,101801.57142857143,98271.57142857143,0.9930644089774545,,,,,,,,예산군 관광데이터/20260915125527_예산군_20260301-20260331_데이터랩_다운로드.zip,,1.24215,-0.3466907201312771,1.2007385714285714,0.5711253571428572,2.1024080902929114,datalab.xlsx,38665.25,1.0799102553326307,2.1749165651023574,TRAIN,예산군,시군구,충청남도,살목지,5.0,4.117647058823529,1.2142857142857144,3.733723465659916,1.2307692307692308,2.1049648626077038,1.2727272727272727,1.8154970538948048,1.2195121951219514,-2.6390573296152584,-0.006959754021894482
2026-03-27,살목지,예산군,2026-04-08,-12,개봉전,금,0,101815.0,45986.0,55828.0,0.4516623287334872,0.043293370222358796,102160.57142857143,98247.17857142857,1.0363147469520209,,,,,,,,예산군 관광데이터/20260915125527_예산군_20260301-20260331_데이터랩_다운로드.zip,,1.55852,0.2546954876625205,1.3303885714285715,0.6102728571428572,2.1799897469750062,datalab.xlsx,41223.0,1.1155422943502413,2.5538084837929635,TRAIN,예산군,시군구,충청남도,살목지,5.0,4.166666666666667,1.2,2.1749165651023574,1.2142857142857144,2.979905183249398,1.25,1.8767726836059009,0.9565217391304348,-2.5649493574615367,0.03567090749568732
2026-03-28,살목지,예산군,2026-04-08,-11,개봉전,토,1,122174.0,70049.0,52126.0,0.5733543961890418,0.19996071305799745,102676.0,98243.07142857143,1.2435889699237241,80.0,80.0,12332.0,30277900.0,2524.0,5458.0,10.0,예산군 관광데이터/20260915125527_예산군_20260301-20260331_데이터랩_다운로드.zip,KOBIS/KOBIS_일자별_통계정보_2026-09-17 (1).xls,2.85552,0.8321997792777764,1.5845385714285716,0.6566953571428572,2.4128974785546897,datalab.xlsx,61818.5,1.1331397558983152,4.348317631517549,TRAIN,예산군,시군구,충청남도,살목지,4.0,4.2105263157894735,0.9500000000000001,2.5538084837929635,1.2,3.733723465659916,1.2307692307692308,2.946208832617011,0.48,-2.4849066497880004,0.21800152969040668
2026-03-29,살목지,예산군,2026-04-08,-10,개봉전,일,1,112970.0,62741.0,50228.0,0.5553775338585465,-0.0753351776973824,103166.0,98273.42857142857,1.1495477632378466,80.0,80.0,12332.0,28838300.0,2445.0,7903.0,10.0,예산군 관광데이터/20260915125527_예산군_20260301-20260331_데이터랩_다운로드.zip,KOBIS/KOBIS_일자별_통계정보_2026-09-17 (1).xls,2.44168,-0.1449263181487085,1.7590000000000001,0.7459910714285715,2.357937068377398,datalab.xlsx,57992.25,1.0818859416559972,3.273068664647939,TRAIN,예산군,시군구,충청남도,살목지,3.0,4.2,0.7142857142857143,4.348317631517549,0.9500000000000001,2.1749165651023574,1.2142857142857144,3.0562496757956636,0.75,-2.3978952727983707,0.13936861567395814
2026-03-30,살목지,예산군,2026-04-08,-9,개봉전,월,0,96190.0,40670.0,55520.0,0.42280902380704855,-0.14853500929450292,103307.42857142857,98002.57142857143,0.9815048584731012,10.0,10.0,2515.0,18862500.0,2515.0,10418.0,4.0,예산군 관광데이터/20260915125527_예산군_20260301-20260331_데이터랩_다운로드.zip,KOBIS/KOBIS_일자별_통계정보_2026-09-17 (1).xls,3.04014,0.24510173323285622,2.0614957142857144,0.8243335714285713,2.5008028130082574,datalab.xlsx,37628.5,1.080829690261371,3.687997317313467,TRAIN,예산군,시군구,충청남도,살목지,5.0,4.142857142857143,1.206896551724138,3.273068664647939,0.7142857142857143,2.5538084837929635,1.2,2.1049648626077038,1.2727272727272727,-2.302585092994046,-0.018668315228864897
2026-03-31,살목지,예산군,2026-04-08,-8,개봉전,화,0,96960.0,41094.0,55867.0,0.4238242574257426,0.008004990123713585,103569.85714285714,98185.67857142857,0.9875167275995663,1.0,1.0,200.0,2112000.0,192.0,10610.0,27.0,예산군 관광데이터/20260915125527_예산군_20260301-20260331_데이터랩_다운로드.zip,KOBIS/KOBIS_일자별_통계정보_2026-09-17 (1).xls,4.04303,0.32988283434315524,2.440337142857143,0.9251050000000001,2.6379028789782164,datalab.xlsx,36652.75,1.1211709898984388,4.370347149782997,TRAIN,예산군,시군구,충청남도,살목지,5.0,4.181818181818182,1.1956521739130435,3.687997317313467,1.206896551724138,4.348317631517549,0.9500000000000001,2.979905183249398,1.25,-2.1972245773362196,-0.012561843008996154
2026-04-01,살목지,예산군,2026-04-08,-7,개봉전,수,0,85488.0,29376.0,56112.0,0.34362717574396406,-0.11831683168316831,101883.85714285714,98441.89285714286,0.8684107702404573,1.0,1.0,218.0,1962000.0,218.0,10828.0,27.0,예산군 관광데이터/20260915125606_예산군_20260401-20260430_데이터랩_다운로드.zip,KOBIS/KOBIS_일자별_통계정보_2026-09-17 (1).xls,3.28851,-0.18662240943055086,2.638507142857143,1.06233,2.4836982320532632,datalab.xlsx,36211.75,0.8112283996216698,3.095563525458191,TRAIN,예산군,시군구,충청남도,살목지,5.0,4.217391304347826,1.1855670103092784,4.370347149782997,1.1956521739130435,3.273068664647939,0.7142857142857143,3.733723465659916,1.2307692307692308,-2.0794415416798357,-0.14109043865917315
2026-04-02,살목지,예산군,2026-04-08,-6,개봉전,목,0,88624.0,32620.0,56004.0,0.36807185412529336,0.03668351113606594,100603.0,98280.28571428571,0.9017474802387342,,,,,,,,예산군 관광데이터/20260915125606_예산군_20260401-20260430_데이터랩_다운로드.zip,,2.8705,-0.1271122788132012,2.8711285714285713,1.1523957142857142,2.4914432914289115,datalab.xlsx,38112.25,0.8558927903757978,2.490897843870595,TRAIN,예산군,시군구,충청남도,살목지,5.0,4.25,1.1764705882352942,3.095563525458191,1.1855670103092784,3.687997317313467,1.206896551724138,2.1749165651023574,1.2142857142857144,-1.9459101490553132,-0.10342075350376875
2026-04-03,살목지,예산군,2026-04-08,-5,개봉전,금,0,95683.0,38976.0,56707.0,0.4073450874240983,0.07965111030872007,99727.0,98224.57142857143,0.974124891647711,2.0,2.0,308.0,2160000.0,270.0,11098.0,26.0,예산군 관광데이터/20260915125606_예산군_20260401-20260430_데이터랩_다운로드.zip,KOBIS/KOBIS_일자별_통계정보_2026-09-17 (1).xls,2.87545,0.0017244382511758527,3.059261428571429,1.2390810714285716,2.4689760009361774,datalab.xlsx,40821.25,0.9547968276326668,2.3206310436853115,TRAIN,예산군,시군구,충청남도,살목지,4.0,4.28,0.9345794392523364,2.490897843870595,1.1764705882352942,4.370347149782997,1.1956521739130435,2.5538084837929635,1.2,-1.791759469228055,-0.026215758048793194
2026-04-04,살목지,예산군,2026-04-08,-4,개봉전,토,1,117036.0,65104.0,51933.0,0.556273283434157,0.22316398942340854,98993.0,98412.82142857143,1.1892352876494388,116.0,144.0,22885.0,97336800.0,8058.0,19156.0,7.0,예산군 관광데이터/20260915125606_예산군_20260401-20260430_데이터랩_다운로드.zip,KOBIS/KOBIS_일자별_통계정보_2026-09-17 (1).xls,4.19895,0.4602757829209341,3.25118,1.3242571428571428,2.455097197350536,datalab.xlsx,61627.75,1.0564072191504639,3.1707965651901877,TRAIN,예산군,시군구,충청남도,살목지,3.0,4.269230769230769,0.7027027027027027,2.3206310436853115,0.9345794392523364,3.095563525458191,1.1855670103092784,4.348317631517549,0.9500000000000001,-1.6094379124341003,0.17331048513700925
2026-04-05,살목지,예산군,2026-04-08,-3,개봉전,일,1,131152.0,77644.0,53508.0,0.5920153714773698,0.12061246112307322,101590.42857142857,99013.82142857143,1.324582751253703,112.0,140.0,22914.0,90617700.0,7565.0,26721.0,7.0,예산군 관광데이터/20260915125606_예산군_20260401-20260430_데이터랩_다운로드.zip,KOBIS/KOBIS_일자별_통계정보_2026-09-17 (1).xls,4.38803,0.045030305195346454,3.5292299999999996,1.459803214285714,2.4176066783952535,datalab.xlsx,55927.25,1.3883035550648386,3.0059051501315373,TRAIN,예산군,시군구,충청남도,살목지,3.0,4.222222222222222,0.7105263157894737,3.1707965651901877,0.7027027027027027,2.490897843870595,1.1764705882352942,3.273068664647939,0.7142857142857143,-1.3862943611198906,0.28109750513109794
2026-04-06,살목지,예산군,2026-04-08,-2,개봉전,월,0,87720.0,32466.0,55254.0,0.370109439124487,-0.33115774063681835,100380.42857142857,100153.96428571429,0.8758515014918102,,,,,,,,예산군 관광데이터/20260915125606_예산군_20260401-20260430_데이터랩_다운로드.zip,,5.83339,0.32938699142895556,3.9282657142857147,1.6033996428571429,2.4499604523335354,datalab.xlsx,36914.5,0.8794917986157201,3.638138517734305,TRAIN,예산군,시군구,충청남도,살목지,65.0,4.178571428571429,15.555555555555555,3.0059051501315373,0.7105263157894737,2.3206310436853115,0.9345794392523364,3.687997317313467,1.206896551724138,-1.0986122886681098,-0.13255872126065452
2026-04-07,살목지,예산군,2026-04-08,-1,개봉전,화,0,91172.0,35682.0,55489.0,0.391370157504497,0.03935248518011858,99553.57142857143,100174.96428571429,0.9101276017425226,1.0,1.0,200.0,2112000.0,192.0,26913.0,27.0,예산군 관광데이터/20260915125606_예산군_20260401-20260430_데이터랩_다운로드.zip,KOBIS/KOBIS_일자별_통계정보_2026-09-17 (1).xls,5.69238,-0.024172908034607588,4.163887142857143,1.7999135714285714,2.31338171396325,datalab.xlsx,38660.25,0.9229635090305934,3.162585187622104,TRAIN,예산군,시군구,충청남도,살목지,86.0,6.321428571428571,13.6045197740113,3.638138517734305,15.555555555555555,3.1707965651901877,0.7027027027027027,4.370347149782997,1.1956521739130435,-0.6931471805599453,-0.0941704676063045
2026-04-08,살목지,예산군,2026-04-08,0,개봉일,수,0,91304.0,35416.0,55888.0,0.3878910014895295,0.0014478129250208305,100384.42857142857,100138.10714285714,0.9117807656354598,1191.0,3873.0,511267.0,902587320.0,89911.0,116824.0,1.0,예산군 관광데이터/20260915125606_예산군_20260401-20260430_데이터랩_다운로드.zip,KOBIS/KOBIS_일자별_통계정보_2026-09-17 (1).xls,12.67533,1.2267188768142674,5.504861428571429,1.9887814285714287,2.767956975807871,datalab.xlsx,35077.75,1.0096428647789553,6.373415307435206,TRAIN,예산군,시군구,충청남도,살목지,47.0,9.25,5.081081081081081,3.162585187622104,13.6045197740113,3.0059051501315373,0.7105263157894737,3.095563525458191,1.1855670103092784,0.0,-0.09235570636337605
2026-04-09,살목지,예산군,2026-04-08,1,개봉후,목,0,84651.0,31042.0,53610.0,0.36670565025811863,-0.07286646806273545,99816.85714285714,100124.60714285714,0.8454565008102404,1219.0,3974.0,521715.0,713827430.0,70759.0,187583.0,1.0,예산군 관광데이터/20260915125606_예산군_20260401-20260430_데이터랩_다운로드.zip,KOBIS/KOBIS_일자별_통계정보_2026-09-17 (1).xls,18.14676,0.4316597674380076,7.687184285714286,2.4254046428571425,3.1694440382775606,datalab.xlsx,37610.0,0.8253655942568466,7.481951538866933,TRAIN,예산군,시군구,충청남도,살목지,100.0,10.75,9.30232558139535,6.373415307435206,5.081081081081081,3.638138517734305,15.555555555555555,2.490897843870595,1.1764705882352942,0.6931471805599453,-0.16787855985552896
2026-04-10,살목지,예산군,2026-04-08,2,개봉후,금,0,95974.0,40366.0,55608.0,0.42059307729176654,0.13376097151835187,99858.42857142857,99843.10714285714,0.9612481296548477,1359.0,4681.0,619893.0,1181170280.0,111766.0,299349.0,1.0,예산군 관광데이터/20260915125606_예산군_20260401-20260430_데이터랩_다운로드.zip,KOBIS/KOBIS_일자별_통계정보_2026-09-17 (1).xls,19.3593,0.06681853950787908,10.042019999999999,3.0596799999999997,3.282049103174188,datalab.xlsx,41866.0,0.9641714040032484,6.327230298593318,TRAIN,예산군,시군구,충청남도,살목지,15.0,14.178571428571429,1.057934508816121,7.481951538866933,9.30232558139535,3.162585187622104,13.6045197740113,2.3206310436853115,0.9345794392523364,1.0986122886681098,-0.039522703906857436
2026-04-11,살목지,예산군,2026-04-08,3,개봉후,토,1,70413.0,40810.0,29603.0,0.5795804751963416,-0.2663325483985246,93198.0,99833.5,0.705304331712301,1463.0,5463.0,722178.0,2379280370.0,226983.0,526332.0,1.0,예산군 관광데이터/20260915125606_예산군_20260401-20260430_데이터랩_다운로드.zip,KOBIS/KOBIS_일자별_통계정보_2026-09-17 (1).xls,24.88466,0.2854111460641655,12.997121428571429,3.730358928571429,3.4841476859034533,datalab.xlsx,65542.75,0.6226470509705497,6.6708486975353285,TRAIN,예산군,시군구,충청남도,살목지,13.0,14.571428571428571,0.8921568627450981,6.327230298593318,1.057934508816121,6.373415307435206,5.081081081081081,3.1707965651901877,0.7027027027027027,1.3862943611198906,-0.3491258931275681
2026-04-12,살목지,예산군,2026-04-08,4,개봉후,일,1,118234.0,66409.0,51824.0,0.5616743068829609,0.6791501569312486,91352.57142857143,98365.5,1.2019864688330766,1434.0,5326.0,705525.0,2064364090.0,197669.0,724001.0,1.0,예산군 관광데이터/20260915125606_예산군_20260401-20260430_데이터랩_다운로드.zip,KOBIS/KOBIS_일자별_통계정보_2026-09-17 (1).xls,25.79546,0.03660086173570387,16.055325714285715,4.600167142857143,3.4901613823348656,datalab.xlsx,62989.25,1.0542910099739242,5.6075049446961085,TRAIN,예산군,시군구,충청남도,살목지,6.0,14.928571428571429,0.4019138755980861,6.6708486975353285,0.8921568627450981,7.481951538866933,9.30232558139535,3.0059051501315373,0.7105263157894737,1.6094379124341003,0.18397557883923416
2026-04-13,살목지,예산군,2026-04-08,5,개봉후,월,0,92890.0,36393.0,56497.0,0.3917859834212509,-0.21435458497555693,92091.14285714286,98948.14285714286,0.9387745673419121,1279.0,4566.0,613343.0,752287270.0,73629.0,797630.0,1.0,예산군 관광데이터/20260915125606_예산군_20260401-20260430_데이터랩_다운로드.zip,KOBIS/KOBIS_일자별_통계정보_2026-09-17 (1).xls,26.21764,0.016366445878460922,18.967361428571426,5.504551071428572,3.445759914377343,datalab.xlsx,36941.5,0.9851522001001584,4.76290248919352,TRAIN,예산군,시군구,충청남도,살목지,6.0,15.035714285714286,0.3990498812351544,5.6075049446961085,0.4019138755980861,6.327230298593318,1.057934508816121,3.638138517734305,15.555555555555555,1.791759469228055,-0.06317990597521654
2026-04-14,살목지,예산군,2026-04-08,6,개봉후,화,0,94850.0,38762.0,56088.0,0.4086663152345809,0.02110022607385087,92616.57142857143,99008.89285714286,0.9579947544394462,1312.0,4589.0,616594.0,655595720.0,64686.0,862316.0,1.0,예산군 관광데이터/20260915125606_예산군_20260401-20260430_데이터랩_다운로드.zip,KOBIS/KOBIS_일자별_통계정보_2026-09-17 (1).xls,21.19779,-0.191468415921494,21.182420000000004,6.427359999999999,3.295664160712953,datalab.xlsx,38596.25,1.0042944586585485,3.2980555002364897,TRAIN,예산군,시군구,충청남도,살목지,7.0,15.107142857142858,0.46335697399527187,4.76290248919352,0.3990498812351544,6.6708486975353285,0.8921568627450981,3.162585187622104,13.6045197740113,1.9459101490553132,-0.04291297655920451
2026-04-15,살목지,예산군,2026-04-08,7,개봉후,수,0,94472.0,38108.0,56364.0,0.4033787788974511,-0.003985239852398514,93069.14285714286,99033.64285714286,0.953938452372967,1324.0,4776.0,660350.0,693399620.0,68743.0,931059.0,1.0,예산군 관광데이터/20260915125606_예산군_20260401-20260430_데이터랩_다운로드.zip,KOBIS/KOBIS_일자별_통계정보_2026-09-17 (1).xls,19.44242,-0.08280910415661269,22.149147142857146,7.172171071428571,3.088206753892364,datalab.xlsx,35008.5,1.088535641344245,2.7108137558865293,TRAIN,예산군,시군구,충청남도,살목지,6.0,15.214285714285714,0.3943661971830986,3.2980555002364897,0.46335697399527187,5.6075049446961085,0.4019138755980861,6.373415307435206,5.081081081081081,2.0794415416798357,-0.047156124947373756
2026-04-16,살목지,예산군,2026-04-08,8,개봉후,목,0,93468.0,37572.0,55895.0,0.40197714725895495,-0.010627487509526579,94328.71428571429,99206.89285714286,0.9421522770055221,1322.0,4732.0,652386.0,593089560.0,58662.0,989721.0,1.0,예산군 관광데이터/20260915125606_예산군_20260401-20260430_데이터랩_다운로드.zip,KOBIS/KOBIS_일자별_통계정보_2026-09-17 (1).xls,16.30926,-0.1611507209493469,21.88664714285714,7.850369999999999,2.7879765084775805,datalab.xlsx,36230.25,1.0370339702320575,2.0775148177729204,TRAIN,예산군,시군구,충청남도,살목지,7.0,15.25,0.45901639344262296,2.7108137558865293,0.3943661971830986,4.76290248919352,0.3990498812351544,7.481951538866933,9.30232558139535,2.1972245773362196,-0.05958836459808751
2026-04-17,살목지,예산군,2026-04-08,9,개봉후,금,0,100384.0,43645.0,56738.0,0.4347804430985018,0.07399323832755589,94958.71428571429,99137.53571428571,1.0125730811920381,1375.0,5168.0,723291.0,1038291850.0,98966.0,1088687.0,1.0,예산군 관광데이터/20260915125606_예산군_20260401-20260430_데이터랩_다운로드.zip,KOBIS/KOBIS_일자별_통계정보_2026-09-17 (1).xls,19.14146,0.17365594760277303,21.85552714285714,8.411424642857142,2.5983145627318356,datalab.xlsx,42056.0,1.0377829560585885,2.275650179693953,TRAIN,예산군,시군구,충청남도,살목지,5.0,15.321428571428571,0.32634032634032634,2.0775148177729204,0.45901639344262296,3.2980555002364897,0.46335697399527187,6.327230298593318,1.057934508816121,2.302585092994046,0.01249469634888112
2026-04-18,살목지,예산군,2026-04-08,10,개봉후,토,1,127449.0,74494.0,52955.0,0.5845004668534081,0.2696146796302199,103106.71428571429,99176.17857142857,1.28507673753742,1511.0,6142.0,859767.0,2188439110.0,211494.0,1300181.0,1.0,예산군 관광데이터/20260915125606_예산군_20260401-20260430_데이터랩_다운로드.zip,KOBIS/KOBIS_일자별_통계정보_2026-09-17 (1).xls,20.22196,0.05644814972316636,21.18942714285714,9.071799285714285,2.3357469092404806,datalab.xlsx,60703.25,1.2271830585677044,2.2291013461733336,TRAIN,예산군,시군구,충청남도,살목지,9.0,15.357142857142858,0.586046511627907,2.275650179693953,0.32634032634032634,2.7108137558865293,0.3943661971830986,6.6708486975353285,0.8921568627450981,2.3978952727983707,0.2508184344920919
2026-04-19,살목지,예산군,2026-04-08,11,개봉후,일,1,116308.0,64463.0,51846.0,0.5542439041166558,-0.08741535830018277,102831.57142857143,99493.42857142857,1.1690018292665418,1465.0,5882.0,828878.0,1664648140.0,161640.0,1461821.0,1.0,예산군 관광데이터/20260915125606_예산군_20260401-20260430_데이터랩_다운로드.zip,KOBIS/KOBIS_일자별_통계정보_2026-09-17 (1).xls,17.35845,-0.1416039790406073,19.984139999999996,9.755566785714285,2.04848579677237,datalab.xlsx,66460.5,0.9699445535317971,1.7793379289268068,TRAIN,예산군,시군구,충청남도,살목지,7.0,15.607142857142858,0.448512585812357,2.2291013461733336,0.586046511627907,2.0775148177729204,0.45901639344262296,5.6075049446961085,0.4019138755980861,2.4849066497880004,0.15615024730183094
2026-04-20,살목지,예산군,2026-04-08,12,개봉후,월,0,91056.0,35357.0,55699.0,0.38829950799507995,-0.21711318224025866,102569.57142857143,99735.14285714286,0.9129780876779355,1258.0,4669.0,655229.0,473283220.0,46984.0,1508805.0,1.0,예산군 관광데이터/20260915125606_예산군_20260401-20260430_데이터랩_다운로드.zip,KOBIS/KOBIS_일자별_통계정보_2026-09-17 (1).xls,13.34001,-0.23149762795641327,18.14447857142857,10.331923928571427,1.756156810374171,datalab.xlsx,37098.25,0.953063823765272,1.2911448140950932,TRAIN,예산군,시군구,충청남도,살목지,5.0,15.75,0.31746031746031744,1.7793379289268068,0.448512585812357,2.275650179693953,0.32634032634032634,4.76290248919352,0.3990498812351544,2.5649493574615367,-0.09104339902793573
2026-04-21,살목지,예산군,2026-04-08,13,개봉후,화,0,91532.0,36242.0,55290.0,0.39594895774155486,0.00522755227552274,102095.57142857143,99587.14285714286,0.9191146304026624,1253.0,4516.0,632815.0,399760410.0,39689.0,1548494.0,1.0,예산군 관광데이터/20260915125606_예산군_20260401-20260430_데이터랩_다운로드.zip,KOBIS/KOBIS_일자별_통계정보_2026-09-17 (1).xls,10.15406,-0.23882665755123123,16.566802857142857,10.775400357142857,1.5374651806938164,datalab.xlsx,38684.5,0.9368610166862696,0.9423371441849973,TRAIN,예산군,시군구,충청남도,살목지,5.0,15.75,0.31746031746031744,1.2911448140950932,0.31746031746031744,2.2291013461733336,0.586046511627907,3.2980555002364897,0.46335697399527187,2.6390573296152584,-0.08434443056104038
2026-04-22,살목지,예산군,2026-04-08,14,개봉후,수,0,92348.0,36722.0,55626.0,0.3976480270281977,0.00891491500240349,101792.14285714286,99458.89285714286,0.9285042025617907,1172.0,4155.0,601240.0,435423360.0,43400.0,1591894.0,1.0,예산군 관광데이터/20260915125606_예산군_20260401-20260430_데이터랩_다운로드.zip,KOBIS/KOBIS_일자별_통계정보_2026-09-17 (1).xls,10.27775,0.01218133436280655,15.257564285714285,11.088361785714286,1.375998058195702,datalab.xlsx,35846.0,1.024437873123919,0.9268952617726958,TRAIN,예산군,시군구,충청남도,살목지,5.0,15.75,0.31746031746031744,0.9423371441849973,0.31746031746031744,1.7793379289268068,0.448512585812357,2.7108137558865293,0.3943661971830986,2.70805020110221,-0.07418037201567715
2026-04-23,살목지,예산군,2026-04-08,15,개봉후,목,0,97055.0,40838.0,56217.0,0.42077172737107826,0.050970242993892745,102304.57142857143,99282.39285714286,0.977565076817318,1150.0,4090.0,598219.0,491825750.0,48405.0,1640299.0,1.0,예산군 관광데이터/20260915125606_예산군_20260401-20260430_데이터랩_다운로드.zip,KOBIS/KOBIS_일자별_통계정보_2026-09-17 (1).xls,9.5081,-0.07488506725693844,14.28597,11.38752,1.2545286418816388,datalab.xlsx,35747.25,1.1424095559798306,0.8349579188444894,TRAIN,예산군,시군구,충청남도,살목지,6.0,15.75,0.38095238095238093,0.9268952617726958,0.31746031746031744,1.2911448140950932,0.31746031746031744,2.0775148177729204,0.45901639344262296,2.772588722239781,-0.022690414589442084
2026-04-24,살목지,예산군,2026-04-08,16,개봉후,금,0,103166.0,46179.0,56987.0,0.4476184014113177,0.06296429859358099,102702.0,99263.28571428571,1.0393167953048388,1263.0,4783.0,691953.0,914624580.0,86527.0,1726826.0,1.0,예산군 관광데이터/20260915125606_예산군_20260401-20260430_데이터랩_다운로드.zip,KOBIS/KOBIS_일자별_통계정보_2026-09-17 (1).xls,10.5421,0.10874938210578344,13.057490000000001,11.682732500000002,1.1176743112110115,datalab.xlsx,42243.25,1.0931687310990514,0.9023659490620022,TRAIN,예산군,시군구,충청남도,살목지,4.0,15.785714285714286,0.25339366515837103,0.8349579188444894,0.38095238095238093,0.9423371441849973,0.31746031746031744,2.275650179693953,0.32634032634032634,2.833213344056216,0.038563569690303424
2026-04-25,살목지,예산군,2026-04-08,17,개봉후,토,1,130228.0,76734.0,53494.0,0.5892281229843045,0.26231510381327183,103099.0,99311.53571428571,1.3113078864741292,1378.0,5625.0,822097.0,1544389690.0,147850.0,1874676.0,1.0,예산군 관광데이터/20260915125606_예산군_20260401-20260430_데이터랩_다운로드.zip,KOBIS/KOBIS_일자별_통계정보_2026-09-17 (1).xls,13.21116,0.2531810550080156,12.055947142857141,12.003574642857146,1.004363075297004,datalab.xlsx,62614.25,1.2255037790918202,1.1006021450336414,TRAIN,예산군,시군구,충청남도,살목지,3.0,15.75,0.19047619047619047,0.9023659490620022,0.25339366515837103,0.9268952617726958,0.31746031746031744,2.2291013461733336,0.586046511627907,2.8903717578961645,0.27102502577808424
2026-04-26,살목지,예산군,2026-04-08,18,개봉후,일,1,118258.0,66538.0,51720.0,0.5626511525647313,-0.09191571705009671,103377.57142857143,99599.17857142857,1.18733910958101,1349.0,5326.0,776068.0,1133087750.0,109078.0,1983754.0,1.0,예산군 관광데이터/20260915125606_예산군_20260401-20260430_데이터랩_다운로드.zip,KOBIS/KOBIS_일자별_통계정보_2026-09-17 (1).xls,11.08726,-0.1607655951483442,11.160062857142856,12.37341892857143,0.9019384958649693,datalab.xlsx,67814.25,0.9811802091743255,0.8960546849665323,TRAIN,예산군,시군구,충청남도,살목지,4.0,15.714285714285714,0.2545454545454546,1.1006021450336414,0.19047619047619047,0.8349579188444894,0.38095238095238093,1.7793379289268068,0.448512585812357,2.9444389791664403,0.17171476107888825
2026-04-27,살목지,예산군,2026-04-08,19,개봉후,월,0,92204.0,36715.0,55489.0,0.3981931369571819,-0.22031490469989345,103541.57142857143,99788.03571428571,0.9239985469199894,1114.0,4129.0,601284.0,432784450.0,41902.0,2025656.0,1.0,예산군 관광데이터/20260915125606_예산군_20260401-20260430_데이터랩_다운로드.zip,KOBIS/KOBIS_일자별_통계정보_2026-09-17 (1).xls,9.45156,-0.14752968722660065,10.604569999999999,12.682189642857145,0.8361781599735578,datalab.xlsx,36221.5,1.0136245047830708,0.7452624717154661,TRAIN,예산군,시군구,충청남도,살목지,4.0,15.75,0.25396825396825395,0.8960546849665323,0.2545454545454546,0.9023659490620022,0.25339366515837103,1.2911448140950932,0.31746031746031744,2.995732273553991,-0.0790447799391035
2026-04-28,살목지,예산군,2026-04-08,20,개봉후,화,0,95123.0,39176.0,55948.0,0.4118457155472388,0.031658062556938926,104054.57142857143,99645.67857142857,0.9546123962798186,1152.0,4209.0,610532.0,516037650.0,51175.0,2076831.0,1.0,예산군 관광데이터/20260915125606_예산군_20260401-20260430_데이터랩_다운로드.zip,KOBIS/KOBIS_일자별_통계정보_2026-09-17 (1).xls,7.98775,-0.15487496244006282,10.295097142857145,12.91116892857143,0.7973791683628957,datalab.xlsx,37945.0,1.0324416919225194,0.6186697768568205,TRAIN,예산군,시군구,충청남도,살목지,5.0,15.714285714285714,0.3181818181818182,0.7452624717154661,0.25396825396825395,1.1006021450336414,0.19047619047619047,0.9423371441849973,0.31746031746031744,3.044522437723423,-0.04644988865784631
2026-04-29,살목지,예산군,2026-04-08,21,개봉후,수,0,94224.0,38423.0,55800.0,0.40778357955510275,-0.009450921438558524,104322.57142857143,99580.07142857143,0.9462134204993684,845.0,2113.0,235486.0,474448900.0,59050.0,2135881.0,3.0,예산군 관광데이터/20260915125606_예산군_20260401-20260430_데이터랩_다운로드.zip,KOBIS/KOBIS_일자별_통계정보_2026-09-17 (1).xls,8.46746,0.06005571030640677,10.036484285714284,13.052051785714289,0.7689583561643083,datalab.xlsx,34905.5,1.100772084628497,0.6487455105922727,TRAIN,예산군,시군구,충청남도,살목지,5.0,15.714285714285714,0.3181818181818182,0.6186697768568205,0.3181818181818182,0.8960546849665323,0.2545454545454546,0.9268952617726958,0.31746031746031744,3.091042453358316,-0.05528713230993191
2026-04-30,살목지,예산군,2026-04-08,22,개봉후,목,0,103954.0,47310.0,56644.0,0.4551051426592531,0.10326456104601789,105308.14285714286,99892.07142857143,1.0406631728958897,957.0,2477.0,276017.0,994936100.0,102147.0,2238028.0,1.0,예산군 관광데이터/20260915125606_예산군_20260401-20260430_데이터랩_다운로드.zip,KOBIS/KOBIS_일자별_통계정보_2026-09-17 (1).xls,8.7328,0.03133643383021578,9.925727142857143,13.237014285714286,0.7498463723476702,datalab.xlsx,35518.0,1.3320006757137226,0.6597258121436533,TRAIN,예산군,시군구,충청남도,살목지,4.0,15.714285714285714,0.2545454545454546,0.6487455105922727,0.3181818181818182,0.7452624717154661,0.25396825396825395,0.8349579188444894,0.38095238095238093,3.1354942159291497,0.039858176176596025
2026-05-01,살목지,예산군,2026-04-08,23,개봉후,금,0,132822.0,79768.0,53053.0,0.6005631597175167,0.277699751813302,109544.71428571429,100439.57142857143,1.3224070763230769,1164.0,3003.0,341589.0,1513571410.0,146272.0,2384300.0,3.0,예산군 관광데이터/20260915125807_예산군_20260501-20260531_데이터랩_다운로드.zip,KOBIS/KOBIS_일자별_통계정보_2026-09-17 (1).xls,11.88759,0.36125755771344825,10.11794,13.446382142857145,0.7524655994828136,datalab.xlsx,42291.5,1.8861473345707767,0.8840734908248021,TRAIN,예산군,시군구,충청남도,살목지,3.0,15.678571428571429,0.19134396355353075,0.6597258121436533,0.2545454545454546,0.6186697768568205,0.3181818181818182,0.9023659490620022,0.25339366515837103,3.1780538303479458,0.27945361863186413
2026-05-02,살목지,예산군,2026-04-08,24,개봉후,토,1,140945.0,88795.0,52150.0,0.6299975167618574,0.061157037237806966,111075.71428571429,101765.96428571429,1.3849915439732692,1318.0,3490.0,406504.0,1320311580.0,128023.0,2512323.0,3.0,예산군 관광데이터/20260915125807_예산군_20260501-20260531_데이터랩_다운로드.zip,KOBIS/KOBIS_일자별_통계정보_2026-09-17 (1).xls,11.21392,-0.05667002310813207,9.83262,13.768244285714287,0.714152058603592,datalab.xlsx,64285.5,1.381260159756088,0.8144771233929504,TRAIN,예산군,시군구,충청남도,살목지,3.0,15.642857142857142,0.19178082191780824,0.8840734908248021,0.19134396355353075,0.6487455105922727,0.3181818181818182,1.1006021450336414,0.19047619047619047,3.2188758248682006,0.3256940341862009
2026-05-03,살목지,예산군,2026-04-08,25,개봉후,일,1,123011.0,72510.0,50502.0,0.5894594792335645,-0.12724112242364038,111754.71428571429,102619.85714285714,1.1987056250600343,1349.0,3589.0,421942.0,1265932690.0,123702.0,2636025.0,3.0,예산군 관광데이터/20260915125807_예산군_20260501-20260531_데이터랩_다운로드.zip,KOBIS/KOBIS_일자별_통계정보_2026-09-17 (1).xls,10.62996,-0.05207456446987313,9.767291428571427,14.01877892857143,0.6967291144498241,datalab.xlsx,68763.5,1.0544838468082631,0.7582657558238017,TRAIN,예산군,시군구,충청남도,살목지,4.0,15.642857142857142,0.2557077625570776,0.8144771233929504,0.19178082191780824,0.6597258121436533,0.2545454545454546,0.8960546849665323,0.2545454545454546,3.258096538021482,0.18124232885362182
2026-05-04,살목지,예산군,2026-04-08,26,개봉후,월,0,111052.0,53750.0,57302.0,0.4840074919857364,-0.09721894789896834,114447.28571428571,102329.10714285714,1.0852435157571072,1216.0,3695.0,447783.0,892403820.0,91937.0,2727962.0,3.0,예산군 관광데이터/20260915125807_예산군_20260501-20260531_데이터랩_다운로드.zip,KOBIS/KOBIS_일자별_통계정보_2026-09-17 (1).xls,8.82016,-0.17025463877568692,9.677091428571428,14.241705000000001,0.6794896698514277,datalab.xlsx,35232.75,1.5255692502004528,0.6193191054020567,TRAIN,예산군,시군구,충청남도,살목지,4.0,15.678571428571429,0.255125284738041,0.7582657558238017,0.2557077625570776,0.8840734908248021,0.19134396355353075,0.7452624717154661,0.25396825396825395,3.295836866004329,0.08180440029568689
2026-05-05,살목지,예산군,2026-04-08,27,개봉후,화,0,115532.0,60064.0,55468.0,0.519890593082436,0.040341461657601885,117362.85714285714,103162.39285714286,1.119904228665831,1233.0,3333.0,403366.0,1105314490.0,108212.0,2836174.0,3.0,예산군 관광데이터/20260915125807_예산군_20260501-20260531_데이터랩_다운로드.zip,KOBIS/KOBIS_일자별_통계정보_2026-09-17 (1).xls,7.62501,-0.13550207705982653,9.625271428571429,14.348375357142858,0.670826570185858,datalab.xlsx,37465.5,1.603181593732901,0.5314197468498859,TRAIN,예산군,시군구,충청남도,살목지,3.0,13.5,0.2222222222222222,0.6193191054020567,0.255125284738041,0.8144771233929504,0.19178082191780824,0.6186697768568205,0.3181818181818182,3.332204510175204,0.11324317153101066
2026-05-06,살목지,예산군,2026-04-08,28,개봉후,수,0,92474.0,32480.0,59994.0,0.3512338603283085,-0.19958106844856838,117112.85714285714,104032.39285714286,0.8888962126150955,961.0,2874.0,381422.0,213027110.0,20988.0,2857162.0,2.0,예산군 관광데이터/20260915125807_예산군_20260501-20260531_데이터랩_다운로드.zip,KOBIS/KOBIS_일자별_통계정보_2026-09-17 (1).xls,4.98154,-0.3466841354962157,9.127282857142857,14.41739785714286,0.6330742168303899,datalab.xlsx,37167.25,0.8738876295663521,0.34552282245106936,TRAIN,예산군,시군구,충청남도,살목지,6.0,10.535714285714286,0.5694915254237287,0.5314197468498859,0.2222222222222222,0.7582657558238017,0.2557077625570776,0.6487455105922727,0.3181818181818182,3.367295829986474,-0.11777479649834292
2026-05-07,살목지,예산군,2026-04-08,29,개봉후,목,0,92690.0,33355.0,59336.0,0.3598554320854461,0.0023357916819863878,115503.71428571429,104074.17857142857,0.8906147641259995,929.0,2748.0,361125.0,185687020.0,18283.0,2875445.0,2.0,예산군 관광데이터/20260915125807_예산군_20260501-20260531_데이터랩_다운로드.zip,KOBIS/KOBIS_일자별_통계정보_2026-09-17 (1).xls,4.0108,-0.1948674506277176,8.45271142857143,14.142619642857143,0.5976765013856925,datalab.xlsx,39190.5,0.851099118408798,0.28359668161094115,TRAIN,예산군,시군구,충청남도,살목지,5.0,9.071428571428571,0.5511811023622047,0.34552282245106936,0.5694915254237287,0.6193191054020567,0.255125284738041,0.6597258121436533,0.2545454545454546,3.4011973816621555,-0.11584330850232417
2026-05-08,살목지,예산군,2026-04-08,30,개봉후,금,0,102896.0,41790.0,61106.0,0.40613823666614834,0.1101089653684324,111228.57142857143,104361.28571428571,0.9859594896301174,996.0,3233.0,429508.0,276930830.0,26377.0,2901822.0,2.0,예산군 관광데이터/20260915125807_예산군_20260501-20260531_데이터랩_다운로드.zip,KOBIS/KOBIS_일자별_통계정보_2026-09-17 (1).xls,4.48182,0.11743791762241962,7.394744285714286,13.637763928571427,0.5422255675083308,datalab.xlsx,52489.5,0.7961592318463693,0.3286330532977246,TRAIN,예산군,시군구,충청남도,살목지,6.0,5.678571428571429,1.0566037735849056,0.28359668161094115,0.5511811023622047,0.5314197468498859,0.2222222222222222,0.8840734908248021,0.19134396355353075,3.4339872044851463,-0.014140010791368979
2026-05-09,살목지,예산군,2026-04-08,31,개봉후,토,1,122822.0,68148.0,54674.0,0.5548517366595561,0.193651842637226,108639.57142857143,104608.5,1.1741110903989638,1083.0,3863.0,515030.0,672255250.0,64731.0,2966553.0,3.0,예산군 관광데이터/20260915125807_예산군_20260501-20260531_데이터랩_다운로드.zip,KOBIS/KOBIS_일자별_통계정보_2026-09-17 (1).xls,6.64297,0.4822036583352298,6.741751428571428,13.106425357142857,0.5143852152560613,datalab.xlsx,70208.25,0.9706551580476653,0.5068483449134858,TRAIN,예산군,시군구,충청남도,살목지,3.0,5.357142857142857,0.56,0.3286330532977246,1.0566037735849056,0.34552282245106936,0.5694915254237287,0.8144771233929504,0.19178082191780824,3.4657359027997265,0.16051134248196955
2026-05-10,살목지,예산군,2026-04-08,32,개봉후,일,1,117246.0,62934.0,54313.0,0.5367688449925797,-0.04539903274657631,107816.0,106480.25,1.1011056040908995,1088.0,3653.0,479972.0,581454750.0,56204.0,3022757.0,3.0,예산군 관광데이터/20260915125807_예산군_20260501-20260531_데이터랩_다운로드.zip,KOBIS/KOBIS_일자별_통계정보_2026-09-17 (1).xls,6.51101,-0.0198646087518084,6.153329999999999,12.454936428571427,0.49404748352503486,datalab.xlsx,67480.0,0.9326318909306461,0.5227654141263898,TRAIN,예산군,시군구,충청남도,살목지,3.0,5.0,0.6,0.5068483449134858,0.56,0.28359668161094115,0.5511811023622047,0.7582657558238017,0.2557077625570776,3.4965075614664802,0.09631476966300866
2026-05-11,살목지,예산군,2026-04-08,33,개봉후,월,0,89369.0,30968.0,58401.0,0.34651836766664057,-0.23776504102485374,104718.42857142857,106444.96428571429,0.8395794070644823,878.0,2641.0,348687.0,149637230.0,14561.0,3037318.0,2.0,예산군 관광데이터/20260915125807_예산군_20260501-20260531_데이터랩_다운로드.zip,KOBIS/KOBIS_일자별_통계정보_2026-09-17 (1).xls,4.42125,-0.32095788518217605,5.524914285714286,11.766206071428568,0.46955783811488955,datalab.xlsx,40553.75,0.7636285177079801,0.37575833477334325,TRAIN,예산군,시군구,충청남도,살목지,6.0,4.892857142857143,1.2262773722627736,0.5227654141263898,0.6,0.3286330532977246,1.0566037735849056,0.6193191054020567,0.255125284738041,3.5263605246161616,-0.1748542184154401
2026-05-12,살목지,예산군,2026-04-08,34,개봉후,화,0,91217.0,32280.0,58936.0,0.35388140368571647,0.020678311271246086,101244.85714285714,106319.21428571429,0.8579540453983253,891.0,2632.0,345395.0,135801390.0,13398.0,3050716.0,2.0,예산군 관광데이터/20260915125807_예산군_20260501-20260531_데이터랩_다운로드.zip,KOBIS/KOBIS_일자별_통계정보_2026-09-17 (1).xls,3.40075,-0.2308170766186033,4.921448571428571,10.987763571428571,0.44790266367086656,datalab.xlsx,43561.0,0.7410298202520603,0.30950338327655263,TRAIN,예산군,시군구,충청남도,살목지,,4.892857142857143,,0.37575833477334325,1.2262773722627736,0.5068483449134858,0.56,0.5314197468498859,0.2222222222222222,3.5553480614894135,-0.15320474107038237
2026-05-13,살목지,예산군,2026-04-08,35,개봉후,수,0,94496.0,34626.0,59871.0,0.3664282086014223,0.03594724667550997,101533.71428571429,106189.46428571429,0.8898811255488421,728.0,1841.0,217072.0,158754100.0,16441.0,3067157.0,3.0,예산군 관광데이터/20260915125807_예산군_20260501-20260531_데이터랩_다운로드.zip,KOBIS/KOBIS_일자별_통계정보_2026-09-17 (1).xls,3.38881,-0.0035109902227450362,4.693915714285715,10.352155000000002,0.4534240179253222,datalab.xlsx,36433.25,0.9503955864491913,0.3273530970121679,TRAIN,예산군,시군구,충청남도,살목지,,4.814814814814815,,0.30950338327655263,,0.5227654141263898,0.6,0.34552282245106936,0.5694915254237287,3.58351893845611,-0.11666739197584458
2026-05-14,살목지,예산군,2026-04-08,36,개봉후,목,0,94840.0,35420.0,59420.0,0.37347110923660903,0.003640365729766337,101840.85714285714,106190.32142857143,0.893113409246,715.0,1763.0,208956.0,124792170.0,11588.0,3078745.0,3.0,예산군 관광데이터/20260915125807_예산군_20260501-20260531_데이터랩_다운로드.zip,KOBIS/KOBIS_일자별_통계정보_2026-09-17 (1).xls,2.81975,-0.16792325329540458,4.523765714285714,9.778811785714284,0.46260893587239443,datalab.xlsx,39768.75,0.8906490649064907,0.2883530291603863,TRAIN,예산군,시군구,충청남도,살목지,,4.769230769230769,,0.3273530970121679,,0.37575833477334325,1.2262773722627736,0.28359668161094115,0.5511811023622047,3.6109179126442243,-0.11304170813337157
2026-05-15,살목지,예산군,2026-04-08,37,개봉후,금,0,102414.0,42133.0,60280.0,0.4113988321909114,0.07986081822016033,101772.0,106239.32142857143,0.9639933559709025,743.0,2011.0,232600.0,221876930.0,20009.0,3098754.0,3.0,예산군 관광데이터/20260915125807_예산군_20260501-20260531_데이터랩_다운로드.zip,KOBIS/KOBIS_일자별_통계정보_2026-09-17 (1).xls,3.05222,0.08244347903182914,4.3195371428571425,9.297043571428569,0.46461405818639284,datalab.xlsx,52845.5,0.7972864293080774,0.3283000640526202,TRAIN,예산군,시군구,충청남도,살목지,,4.68,,0.2883530291603863,,0.30950338327655263,,0.3286330532977246,1.0566037735849056,3.6375861597263857,-0.036670876541709065
2026-05-16,살목지,예산군,2026-04-08,38,개봉후,토,1,118027.0,63077.0,54950.0,0.5344285629559338,0.15244986037065256,101087.0,106311.82142857143,1.1101963865730562,751.0,2170.0,254747.0,432101080.0,38823.0,3137577.0,4.0,예산군 관광데이터/20260915125807_예산군_20260501-20260531_데이터랩_다운로드.zip,KOBIS/KOBIS_일자별_통계정보_2026-09-17 (1).xls,4.06735,0.3325874281670391,3.9515914285714286,8.722427857142856,0.45303801800268756,datalab.xlsx,77042.75,0.818727265057387,0.466309388465646,TRAIN,예산군,시군구,충청남도,살목지,,4.666666666666667,,0.3283000640526202,,0.3273530970121679,,0.5068483449134858,0.56,3.6635616461296463,0.10453692451548013
2026-05-17,살목지,예산군,2026-04-08,39,개봉후,일,1,112462.0,58408.0,54054.0,0.5193576496950081,-0.047150228337583755,100403.57142857143,105975.32142857143,1.061209331417793,743.0,2010.0,234788.0,353002090.0,32131.0,3169708.0,4.0,예산군 관광데이터/20260915125807_예산군_20260501-20260531_데이터랩_다운로드.zip,KOBIS/KOBIS_일자별_통계정보_2026-09-17 (1).xls,4.19591,0.031607803606770846,3.6208628571428574,8.145477499999998,0.4445243212743339,datalab.xlsx,66611.25,0.8768488806320254,0.5151214278107085,TRAIN,예산군,시군구,충청남도,살목지,,4.478260869565218,,0.466309388465646,,0.2883530291603863,,0.5227654141263898,0.6,3.6888794541139363,0.059409136512475105
2026-05-18,살목지,예산군,2026-04-08,40,개봉후,월,0,93142.0,33376.0,59766.0,0.35833458590109724,-0.17179136063737088,100942.57142857143,105837.96428571429,0.8800433816787994,622.0,1583.0,182513.0,95426650.0,8793.0,3178501.0,3.0,예산군 관광데이터/20260915125807_예산군_20260501-20260531_데이터랩_다운로드.zip,KOBIS/KOBIS_일자별_통계정보_2026-09-17 (1).xls,2.83042,-0.32543357698330033,3.393601428571429,7.6753867857142835,0.44214077066288393,datalab.xlsx,39197.5,0.8514828751833663,0.36876578067284943,TRAIN,예산군,시군구,충청남도,살목지,,4.363636363636363,,0.5151214278107085,,0.3283000640526202,,0.37575833477334325,1.2262773722627736,3.713572066704308,-0.12778407536268793
2026-05-19,살목지,예산군,2026-04-08,41,개봉후,화,0,94199.0,34296.0,59902.0,0.36408029809233644,0.011348263941079129,101368.57142857143,105912.46428571429,0.8894042890540672,613.0,1541.0,176006.0,85084100.0,7973.0,3186474.0,3.0,예산군 관광데이터/20260915125807_예산군_20260501-20260531_데이터랩_다운로드.zip,KOBIS/KOBIS_일자별_통계정보_2026-09-17 (1).xls,2.25501,-0.2032949173620877,3.2299242857142856,7.300044285714285,0.4424526974493893,datalab.xlsx,41940.5,0.8177298792336762,0.3089036054771488,TRAIN,예산군,시군구,충청남도,살목지,,4.333333333333333,,0.36876578067284943,,0.466309388465646,,0.30950338327655263,,3.7376696182833684,-0.1172033785042306
2026-05-20,살목지,예산군,2026-04-08,42,개봉후,수,0,87496.0,29729.0,57768.0,0.3397755325957758,-0.07115786791791845,100368.57142857143,106007.71428571429,0.8253738946222242,644.0,1560.0,170580.0,101787700.0,9620.0,3196094.0,5.0,예산군 관광데이터/20260915125807_예산군_20260501-20260531_데이터랩_다운로드.zip,KOBIS/KOBIS_일자별_통계정보_2026-09-17 (1).xls,2.24964,-0.0023813641624649273,3.067185714285714,7.017935357142856,0.43704958199193605,datalab.xlsx,35562.75,0.8359589739263695,0.32055581670616495,TRAIN,예산군,시군구,충청남도,살목지,,4.3,,0.3089036054771488,,0.5151214278107085,,0.3273530970121679,,3.7612001156935624,-0.19191878971140097
2026-05-21,살목지,예산군,2026-04-08,43,개봉후,목,0,92155.0,32851.0,59304.0,0.3564755032282567,0.05324814848678794,99985.0,105834.42857142857,0.8707468944078419,384.0,545.0,60915.0,32064850.0,2914.0,3199008.0,7.0,예산군 관광데이터/20260915125807_예산군_20260501-20260531_데이터랩_다운로드.zip,KOBIS/KOBIS_일자별_통계정보_2026-09-17 (1).xls,1.99681,-0.11238687078821497,2.949622857142857,6.731217142857141,0.4382005207294288,datalab.xlsx,39230.75,0.8373788418523734,0.2966491731913482,TRAIN,예산군,시군구,충청남도,살목지,,4.2631578947368425,,0.32055581670616495,,0.36876578067284943,,0.2883530291603863,,3.784189633918261,-0.1384039363139148
2026-05-22,살목지,예산군,2026-04-08,44,개봉후,금,0,102809.0,42826.0,59983.0,0.4165588615782665,0.11560957083175083,100041.42857142857,105659.42857142857,0.9730224873447844,446.0,667.0,73548.0,56039500.0,4841.0,3203849.0,4.0,예산군 관광데이터/20260915125807_예산군_20260501-20260531_데이터랩_다운로드.zip,KOBIS/KOBIS_일자별_통계정보_2026-09-17 (1).xls,2.66185,0.33305121669062143,2.8938557142857144,6.462956785714285,0.4477603379125621,datalab.xlsx,52467.5,0.8162386239100395,0.4118625713054049,TRAIN,예산군,시군구,충청남도,살목지,,4.166666666666667,,0.2966491731913482,,0.3089036054771488,,0.3283000640526202,,3.8066624897703196,-0.027348085711926543
2026-05-23,살목지,예산군,2026-04-08,45,개봉후,토,1,128776.0,73790.0,54985.0,0.5730104988507175,0.2525751636529876,101577.0,105646.67857142857,1.2189308905999683,414.0,560.0,60847.0,97702190.0,8638.0,3212487.0,6.0,예산군 관광데이터/20260915125807_예산군_20260501-20260531_데이터랩_다운로드.zip,KOBIS/KOBIS_일자별_통계정보_2026-09-17 (1).xls,3.11506,0.17026128444502886,2.7578142857142858,6.181519285714286,0.446138587982358,datalab.xlsx,74188.5,0.9946285475511704,0.5039311301994991,TRAIN,예산군,시군구,충청남도,살목지,,4.176470588235294,,0.4118625713054049,,0.32055581670616495,,0.466309388465646,,3.828641396489095,0.19797415537269206
2026-05-24,살목지,예산군,2026-04-08,46,개봉후,일,1,142856.0,89082.0,53774.0,0.6235789886319091,0.1093371435671242,105919.0,105594.82142857143,1.3528693743436417,404.0,565.0,60445.0,113065900.0,9998.0,3222485.0,5.0,예산군 관광데이터/20260915125807_예산군_20260501-20260531_데이터랩_다운로드.zip,KOBIS/KOBIS_일자별_통계정보_2026-09-17 (1).xls,5.88138,0.8880471002163681,2.998595714285714,5.820944285714286,0.5151390508314679,datalab.xlsx,65097.5,1.3684396482199777,1.0103824588106838,TRAIN,예산군,시군구,충청남도,살목지,,4.25,,0.5039311301994991,,0.2966491731913482,,0.5151214278107085,,3.8501476017100584,0.3022277993273027
2026-05-25,살목지,예산군,2026-04-08,47,개봉후,월,0,118290.0,64088.0,54201.0,0.5417871333164257,-0.1719633757070057,109511.57142857143,106473.32142857143,1.1109825298289007,384.0,514.0,56124.0,90076350.0,8147.0,3230632.0,5.0,예산군 관광데이터/20260915125807_예산군_20260501-20260531_데이터랩_다운로드.zip,KOBIS/KOBIS_일자별_통계정보_2026-09-17 (1).xls,4.71062,-0.1990621248754545,3.2671957142857138,5.63502,0.5798019730694326,datalab.xlsx,38702.25,1.6559243971603719,0.8359544420427966,TRAIN,예산군,시군구,충청남도,살목지,,4.266666666666667,,1.0103824588106838,,0.4118625713054049,,0.36876578067284943,,3.871201010907891,0.10524478580739609
2026-05-26,살목지,예산군,2026-04-08,48,개봉후,화,0,92558.0,32690.0,59868.0,0.353183949523542,-0.2175331811649336,109277.14285714286,107404.96428571429,0.8617664985556999,331.0,464.0,50163.0,24665900.0,2196.0,3232828.0,5.0,예산군 관광데이터/20260915125807_예산군_20260501-20260531_데이터랩_다운로드.zip,KOBIS/KOBIS_일자별_통계정보_2026-09-17 (1).xls,2.53059,-0.46279046070368646,3.3065642857142854,5.465700714285715,0.6049662172449198,datalab.xlsx,41454.0,0.7885849375211077,0.46299461538129794,TRAIN,예산군,시군구,충청남도,살목지,,4.285714285714286,,0.8359544420427966,,0.5039311301994991,,0.3089036054771488,,3.8918202981106265,-0.14877092836002034
2026-05-27,살목지,예산군,2026-04-08,49,개봉후,수,0,93258.0,33302.0,59955.0,0.35709536983422335,0.007562825471596257,110100.28571428571,107313.35714285714,0.8690250914045449,175.0,200.0,23691.0,11558200.0,1201.0,3234029.0,11.0,예산군 관광데이터/20260915125807_예산군_20260501-20260531_데이터랩_다운로드.zip,KOBIS/KOBIS_일자별_통계정보_2026-09-17 (1).xls,3.27982,0.2960692960930058,3.453732857142857,5.270802142857144,0.6552575421225529,datalab.xlsx,33814.5,0.984843780035192,0.6222620221942362,TRAIN,예산군,시군구,충청남도,살목지,,4.230769230769231,,0.46299461538129794,,1.0103824588106838,,0.32055581670616495,,3.912023005428146,-0.14038328025033683
2026-05-28,살목지,예산군,2026-04-08,50,개봉후,목,0,95088.0,35172.0,59916.0,0.3698889449772842,0.019622981406420825,110519.28571428571,107278.85714285714,0.8863629100128902,139.0,162.0,20503.0,8662300.0,811.0,3234840.0,18.0,예산군 관광데이터/20260915125807_예산군_20260501-20260531_데이터랩_다운로드.zip,KOBIS/KOBIS_일자별_통계정보_2026-09-17 (1).xls,3.08304,-0.059997194968016476,3.6089085714285716,5.085529285714286,0.7096426681813285,datalab.xlsx,37234.0,0.9446205081377236,0.606237783087896,TRAIN,예산군,시군구,충청남도,살목지,,4.166666666666667,,0.6222620221942362,,0.8359544420427966,,0.2966491731913482,,3.9318256327243257,-0.12062880726158715
2026-05-29,살목지,예산군,2026-04-08,51,개봉후,금,0,100394.0,40512.0,59882.0,0.40353009143972746,0.05580094228504118,110174.28571428571,106962.21428571429,0.938593134691757,137.0,156.0,18493.0,11033750.0,952.0,3235792.0,17.0,예산군 관광데이터/20260915125807_예산군_20260501-20260531_데이터랩_다운로드.zip,KOBIS/KOBIS_일자별_통계정보_2026-09-17 (1).xls,3.4891,0.13170766516165866,3.727087142857143,4.883752142857143,0.7631605851063284,datalab.xlsx,51629.25,0.7846714798297477,0.7144301958695984,TRAIN,예산군,시군구,충청남도,살목지,,4.181818181818182,,0.606237783087896,,0.46299461538129794,,0.4118625713054049,,3.9512437185814275,-0.0633731900617846
2026-05-30,살목지,예산군,2026-04-08,52,개봉후,토,1,116872.0,61246.0,55626.0,0.5240433979054008,0.16413331473992465,108473.71428571429,105804.07142857143,1.1046077756932118,106.0,111.0,12741.0,12873400.0,1191.0,3236983.0,18.0,예산군 관광데이터/20260915125807_예산군_20260501-20260531_데이터랩_다운로드.zip,KOBIS/KOBIS_일자별_통계정보_2026-09-17 (1).xls,5.13089,0.47054827892579754,4.0150628571428575,4.583806071428573,0.8759233690467924,datalab.xlsx,73452.5,0.833817773390967,1.1193514559835915,TRAIN,예산군,시군구,충청남도,살목지,,4.3,,0.7144301958695984,,0.6222620221942362,,0.5039311301994991,,3.970291913552122,0.09949031783479975
2026-05-31,살목지,예산군,2026-04-08,53,개봉후,일,1,108430.0,54789.0,53641.0,0.5052937378954164,-0.07223287014853852,103555.71428571429,104944.32142857143,1.033214551525792,91.0,97.0,11241.0,11199150.0,1045.0,3238028.0,17.0,예산군 관광데이터/20260915125807_예산군_20260501-20260531_데이터랩_다운로드.zip,KOBIS/KOBIS_일자별_통계정보_2026-09-17 (1).xls,4.85007,-0.05473124545644137,3.8677328571428573,4.366555,0.8857630001552385,datalab.xlsx,70733.5,0.7745834717637329,1.110731457636512,TRAIN,예산군,시군구,충청남도,살목지,,,,1.1193514559835915,,0.606237783087896,,1.0103824588106838,,3.9889840465642745,0.032674866079387285
2026-06-01,살목지,예산군,2026-04-08,54,개봉후,월,0,93520.0,31910.0,61610.0,0.3412104362703165,-0.1375080697224016,100017.14285714286,104423.57142857143,0.895583235859446,98.0,112.0,12968.0,5139700.0,473.0,3238501.0,16.0,예산군 관광데이터/20260915125909_예산군_20260601-20260630_데이터랩_다운로드.zip,KOBIS/KOBIS_일자별_통계정보_2026-09-17 (1).xls,2.45348,-0.4941351361939106,3.545284285714285,4.160130357142856,0.8522050948781225,datalab.xlsx,45545.5,0.7006180632554259,0.5897603655105246,TRAIN,예산군,시군구,충청남도,살목지,,,,1.110731457636512,,0.7144301958695984,,0.8359544420427966,,4.007333185232471,-0.1102801127674238
2026-06-02,살목지,예산군,2026-04-08,55,개봉후,화,0,95028.0,33523.0,61506.0,0.35276970998021634,0.016124893071000956,100370.0,103797.42857142857,0.9155140094304566,94.0,111.0,13213.0,6054350.0,592.0,3239093.0,17.0,예산군 관광데이터/20260915125909_예산군_20260601-20260630_데이터랩_다운로드.zip,KOBIS/KOBIS_일자별_통계정보_2026-09-17 (1).xls,2.25769,-0.07980093581361969,3.506298571428571,3.9327489285714283,0.8915643065732738,datalab.xlsx,39832.5,0.8415991966359129,0.5740742775613968,TRAIN,예산군,시군구,충청남도,살목지,,,,0.5897603655105246,,1.1193514559835915,,0.46299461538129794,,4.02535169073515,-0.08826961249371247
2026-06-03,살목지,예산군,2026-04-08,56,개봉후,수,0,100866.0,43838.0,57029.0,0.43461622350445145,0.061434524561182036,101456.85714285714,103065.14285714286,0.9786625934221908,22.0,25.0,2390.0,2178350.0,211.0,3239304.0,30.0,예산군 관광데이터/20260915125909_예산군_20260601-20260630_데이터랩_다운로드.zip,KOBIS/KOBIS_일자별_통계정보_2026-09-17 (1).xls,2.52543,0.11859024046702604,3.3985285714285713,3.741058928571428,0.9084402668648536,datalab.xlsx,32534.25,1.3474415423745745,0.6750575300251601,TRAIN,예산군,시군구,충청남도,살목지,,,,0.5740742775613968,,1.110731457636512,,0.6222620221942362,,4.04305126783455,-0.02156833995904807
2026-06-04,살목지,예산군,2026-04-08,57,개봉후,목,0,92964.0,32344.0,60620.0,0.34791962480099825,-0.07834156207245258,101153.42857142857,103364.85714285714,0.899377240675886,20.0,23.0,1939.0,858050.0,93.0,3239397.0,44.0,예산군 관광데이터/20260915125909_예산군_20260601-20260630_데이터랩_다운로드.zip,KOBIS/KOBIS_일자별_통계정보_2026-09-17 (1).xls,1.50727,-0.4031630257025536,3.173418571428571,3.653340714285714,0.8686347153495714,datalab.xlsx,34199.5,0.9457448208307139,0.41257307157421674,TRAIN,예산군,시군구,충청남도,살목지,,,,0.6750575300251601,,0.5897603655105246,,0.606237783087896,,4.060443010546419,-0.10605270997361689
2026-06-05,살목지,예산군,2026-04-08,58,개봉후,금,0,100698.0,39256.0,61442.0,0.3898389243083279,0.083193494255841,101196.85714285714,103374.64285714286,0.9741073556999679,18.0,19.0,1534.0,1462850.0,137.0,3239534.0,37.0,예산군 관광데이터/20260915125909_예산군_20260601-20260630_데이터랩_다운로드.zip,KOBIS/KOBIS_일자별_통계정보_2026-09-17 (1).xls,1.56891,0.040895128278277904,2.8991057142857137,3.563928928571428,0.8134577799922056,datalab.xlsx,41815.25,0.9387962525633591,0.44021921633237643,TRAIN,예산군,시군구,충청남도,살목지,,,,0.41257307157421674,,0.5740742775613968,,0.7144301958695984,,4.07753744390572,-0.026233759955667967
2026-06-06,살목지,예산군,2026-04-08,59,개봉후,토,1,117960.0,63822.0,54138.0,0.5410478128179044,0.17142346421974608,101352.28571428571,103296.14285714286,1.1419593872264626,20.0,21.0,1851.0,1409800.0,138.0,3239672.0,36.0,예산군 관광데이터/20260915125909_예산군_20260601-20260630_데이터랩_다운로드.zip,KOBIS/KOBIS_일자별_통계정보_2026-09-17 (1).xls,2.21331,0.41073101707554915,2.4823085714285713,3.459896428571428,0.7174516991115548,datalab.xlsx,66565.25,0.9587885570924769,0.6397041199623028,TRAIN,예산군,시군구,충청남도,살목지,,,,0.44021921633237643,,0.6750575300251601,,1.1193514559835915,,4.0943445622221,0.13274554775246342
2026-06-07,살목지,예산군,2026-04-08,60,개봉후,일,1,108878.0,55251.0,53627.0,0.5074578886460075,-0.07699220074601565,101416.28571428571,103122.5,1.0558122621154453,16.0,17.0,1633.0,1234000.0,116.0,3239788.0,37.0,예산군 관광데이터/20260915125909_예산군_20260601-20260630_데이터랩_다운로드.zip,KOBIS/KOBIS_일자별_통계정보_2026-09-17 (1).xls,1.91079,-0.13668216381799203,2.062411428571429,3.301694285714286,0.6246524511657652,datalab.xlsx,66303.25,0.8333075678794026,0.5787301411483108,TRAIN,예산군,시군구,충청남도,살목지,,,,0.6397041199623028,,0.41257307157421674,,1.110731457636512,,4.110873864173311,0.05431038739131464
2026-06-08,살목지,예산군,2026-04-08,61,개봉후,월,0,94234.0,33666.0,60568.0,0.35725958783453954,-0.13449916420213448,101518.28571428571,102823.64285714286,0.9164623755931619,16.0,16.0,1093.0,652400.0,62.0,3239850.0,40.0,예산군 관광데이터/20260915125909_예산군_20260601-20260630_데이터랩_다운로드.zip,KOBIS/KOBIS_일자별_통계정보_2026-09-17 (1).xls,1.11732,-0.41525756362551614,1.8715314285714286,3.1374007142857145,0.5965229178567062,datalab.xlsx,40085.5,0.8398548103428921,0.3561291979416082,TRAIN,예산군,시군구,충청남도,살목지,,,,0.5787301411483108,,0.44021921633237643,,0.5897603655105246,,4.127134385045092,-0.08723426481655401
2026-06-09,살목지,예산군,2026-04-08,62,개봉후,화,0,94759.0,33926.0,60834.0,0.35802403993288234,0.005571237557569386,101479.85714285714,102997.39285714286,0.9200135787070893,17.0,17.0,1169.0,636100.0,63.0,3239913.0,48.0,예산군 관광데이터/20260915125909_예산군_20260601-20260630_데이터랩_다운로드.zip,KOBIS/KOBIS_일자별_통계정보_2026-09-17 (1).xls,0.81304,-0.2723302187376938,1.665152857142857,3.0194032142857155,0.5514840976735111,datalab.xlsx,33197.25,1.021952119527973,0.269271754151039,TRAIN,예산군,시군구,충청남도,살목지,,,,0.3561291979416082,,0.6397041199623028,,0.5740742775613968,,4.143134726391533,-0.08336684958374335
2026-06-10,살목지,예산군,2026-04-08,63,개봉후,수,0,95484.0,33820.0,61663.0,0.35419546730342255,0.007650988296626249,100711.0,103123.89285714286,0.9259153951090038,10.0,11.0,1029.0,531000.0,63.0,3239976.0,46.0,예산군 관광데이터/20260915125909_예산군_20260601-20260630_데이터랩_다운로드.zip,KOBIS/KOBIS_일자별_통계정보_2026-09-17 (1).xls,0.70935,-0.12753370067893333,1.4057128571428572,2.9269850000000006,0.4802596723737419,datalab.xlsx,35373.75,0.9560761864376833,0.24234835504794178,TRAIN,예산군,시군구,충청남도,살목지,,,,0.269271754151039,,0.5787301411483108,,0.6750575300251601,,4.1588830833596715,-0.07697241448308051
2026-06-11,살목지,예산군,2026-04-08,64,개봉후,목,0,95372.0,34965.0,60406.0,0.36661703644675586,-0.0011729713878765313,101055.0,103159.17857142857,0.9245129839218656,11.0,12.0,1210.0,475000.0,58.0,3240034.0,53.0,예산군 관광데이터/20260915125909_예산군_20260601-20260630_데이터랩_다운로드.zip,KOBIS/KOBIS_일자별_통계정보_2026-09-17 (1).xls,0.66192,-0.06686403045041245,1.2849485714285716,2.83129,0.4538385581938168,datalab.xlsx,33946.75,1.029995507670101,0.23378742551981604,TRAIN,예산군,시군구,충청남도,살목지,,,,0.24234835504794178,,0.3561291979416082,,0.41257307157421674,,4.174387269895637,-0.07848818398979614
2026-06-12,살목지,예산군,2026-04-08,65,개봉후,금,0,98539.0,38234.0,60305.0,0.38800880869503446,0.03320681122341984,100746.57142857143,103178.17857142857,0.9550372119796926,12.0,12.0,1189.0,662000.0,74.0,3240108.0,48.0,예산군 관광데이터/20260915125909_예산군_20260601-20260630_데이터랩_다운로드.zip,KOBIS/KOBIS_일자별_통계정보_2026-09-17 (1).xls,0.67189,0.015062243171380274,1.1568028571428572,2.754224642857143,0.42001035033323486,datalab.xlsx,41181.75,0.9284209631693651,0.24394887386636815,TRAIN,예산군,시군구,충청남도,살목지,,,,0.23378742551981604,,0.269271754151039,,0.44021921633237643,,4.189654742026425,-0.046004973836777326
2026-06-13,살목지,예산군,2026-04-08,66,개봉후,토,1,117478.0,61772.0,55706.0,0.5258175998910434,0.19219801296948424,100677.71428571429,103039.78571428571,1.1401227126553752,16.0,16.0,1234.0,873500.0,94.0,3240202.0,48.0,예산군 관광데이터/20260915125909_예산군_20260601-20260630_데이터랩_다운로드.zip,KOBIS/KOBIS_일자별_통계정보_2026-09-17 (1).xls,1.06523,0.5854232091562606,0.9927914285714285,2.6692128571428584,0.37194164785873185,datalab.xlsx,65483.75,0.9433179987401454,0.39908019967363284,TRAIN,예산군,시군구,충청남도,살목지,,,,0.24394887386636815,,0.24234835504794178,,0.6397041199623028,,4.204692619390966,0.13113589929350022
2026-06-14,살목지,예산군,2026-04-08,67,개봉후,일,1,106718.0,53378.0,53340.0,0.500178039318578,-0.09159161715385011,100369.14285714286,103020.17857142857,1.0358941469511,13.0,13.0,1168.0,637000.0,71.0,3240273.0,56.0,예산군 관광데이터/20260915125909_예산군_20260601-20260630_데이터랩_다운로드.zip,KOBIS/KOBIS_일자별_통계정보_2026-09-17 (1).xls,1.06855,0.003116697802352686,0.8724714285714285,2.561994285714286,0.34054386203604775,datalab.xlsx,64382.5,0.8290762241292277,0.4170774329818958,TRAIN,예산군,시군구,충청남도,살목지,,,,0.39908019967363284,,0.23378742551981604,,0.5787301411483108,,4.219507705176107,0.03526496385946975
2026-06-15,살목지,예산군,2026-04-08,68,개봉후,월,0,96026.0,35564.0,60462.0,0.3703580280340741,-0.10018928390711968,100625.14285714286,102815.03571428571,0.9339684544471505,7.0,7.0,822.0,163000.0,18.0,3240291.0,65.0,예산군 관광데이터/20260915125909_예산군_20260601-20260630_데이터랩_다운로드.zip,KOBIS/KOBIS_일자별_통계정보_2026-09-17 (1).xls,0.61188,-0.4273735435871041,0.8002657142857144,2.4503028571428573,0.32659869450540224,datalab.xlsx,40760.0,0.8725220804710501,0.24971607008346489,TRAIN,예산군,시군구,충청남도,살목지,,,,0.4170774329818958,,0.24394887386636815,,0.3561291979416082,,4.23410650459726,-0.06831261600552357
2026-06-16,살목지,예산군,2026-04-08,69,개봉후,화,0,97965.0,37104.0,60862.0,0.3787475118664829,0.02019244787869945,101083.14285714286,102918.03571428571,0.9518739773849163,10.0,10.0,801.0,276370.0,30.0,3240321.0,69.0,예산군 관광데이터/20260915125909_예산군_20260601-20260630_데이터랩_다운로드.zip,KOBIS/KOBIS_일자별_통계정보_2026-09-17 (1).xls,0.52,-0.15016016212329208,0.7584028571428573,2.3710692857142854,0.31985689398122674,datalab.xlsx,33608.75,1.1039982147506229,0.2193103352706751,TRAIN,예산군,시군구,충청남도,살목지,,,,0.24971607008346489,,0.39908019967363284,,0.269271754151039,,4.248495242049359,-0.04932262964985643
2026-06-17,살목지,예산군,2026-04-08,70,개봉후,수,0,98634.0,37107.0,61526.0,0.37620901514690674,0.00682896952993417,101533.14285714286,103052.53571428571,0.9571234644188072,5.0,5.0,529.0,125500.0,16.0,3240337.0,80.0,예산군 관광데이터/20260915125909_예산군_20260601-20260630_데이터랩_다운로드.zip,KOBIS/KOBIS_일자별_통계정보_2026-09-17 (1).xls,0.47172,-0.09284615384615391,0.7244557142857143,2.3091046428571427,0.31373879764466533,datalab.xlsx,35172.25,1.0550078542032426,0.20428697393996095,TRAIN,예산군,시군구,충청남도,살목지,,,,0.2193103352706751,,0.4170774329818958,,0.24234835504794178,,4.2626798770413155,-0.04382288391862838
2026-06-18,살목지,예산군,2026-04-08,71,개봉후,목,0,98714.0,37740.0,60974.0,0.3823165913649533,0.0008110793438367292,102010.57142857143,103450.32142857143,0.954216464838713,6.0,6.0,597.0,270000.0,27.0,3240364.0,75.0,예산군 관광데이터/20260915125909_예산군_20260601-20260630_데이터랩_다운로드.zip,KOBIS/KOBIS_일자별_통계정보_2026-09-17 (1).xls,0.48444,0.026965148817094997,0.6991014285714287,2.2456074999999998,0.31131951089913473,datalab.xlsx,33833.0,1.11547897023616,0.21572781530165003,TRAIN,예산군,시군구,충청남도,살목지,,,,0.20428697393996095,,0.24971607008346489,,0.23378742551981604,,4.276666119016055,-0.04686473092563529
2026-06-19,살목지,예산군,2026-04-08,72,개봉후,금,0,100656.0,40313.0,60344.0,0.40050270227308854,0.01967299471199624,102313.0,103684.57142857143,0.9707905295180987,8.0,8.0,803.0,264500.0,26.0,3240390.0,84.0,예산군 관광데이터/20260915125909_예산군_20260601-20260630_데이터랩_다운로드.zip,KOBIS/KOBIS_일자별_통계정보_2026-09-17 (1).xls,0.57202,0.18078606225745197,0.6848342857142857,2.191594285714286,0.3124822373275554,datalab.xlsx,40207.0,1.0026363568532843,0.2610063385037376,TRAIN,예산군,시군구,충청남도,살목지,,,,0.21572781530165003,,0.2193103352706751,,0.24394887386636815,,4.290459441148391,-0.029644560515038318
2026-06-20,살목지,예산군,2026-04-08,73,개봉후,토,1,112609.0,58656.0,53952.0,0.5208819898942358,0.11875099348275309,101617.42857142857,103607.67857142857,1.0868789027288726,11.0,11.0,1040.0,411000.0,38.0,3240428.0,75.0,예산군 관광데이터/20260915125909_예산군_20260601-20260630_데이터랩_다운로드.zip,KOBIS/KOBIS_일자별_통계정보_2026-09-17 (1).xls,0.96833,0.6928254256844169,0.6709914285714286,2.1169575000000003,0.3169602736811809,datalab.xlsx,65157.5,0.9002187008402717,0.45741589049378645,TRAIN,예산군,시군구,충청남도,살목지,,,,0.2610063385037376,,0.20428697393996095,,0.39908019967363284,,4.30406509320417,0.08331019689983483
2026-06-21,살목지,예산군,2026-04-08,74,개봉후,일,1,112214.0,57866.0,54348.0,0.5156754059208298,-0.0035077125274178833,102402.57142857143,103030.28571428571,1.0891360654010194,12.0,12.0,1014.0,531500.0,53.0,3240481.0,69.0,예산군 관광데이터/20260915125909_예산군_20260601-20260630_데이터랩_다운로드.zip,KOBIS/KOBIS_일자별_통계정보_2026-09-17 (1).xls,0.80032,-0.17350490018898512,0.6326728571428571,2.0402885714285715,0.31008988924535885,datalab.xlsx,63125.0,0.9166891089108911,0.3922582379803417,TRAIN,예산군,시군구,충청남도,살목지,,,,0.45741589049378645,,0.21572781530165003,,0.4170774329818958,,4.31748811353631,0.08538478141763986
2026-06-22,살목지,예산군,2026-04-08,75,개봉후,월,0,98430.0,37863.0,60568.0,0.3846693081377629,-0.12283672269057333,102746.0,101935.92857142857,0.9656065469696301,8.0,8.0,951.0,180000.0,20.0,3240501.0,79.0,예산군 관광데이터/20260915125909_예산군_20260601-20260630_데이터랩_다운로드.zip,KOBIS/KOBIS_일자별_통계정보_2026-09-17 (1).xls,0.59697,-0.2540858656537386,0.6305428571428572,1.858822142857143,0.339216347064635,datalab.xlsx,41307.0,0.9166243009659379,0.32115498639499435,TRAIN,예산군,시군구,충청남도,살목지,,,,0.3922582379803417,,0.2610063385037376,,0.24971607008346489,,4.330733340286331,-0.03499882901298753
2026-06-23,살목지,예산군,2026-04-08,76,개봉후,화,0,100286.0,39207.0,61078.0,0.39095187762997824,0.018856039825256632,103077.57142857143,101226.64285714286,0.9907075565227393,10.0,10.0,900.0,387500.0,40.0,3240541.0,62.0,예산군 관광데이터/20260915125909_예산군_20260601-20260630_데이터랩_다운로드.zip,KOBIS/KOBIS_일자별_통계정보_2026-09-17 (1).xls,0.51272,-0.1411293699850914,0.629502857142857,1.7119060714285717,0.3677204419384657,datalab.xlsx,34310.75,1.1427030886821186,0.2995024134543429,TRAIN,예산군,시군구,충청남도,살목지,,,,0.32115498639499435,,0.45741589049378645,,0.2193103352706751,,4.343805421853684,-0.009335887574141733
2026-06-24,살목지,예산군,2026-04-08,77,개봉후,수,0,99841.0,38364.0,61478.0,0.3842509590248495,-0.004437309295415082,103250.0,101502.64285714286,0.9836295606659081,4.0,4.0,537.0,104000.0,10.0,3240551.0,105.0,예산군 관광데이터/20260915125909_예산군_20260601-20260630_데이터랩_다운로드.zip,KOBIS/KOBIS_일자별_통계정보_2026-09-17 (1).xls,0.47964,-0.06451864565454823,0.6306342857142857,1.6398392857142858,0.3845707876425172,datalab.xlsx,37016.75,1.0363956857368624,0.29249207783863834,TRAIN,예산군,시군구,충청남도,살목지,,,,0.2995024134543429,,0.3922582379803417,,0.20428697393996095,,4.356708826689592,-0.016505915547668042
2026-06-25,살목지,예산군,2026-04-08,78,개봉후,목,0,100384.0,39246.0,61138.0,0.3909587185208798,0.005438647449444556,103488.57142857143,101737.75,0.9866937297119309,6.0,6.0,757.0,147500.0,16.0,3240567.0,91.0,예산군 관광데이터/20260915125909_예산군_20260601-20260630_데이터랩_다운로드.zip,KOBIS/KOBIS_일자별_통계정보_2026-09-17 (1).xls,0.45129,-0.05910683012259188,0.6258985714285714,1.5398328571428574,0.40647175992199513,datalab.xlsx,35055.25,1.1195470008058708,0.2930772634877811,TRAIN,예산군,시군구,충청남도,살목지,,,,0.29249207783863834,,0.32115498639499435,,0.21572781530165003,,4.3694478524670215,-0.013395591946210152
2026-06-26,살목지,예산군,2026-04-08,79,개봉후,금,0,108160.0,46770.0,61390.0,0.43241494082840237,0.07746254383168627,104560.57142857143,101926.89285714286,1.0611527239586638,5.0,5.0,343.0,127000.0,11.0,3240578.0,124.0,예산군 관광데이터/20260915125909_예산군_20260601-20260630_데이터랩_다운로드.zip,KOBIS/KOBIS_일자별_통계정보_2026-09-17 (1).xls,0.52424,0.1616477209776419,0.6190728571428571,1.445841785714286,0.42817468913932233,datalab.xlsx,39578.75,1.1816947225468213,0.36258462383628715,TRAIN,예산군,시군구,충청남도,살목지,,,,0.2930772634877811,,0.2995024134543429,,0.2610063385037376,,4.382026634673881,0.059355792683603595
2026-06-27,살목지,예산군,2026-04-08,80,개봉후,토,1,121499.0,66108.0,55391.0,0.5441032436480959,0.12332655325443787,105830.57142857143,102204.25,1.1887861806138198,10.0,10.0,974.0,308500.0,34.0,3240612.0,94.0,예산군 관광데이터/20260915125909_예산군_20260601-20260630_데이터랩_다운로드.zip,KOBIS/KOBIS_일자별_통계정보_2026-09-17 (1).xls,0.78187,0.49143522050969013,0.5924357142857142,1.3399539285714286,0.44213140590388095,datalab.xlsx,61374.0,1.07713363965197,0.5835051365038936,TRAIN,예산군,시군구,충청남도,살목지,,,,0.36258462383628715,,0.29249207783863834,,0.45741589049378645,,4.394449154672439,0.17293277026188963
2026-06-28,살목지,예산군,2026-04-08,81,개봉후,일,1,113256.0,58972.0,54285.0,0.5206964752419297,-0.06784417978748791,105979.42857142857,102369.5,1.106345151632078,9.0,9.0,870.0,268700.0,30.0,3240642.0,93.0,예산군 관광데이터/20260915125909_예산군_20260601-20260630_데이터랩_다운로드.zip,KOBIS/KOBIS_일자별_통계정보_2026-09-17 (1).xls,0.73748,-0.056774144039290375,0.5834585714285715,1.1846317857142856,0.4925231438702021,datalab.xlsx,55321.0,1.065996637804812,0.6225394328376298,TRAIN,예산군,시군구,충청남도,살목지,,,,0.5835051365038936,,0.2930772634877811,,0.3922582379803417,,4.406719247264253,0.1010619264158753
2026-06-29,살목지,예산군,2026-04-08,82,개봉후,월,0,99838.0,39186.0,60652.0,0.39249584326609105,-0.11847495938405028,106180.57142857143,102541.85714285714,0.9736316737555256,4.0,4.0,492.0,107500.0,11.0,3240653.0,83.0,예산군 관광데이터/20260915125909_예산군_20260601-20260630_데이터랩_다운로드.zip,KOBIS/KOBIS_일자별_통계정보_2026-09-17 (1).xls,0.47992,-0.3492433693117102,0.5667371428571428,1.0377535714285717,0.5461191928994977,datalab.xlsx,34750.75,1.1276303389135487,0.46246046577256494,TRAIN,예산군,시군구,충청남도,살목지,,,,0.6225394328376298,,0.36258462383628715,,0.32115498639499435,,4.418840607796598,-0.026722205221389767
2026-06-30,살목지,예산군,2026-04-08,83,개봉후,화,0,101854.0,40324.0,61530.0,0.39590001374516465,0.02019271219375396,106404.57142857143,102767.5,0.9911110029921911,5.0,5.0,561.0,206000.0,20.0,3240673.0,88.0,예산군 관광데이터/20260915125909_예산군_20260601-20260630_데이터랩_다운로드.zip,KOBIS/KOBIS_일자별_통계정보_2026-09-17 (1).xls,0.40818,-0.149483247207868,0.5518028571428572,0.9672692857142857,0.5704749083760838,datalab.xlsx,35940.0,1.1219810795770728,0.4219921029525682,TRAIN,예산군,시군구,충청남도,살목지,,,,0.46246046577256494,,0.5835051365038936,,0.2995024134543429,,4.430816798843313,-0.008928739832903721
2026-07-01,살목지,예산군,2026-04-08,84,개봉후,수,0,91455.0,31420.0,60036.0,0.3435569405718659,-0.10209711940620891,105206.57142857143,103011.28571428571,0.8878153433951065,5.0,5.0,556.0,105000.0,12.0,3240685.0,80.0,예산군 관광데이터/20260915125942_예산군_20260701-20260731_데이터랩_다운로드.zip,KOBIS/KOBIS_일자별_통계정보_2026-09-17 (1).xls,0.43228,0.059042579254250604,0.5450371428571429,0.9012153571428573,0.604780132226204,datalab.xlsx,38282.25,0.8207459070456935,0.47966337521196567,TRAIN,예산군,시군구,충청남도,살목지,,,,0.4219921029525682,,0.6225394328376298,,0.29249207783863834,,4.442651256490317,-0.118991504240997
2026-07-02,살목지,예산군,2026-04-08,85,개봉후,목,0,90808.0,32172.0,58636.0,0.35428596599418555,-0.007074517522278723,103838.57142857143,102675.17857142857,0.8844201808407582,6.0,6.0,607.0,129500.0,13.0,3240698.0,89.0,예산군 관광데이터/20260915125942_예산군_20260701-20260731_데이터랩_다운로드.zip,KOBIS/KOBIS_일자별_통계정보_2026-09-17 (1).xls,0.41885,-0.03106782640880912,0.5404028571428571,0.82646,0.6538766027912507,datalab.xlsx,36073.75,0.8918396340829551,0.5068000871185538,TRAIN,예산군,시군구,충청남도,살목지,,,,0.47966337521196567,,0.46246046577256494,,0.2930772634877811,,4.454347296253507,-0.12282301157899997
2026-07-03,살목지,예산군,2026-04-08,86,개봉후,금,0,97440.0,38112.0,59328.0,0.39113300492610836,0.07303321293278131,102307.14285714286,102598.17857142857,0.9497244625270082,8.0,8.0,837.0,223600.0,25.0,3240723.0,75.0,예산군 관광데이터/20260915125942_예산군_20260701-20260731_데이터랩_다운로드.zip,KOBIS/KOBIS_일자별_통계정보_2026-09-17 (1).xls,0.51724,0.23490509729019937,0.5394028571428572,0.7875878571428572,0.6848796007338864,datalab.xlsx,41143.25,0.9263244882210326,0.6567394295239625,TRAIN,예산군,시군구,충청남도,살목지,,,,0.5068000871185538,,0.4219921029525682,,0.36258462383628715,,4.465908118654584,-0.05158337590237977
2026-07-04,살목지,예산군,2026-04-08,87,개봉후,토,1,113078.0,58653.0,54425.0,0.5186950600470471,0.16048850574712636,101104.14285714286,102481.82142857143,1.1033956893400256,8.0,8.0,844.0,267000.0,25.0,3240748.0,91.0,예산군 관광데이터/20260915125942_예산군_20260701-20260731_데이터랩_다운로드.zip,KOBIS/KOBIS_일자별_통계정보_2026-09-17 (1).xls,0.71402,0.38044234784626085,0.52971,0.7500282142857143,0.7062534314185324,datalab.xlsx,62589.5,0.9371060641161856,0.9519908536774092,TRAIN,예산군,시군구,충청남도,살목지,,,,0.6567394295239625,,0.47966337521196567,,0.5835051365038936,,4.477336814478207,0.09839241514204197
2026-07-05,살목지,예산군,2026-04-08,88,개봉후,일,1,102130.0,50274.0,51856.0,0.4922549691569568,-0.09681812554166147,99514.71428571429,102307.46428571429,0.9982653828148972,8.0,8.0,726.0,169000.0,17.0,3240765.0,89.0,예산군 관광데이터/20260915125942_예산군_20260701-20260731_데이터랩_다운로드.zip,KOBIS/KOBIS_일자별_통계정보_2026-09-17 (1).xls,0.82258,0.15204055908798075,0.5418671428571429,0.6964821428571428,0.7780057944260699,datalab.xlsx,56366.75,0.8919087937480873,1.1810496628464477,TRAIN,예산군,시군구,충청남도,살목지,,,,0.9519908536774092,,0.5068000871185538,,0.6225394328376298,,4.48863636973214,-0.0017361233755201068
2026-07-06,살목지,예산군,2026-04-08,89,개봉후,월,0,86856.0,29470.0,57386.0,0.33929722759509995,-0.14955448937628513,97660.14285714286,102066.46428571429,0.8509749074570107,3.0,3.0,156.0,43000.0,4.0,3240769.0,98.0,예산군 관광데이터/20260915125942_예산군_20260701-20260731_데이터랩_다운로드.zip,KOBIS/KOBIS_일자별_통계정보_2026-09-17 (1).xls,0.52219,-0.3651802864159108,0.5479057142857143,0.6576175,0.833167782617881,datalab.xlsx,36569.75,0.8058573000909222,0.794063418324482,TRAIN,예산군,시군구,충청남도,살목지,,,,1.1810496628464477,,0.6567394295239625,,0.46246046577256494,,4.499809670330265,-0.16137263679294075
2026-07-07,살목지,예산군,2026-04-08,90,개봉후,화,0,87532.0,30054.0,57477.0,0.3433487181830645,0.007782997144699211,95614.14285714286,101802.96428571429,0.8598177922829219,7.0,7.0,658.0,146000.0,15.0,3240784.0,91.0,예산군 관광데이터/20260915125942_예산군_20260701-20260731_데이터랩_다운로드.zip,KOBIS/KOBIS_일자별_통계정보_2026-09-17 (1).xls,0.47222,-0.09569313851280203,0.5570542857142857,0.6363628571428571,0.8753720922923579,datalab.xlsx,37640.25,0.798453782852133,0.7420609086460106,TRAIN,예산군,시군구,충청남도,살목지,,,,0.794063418324482,,0.9519908536774092,,0.4219921029525682,,4.51085950651685,-0.15103478162054673
2026-07-08,살목지,예산군,2026-04-08,91,개봉후,수,0,84952.0,28648.0,56304.0,0.3372257274696299,-0.02947493488095787,94685.14285714286,101544.85714285714,0.836595790178584,,,,,,,,예산군 관광데이터/20260915125942_예산군_20260701-20260731_데이터랩_다운로드.zip,,0.466,-0.013171826690949073,0.5618714285714287,0.6241907142857143,0.9001598641440862,datalab.xlsx,35177.75,0.814378406805438,0.7465666972205153,TRAIN,예산군,시군구,충청남도,살목지,,,,0.7420609086460106,,1.1810496628464477,,0.47966337521196567,,4.5217885770490405,-0.1784142520467238
2026-07-09,살목지,예산군,2026-04-08,92,개봉후,목,0,85802.0,29225.0,56578.0,0.34060977599589753,0.010005650249552689,93970.0,101168.71428571429,0.8481080401761696,,,,,,,,예산군 관광데이터/20260915125942_예산군_20260701-20260731_데이터랩_다운로드.zip,,0.41921,-0.10040772532188835,0.5619228571428573,0.615499642857143,0.9129539938226725,datalab.xlsx,36030.75,0.8111127300985963,0.6810889410983758,TRAIN,예산군,시군구,충청남도,살목지,,,,0.7465666972205153,,0.794063418324482,,0.5068000871185538,,4.532599493153256,-0.1647472454375478
2026-07-10,살목지,예산군,2026-04-08,93,개봉후,금,0,96460.0,37387.0,59073.0,0.38759071117561683,0.12421621873615996,93830.0,100826.92857142857,0.956688866423865,,,,,,,,예산군 관광데이터/20260915125942_예산군_20260701-20260731_데이터랩_다운로드.zip,,0.45766,0.09172014026382946,0.5534114285714287,0.6068314285714286,0.9119689629033246,datalab.xlsx,40857.25,0.915064033922988,0.7541797910457599,TRAIN,예산군,시군구,충청남도,살목지,,,,0.6810889410983758,,0.7420609086460106,,0.6567394295239625,,4.543294782270004,-0.04427705384470604
2026-07-11,살목지,예산군,2026-04-08,94,개봉후,토,1,109672.0,55968.0,53704.0,0.5103216864833321,0.13696869168567272,93343.42857142857,100752.67857142857,1.0885268913446116,,,,,,,,예산군 관광데이터/20260915125942_예산군_20260701-20260731_데이터랩_다운로드.zip,,0.62779,0.3717388454311059,0.5410928571428573,0.5991803571428572,0.9030550662959221,datalab.xlsx,61297.25,0.9130589055789615,1.047747965226306,TRAIN,예산군,시군구,충청남도,살목지,,,,0.7541797910457599,,0.7465666972205153,,0.9519908536774092,,4.553876891600541,0.08482530634330779
2026-07-12,살목지,예산군,2026-04-08,95,개봉후,일,1,104262.0,51314.0,52948.0,0.49216397153325275,-0.04932890801663137,93648.0,100473.89285714286,1.0377024024364538,,,,,,,,예산군 관광데이터/20260915125942_예산군_20260701-20260731_데이터랩_다운로드.zip,,0.59633,-0.05011229869860934,0.5087714285714287,0.5835575000000001,0.8718445544293897,datalab.xlsx,55122.5,0.9309084312213706,1.021887303307729,TRAIN,예산군,시군구,충청남도,살목지,,,,1.047747965226306,,0.6810889410983758,,1.1810496628464477,,4.564348191467836,0.037009040781522035
2026-07-13,살목지,예산군,2026-04-08,96,개봉후,월,0,89716.0,32186.0,57530.0,0.35875429131927417,-0.13951391686328674,94056.57142857143,100386.17857142857,0.8937086885538099,,,,,,,,예산군 관광데이터/20260915125942_예산군_20260701-20260731_데이터랩_다운로드.zip,,0.35955,-0.3970620294132444,0.4855371428571429,0.5666924999999999,0.8567911925023588,datalab.xlsx,35520.75,0.9061182548228852,0.634471075583319,TRAIN,예산군,시군구,충청남도,살목지,,,,1.021887303307729,,0.7541797910457599,,0.794063418324482,,4.574710978503383,-0.11237540863935257
2026-07-14,살목지,예산군,2026-04-08,97,개봉후,화,0,89817.0,32014.0,57802.0,0.3564358640346482,0.0011257746667261426,94383.0,100160.82142857143,0.8967278694299845,,,,,,,,예산군 관광데이터/20260915125942_예산군_20260701-20260731_데이터랩_다운로드.zip,,0.33036,-0.08118481435127245,0.46527142857142856,0.5576807142857143,0.8342971464727,datalab.xlsx,36672.25,0.8729761604482954,0.5923819697138532,TRAIN,예산군,시군구,충청남도,살목지,,,,0.634471075583319,,1.047747965226306,,0.7420609086460106,,4.584967478670572,-0.10900284151381666
2026-07-15,살목지,예산군,2026-04-08,98,개봉후,수,0,92470.0,33870.0,58600.0,0.3662809559857251,0.029537838048476317,95457.0,99869.82142857143,0.9259053303318069,,,,,,,,예산군 관광데이터/20260915125942_예산군_20260701-20260731_데이터랩_다운로드.zip,,0.32421,-0.01861605521249543,0.44501571428571424,0.5509078571428571,0.8077861089033557,datalab.xlsx,33884.75,0.9995647009347863,0.5885013179543896,TRAIN,예산군,시군구,충청남도,살목지,,,,0.5923819697138532,,1.021887303307729,,0.7465666972205153,,4.59511985013459,-0.07698328462516145
2026-07-16,살목지,예산군,2026-04-08,99,개봉후,목,0,96012.0,38115.0,57897.0,0.3969816272965879,0.038304314912944726,96915.57142857143,99649.67857142857,0.9634953306063994,,,,,,,,예산군 관광데이터/20260915125942_예산군_20260701-20260731_데이터랩_다운로드.zip,,0.36768,0.1340797631164985,0.4376542857142857,0.5456396428571428,0.8020940036955317,datalab.xlsx,34595.75,1.1017249228590218,0.6738513317593834,TRAIN,예산군,시군구,충청남도,살목지,,,,0.5885013179543896,,0.634471075583319,,0.6810889410983758,,4.605170185988092,-0.03718763742238673
2026-07-17,살목지,예산군,2026-04-08,100,개봉후,금,0,113302.0,61072.0,52230.0,0.5390196113043018,0.18008165645960927,99321.57142857143,99553.17857142857,1.1381052983527469,,,,,,,,예산군 관광데이터/20260915125942_예산군_20260701-20260731_데이터랩_다운로드.zip,,0.55166,0.500380765883377,0.4510828571428572,0.5414696428571428,0.8330713699158706,datalab.xlsx,40645.5,1.502552558093762,1.0188198124812433,TRAIN,예산군,시군구,충청남도,살목지,,,,0.6738513317593834,,0.5923819697138532,,0.7541797910457599,,4.61512051684126,0.12936486073178022
2026-07-18,살목지,예산군,2026-04-08,101,개봉후,토,1,107485.0,55730.0,51754.0,0.518490952225892,-0.05134066477202526,99009.14285714286,100004.82142857143,1.0747981793734944,,,,,,,,예산군 관광데이터/20260915125942_예산군_20260701-20260731_데이터랩_다운로드.zip,,0.55498,0.006018199615705377,0.4406814285714286,0.5407425,0.8149561548637819,datalab.xlsx,59846.25,0.9312195835160934,1.0263295376265043,TRAIN,예산군,시군구,충청남도,살목지,,,,1.0188198124812433,,0.5885013179543896,,1.047747965226306,,4.624972813284271,0.0721329038365646
2026-07-19,살목지,예산군,2026-04-08,102,개봉후,일,1,103380.0,51034.0,52346.0,0.49365447862255757,-0.03819137554077312,98883.14285714286,99821.82142857143,1.0356452979970383,,,,,,,,예산군 관광데이터/20260915125942_예산군_20260701-20260731_데이터랩_다운로드.zip,,0.46373,-0.16442033947169277,0.42173857142857146,0.52598,0.8018148435844927,datalab.xlsx,54606.5,0.934577385476088,0.8816494923761359,TRAIN,예산군,시군구,충청남도,살목지,,,,1.0263295376265043,,0.6738513317593834,,1.021887303307729,,4.634728988229636,0.03502470876235767
2026-07-20,살목지,예산군,2026-04-08,103,개봉후,월,0,88361.0,30978.0,57382.0,0.3505845339007028,-0.14527955117043911,98689.57142857143,99506.32142857143,0.8879938352803859,,,,,,,,예산군 관광데이터/20260915125942_예산군_20260701-20260731_데이터랩_다운로드.zip,,0.31636,-0.3177926810859768,0.41556857142857145,0.5139589285714287,0.8085637748986334,datalab.xlsx,34676.25,0.8933491943332973,0.6155355660020081,TRAIN,예산군,시군구,충청남도,살목지,,,,0.8816494923761359,,1.0188198124812433,,0.634471075583319,,4.6443908991413725,-0.11879047826588222
2026-07-21,살목지,예산군,2026-04-08,104,개봉후,화,0,88680.0,31745.0,56934.0,0.3579724853405503,0.003610190015957304,98527.14285714286,99146.71428571429,0.8944320610005085,,,,,,,,예산군 관광데이터/20260915125942_예산군_20260701-20260731_데이터랩_다운로드.zip,,0.30336,-0.041092426349727984,0.41171142857142856,0.5039371428571429,0.8169896472349159,datalab.xlsx,35399.75,0.8967577454643041,0.6019798387554004,TRAIN,예산군,시군구,충청남도,살목지,,,,0.6155355660020081,,1.0263295376265043,,0.5923819697138532,,4.653960350157523,-0.11156633084574007
2026-07-22,살목지,예산군,2026-04-08,105,개봉후,수,0,91770.0,33971.0,57799.0,0.3701754385964912,0.03484438430311232,98427.14285714286,98732.21428571429,0.9294838636398165,,,,,,,,예산군 관광데이터/20260915125942_예산군_20260701-20260731_데이터랩_다운로드.zip,,0.2977,-0.018657700421940926,0.4079242857142857,0.49646,0.8216659664711874,datalab.xlsx,33075.5,1.0270744206436788,0.5996454900696935,TRAIN,예산군,시군구,충청남도,살목지,,,,0.6019798387554004,,0.8816494923761359,,0.5885013179543896,,4.663439094112067,-0.07312583222973013
2026-07-23,살목지,예산군,2026-04-08,106,개봉후,목,0,93478.0,35798.0,57680.0,0.3829564175527932,0.018611746758199876,98065.14285714286,98443.96428571429,0.9495554214852466,,,,,,,,예산군 관광데이터/20260915125942_예산군_20260701-20260731_데이터랩_다운로드.zip,,0.29269,-0.016829022505878477,0.39721142857142855,0.48996214285714296,0.8106982026308153,datalab.xlsx,34689.5,1.031954914311247,0.5973726833122674,TRAIN,예산군,시군구,충청남도,살목지,,,,0.5996454900696935,,0.6155355660020081,,0.6738513317593834,,4.672828834461906,-0.05176138130709218
2026-07-24,살목지,예산군,2026-04-08,107,개봉후,금,0,99242.0,41178.0,58065.0,0.41492513250438323,0.06166156742762996,96056.57142857143,98197.32142857143,1.0106385648430183,,,,,,,,예산군 관광데이터/20260915125942_예산군_20260701-20260731_데이터랩_다운로드.zip,,0.29573,0.010386415661621573,0.36065,0.4842978571428572,0.7446863426728237,datalab.xlsx,45835.25,0.898391521809088,0.6106366064567701,TRAIN,예산군,시군구,충청남도,살목지,,,,0.5973726833122674,,0.6019798387554004,,1.0188198124812433,,4.68213122712422,0.010582373490962244
2026-07-25,살목지,예산군,2026-04-08,108,개봉후,토,1,112620.0,58506.0,54114.0,0.5194992008524241,0.1348017976260052,96790.14285714286,97878.82142857143,1.1506064167536607,,,,,,,,예산군 관광데이터/20260915125942_예산군_20260701-20260731_데이터랩_다운로드.zip,,0.44225,0.49545193250600206,0.3445457142857143,0.47613678571428586,0.7236275890106607,datalab.xlsx,59114.75,0.9897022316765274,0.9288297255515556,TRAIN,예산군,시군구,충청남도,살목지,,,,0.6106366064567701,,0.5996454900696935,,1.0263295376265043,,4.6913478822291435,0.14028912230762272
2026-07-26,살목지,예산군,2026-04-08,109,개봉후,일,1,104570.0,52829.0,51740.0,0.5052022568614325,-0.07147931095720117,96960.14285714286,97561.71428571429,1.071834384682516,,,,,,,,예산군 관광데이터/20260915125942_예산군_20260701-20260731_데이터랩_다운로드.zip,,0.44204,-0.00047484454494062245,0.3414471428571429,0.46400750000000013,0.735865568675383,datalab.xlsx,52898.5,0.998686163123718,0.9526570152422102,TRAIN,예산군,시군구,충청남도,살목지,,,,0.9288297255515556,,0.5973726833122674,,0.8816494923761359,,4.700480365792417,0.06937155881286926
2026-07-27,살목지,예산군,2026-04-08,110,개봉후,월,0,97520.0,40831.0,56690.0,0.4186936013125513,-0.0674189538108444,98268.57142857143,97251.5,1.0027608828655599,,,,,,,,예산군 관광데이터/20260915125942_예산군_20260701-20260731_데이터랩_다운로드.zip,,0.31106,-0.2963080264229482,0.34069,0.4534560714285715,0.7513186424578848,datalab.xlsx,32955.0,1.2389925656197847,0.6859760395754194,TRAIN,예산군,시군구,충청남도,살목지,,,,0.9526570152422102,,0.6106366064567701,,0.6155355660020081,,4.709530201312334,0.002757078628887144
2026-07-28,살목지,예산군,2026-04-08,111,개봉후,화,0,99354.0,42217.0,57138.0,0.4249149505807517,0.01880639868744871,99793.42857142857,97168.71428571429,1.0224896020324001,,,,,,,,예산군 관광데이터/20260915125942_예산군_20260701-20260731_데이터랩_다운로드.zip,,0.27254,-0.12383462997492445,0.33628714285714284,0.4474253571428571,0.7516050163195618,datalab.xlsx,33534.25,1.2589218485578177,0.6091295355729728,TRAIN,예산군,시군구,충청남도,살목지,,,,0.6859760395754194,,0.9288297255515556,,0.6019798387554004,,4.718498871295094,0.022240439721646625
2026-07-29,살목지,예산군,2026-04-08,112,개봉후,수,0,101664.0,44874.0,56791.0,0.44139518413597734,0.0232501962678906,101206.85714285714,97079.42857142857,1.0472249527632749,,,,,,,,예산군 관광데이터/20260915125942_예산군_20260701-20260731_데이터랩_다운로드.zip,,0.26604,-0.023849710134292268,0.3317642857142857,0.44258107142857134,0.7496124600254837,datalab.xlsx,31977.25,1.4033101658210134,0.6011102082185106,TRAIN,예산군,시군구,충청남도,살목지,,,,0.6091295355729728,,0.9526570152422102,,0.5996454900696935,,4.727387818712341,0.04614376340766256
2026-07-30,살목지,예산군,2026-04-08,113,개봉후,목,0,104594.0,47782.0,56812.0,0.4568330879400348,0.028820428076802074,102794.85714285714,97444.03571428571,1.073375083793518,,,,,,,,예산군 관광데이터/20260915125942_예산군_20260701-20260731_데이터랩_다운로드.zip,,0.29721,0.11716283265674332,0.3324099999999999,0.4366439285714286,0.7612839163653286,datalab.xlsx,33827.5,1.412519399896534,0.6806690315662565,TRAIN,예산군,시군구,충청남도,살목지,,,,0.6011102082185106,,0.6859760395754194,,0.5973726833122674,,4.736198448394496,0.07080796807597334
2026-07-31,살목지,예산군,2026-04-08,114,개봉후,금,0,108496.0,51744.0,56752.0,0.4769208081403923,0.03730615522878944,104116.85714285714,97936.39285714286,1.1078210748302744,,,,,,,,예산군 관광데이터/20260915125942_예산군_20260701-20260731_데이터랩_다운로드.zip,,0.31347,0.05470879176339971,0.3349442857142857,0.4322996428571429,0.7747965820665064,datalab.xlsx,44437.25,1.1644284918621202,0.7251220424986307,TRAIN,예산군,시군구,충청남도,살목지,,,,0.6806690315662565,,0.6091295355729728,,0.6106366064567701,,4.74493212836325,0.10239509047479455
2026-08-01,살목지,예산군,2026-04-08,115,개봉후,토,1,113981.0,60602.0,53378.0,0.5316851054123055,0.05055485916531488,104311.28571428571,98331.25,1.1591533718934723,,,,,,,,예산군 관광데이터/20260915130016_예산군_20260801-20260831_데이터랩_다운로드.zip,,0.41871,0.3357259067853382,0.3315814285714286,0.42502214285714285,0.7801509501185653,datalab.xlsx,57214.25,1.0592116474479696,0.9851486729262846,TRAIN,예산군,시군구,충청남도,살목지,,,,0.7251220424986307,,0.6011102082185106,,0.9288297255515556,,4.7535901911063645,0.14768988683080014
2026-08-02,살목지,예산군,2026-04-08,116,개봉후,일,1,107720.0,55895.0,51824.0,0.5188915707389529,-0.054930207666189945,104761.28571428571,98363.5,1.0951216660651564,,,,,,,,예산군 관광데이터/20260915130016_예산군_20260801-20260831_데이터랩_다운로드.zip,,0.40853,-0.024312770175061504,0.32679428571428565,0.41447535714285716,0.7884528720042806,datalab.xlsx,51362.75,1.0882400183012009,0.9856557041561147,TRAIN,예산군,시군구,충청남도,살목지,,,,0.9851486729262846,,0.6806690315662565,,0.9526570152422102,,4.762173934797756,0.09086546765792952
2026-08-03,살목지,예산군,2026-04-08,117,개봉후,월,0,99382.0,42822.0,56560.0,0.4308828560503914,-0.0774043817304122,105027.28571428571,98563.14285714286,1.0083079447257886,,,,,,,,예산군 관광데이터/20260915130016_예산군_20260801-20260831_데이터랩_다운로드.zip,,0.28576,-0.3005164859373852,0.32317999999999997,0.39968785714285715,0.808580981944839,datalab.xlsx,33366.25,1.2833926497583636,0.7149579225216821,TRAIN,예산군,시군구,충청남도,살목지,,,,0.9856557041561147,,0.7251220424986307,,0.6859760395754194,,4.770684624465665,0.00827362371336225
2026-08-04,살목지,예산군,2026-04-08,118,개봉후,화,0,96271.0,39812.0,56458.0,0.4135409417166125,-0.031303455354088294,104586.85714285714,99010.5,0.9723312173961347,,,,,,,,예산군 관광데이터/20260915130016_예산군_20260801-20260831_데이터랩_다운로드.zip,,0.26823,-0.06134518477043671,0.32256428571428575,0.39124392857142853,0.8244582526611551,datalab.xlsx,34007.5,1.170682937587297,0.6855825238730314,TRAIN,예산군,시군구,충청남도,살목지,,,,0.7149579225216821,,0.9851486729262846,,0.6091295355729728,,4.77912349311153,-0.028058773928738134
2026-08-05,살목지,예산군,2026-04-08,119,개봉후,수,0,96103.0,38322.0,57782.0,0.39875966411038155,-0.0017450738020795553,103792.42857142857,99322.60714285714,0.9675843472551386,,,,,,,,예산군 관광데이터/20260915130016_예산군_20260801-20260831_데이터랩_다운로드.zip,,0.9132,2.404540879096298,0.4150157142857143,0.3839585714285714,1.0808867028064786,datalab.xlsx,35340.75,1.0843572929267207,2.3783815962287598,TRAIN,예산군,시군구,충청남도,살목지,,,,0.6855825238730314,,0.9856557041561147,,0.6011102082185106,,4.787491742782046,-0.032952677252743756
2026-08-06,살목지,예산군,2026-04-08,120,개봉후,목,0,95260.0,37569.0,57690.0,0.39438379172790256,-0.008771838548224276,102459.0,99720.85714285714,0.9552665583643485,,,,,,,,예산군 관광데이터/20260915130016_예산군_20260801-20260831_데이터랩_다운로드.zip,,0.92535,0.013304862023653108,0.5047499999999999,0.39993000000000006,1.2620958667766855,datalab.xlsx,37730.0,0.9957328385899814,2.3137799114845095,TRAIN,예산군,시군구,충청남도,살목지,,,,2.3783815962287598,,0.7149579225216821,,0.6806690315662565,,4.795790545596741,-0.04576485874166185
2026-08-07,살목지,예산군,2026-04-08,121,개봉후,금,0,97727.0,40184.0,57544.0,0.41118626377561984,0.025897543564979975,100920.57142857143,100058.64285714286,0.9766972368346848,,,,,,,,예산군 관광데이터/20260915130016_예산군_20260801-20260831_데이터랩_다운로드.zip,,0.98564,0.06515372561733401,0.6007742857142857,0.41800642857142867,1.437236952951851,datalab.xlsx,47845.25,0.8398743866946039,2.3579541668019455,TRAIN,예산군,시군구,충청남도,살목지,,,,2.3137799114845095,,0.6855825238730314,,0.7251220424986307,,4.804021044733257,-0.023578565615655463
2026-08-08,살목지,예산군,2026-04-08,122,개봉후,토,1,107446.0,54117.0,53330.0,0.5036669582860227,0.09945051009444672,99987.0,100103.89285714286,1.0733448713461622,,,,,,,,예산군 관광데이터/20260915130016_예산군_20260801-20260831_데이터랩_다운로드.zip,,1.29318,0.3120206160464267,0.7256985714285715,0.4368628571428572,1.6611587814417077,datalab.xlsx,57701.5,0.9378785646820273,2.960150946357797,TRAIN,예산군,시군구,충청남도,살목지,,,,2.3579541668019455,,2.3783815962287598,,0.9851486729262846,,4.812184355372417,0.07077982053182297
2026-08-09,살목지,예산군,2026-04-08,123,개봉후,일,1,102652.0,49525.0,53126.0,0.4824552858200522,-0.04461776148018537,99263.0,100024.39285714286,1.0262696635070803,,,,,,,,예산군 관광데이터/20260915130016_예산군_20260801-20260831_데이터랩_다운로드.zip,,1.22525,-0.052529423591456736,0.8423728571428571,0.4606267857142857,1.8287535229559102,datalab.xlsx,52768.0,0.938542298362644,2.659962551027133,TRAIN,예산군,시군구,충청남도,살목지,,,,2.960150946357797,,2.3137799114845095,,0.9856557041561147,,4.820281565605037,0.025930542143771024
2026-08-10,살목지,예산군,2026-04-08,124,개봉후,월,0,94766.0,36760.0,58006.0,0.3879028343498723,-0.07682266297782803,98603.57142857143,99966.89285714286,0.9479738470557931,,,,,,,,예산군 관광데이터/20260915130016_예산군_20260801-20260831_데이터랩_다운로드.zip,,0.60651,-0.5049908182003673,0.8881942857142857,0.4830882142857143,1.8385757703229297,datalab.xlsx,36704.25,1.0015188976753373,1.2554849861050221,TRAIN,예산군,시군구,충청남도,살목지,,,,2.659962551027133,,2.3579541668019455,,0.7149579225216821,,4.8283137373023015,-0.05342836460154626
2026-08-11,살목지,예산군,2026-04-08,125,개봉후,화,0,95193.0,36463.0,58730.0,0.3830428707993235,0.004505835426207749,98449.57142857143,100147.25,0.9505303440683593,,,,,,,,예산군 관광데이터/20260915130016_예산군_20260801-20260831_데이터랩_다운로드.zip,,0.50021,-0.17526504097211915,0.9213342857142858,0.4919082142857142,1.8729800783101962,datalab.xlsx,36447.0,1.0004389936071556,1.0168766966543559,TRAIN,예산군,시군구,충청남도,살목지,,,,1.2554849861050221,,2.960150946357797,,0.6855825238730314,,4.836281906951478,-0.05073519324090965
2026-08-12,살목지,예산군,2026-04-08,126,개봉후,수,0,95872.0,37016.0,58856.0,0.3860981308411215,0.007132877417457273,98416.57142857143,100339.25,0.9554785390562517,,,,,,,,예산군 관광데이터/20260915130016_예산군_20260801-20260831_데이터랩_다운로드.zip,,0.5024,0.004378161172307493,0.8626485714285714,0.49797428571428565,1.7323154953497315,datalab.xlsx,37759.25,0.9803160814899661,1.0088874353810582,TRAIN,예산군,시군구,충청남도,살목지,,,,1.0168766966543559,,2.659962551027133,,2.3783815962287598,,4.844187086458591,-0.04554297598706623
2026-08-13,살목지,예산군,2026-04-08,127,개봉후,목,0,99046.0,40257.0,58790.0,0.4064475092381318,0.03310664218958603,98957.42857142857,100460.75,0.9859173856456377,,,,,,,,예산군 관광데이터/20260915130016_예산군_20260801-20260831_데이터랩_다운로드.zip,,0.44592,-0.11242038216560502,0.7941585714285714,0.5043382142857141,1.574654763278894,datalab.xlsx,39816.0,1.0110759493670887,0.8841685745180922,TRAIN,예산군,시군구,충청남도,살목지,,,,1.0088874353810582,,1.2554849861050221,,2.3137799114845095,,4.852030263919617,-0.014182715267509447
2026-08-14,살목지,예산군,2026-04-08,128,개봉후,금,0,105032.0,46134.0,58898.0,0.4392375656942646,0.06043656482846349,100001.0,100569.10714285714,1.0443763794263716,,,,,,,,예산군 관광데이터/20260915130016_예산군_20260801-20260831_데이터랩_다운로드.zip,,0.50339,0.12887961966271977,0.7252657142857143,0.5071324999999999,1.4301306153435531,datalab.xlsx,48544.5,0.9503445292463616,0.9926202718224529,TRAIN,예산군,시군구,충청남도,살목지,,,,0.8841685745180922,,1.0168766966543559,,2.3579541668019455,,4.859812404361672,0.04341994118184608
2026-08-15,살목지,예산군,2026-04-08,129,개봉후,토,1,127082.0,74333.0,52748.0,0.5849215467178672,0.20993601949881935,102806.14285714286,100273.75,1.2673506276567896,,,,,,,,예산군 관광데이터/20260915130016_예산군_20260801-20260831_데이터랩_다운로드.zip,,0.78724,0.5638769145195575,0.6529885714285715,0.5054085714285713,1.2920013793649272,datalab.xlsx,57238.75,1.298648205979341,1.5576308842068374,TRAIN,예산군,시군구,충청남도,살목지,,,,0.9926202718224529,,1.0088874353810582,,2.960150946357797,,4.867534450455582,0.2369286015360469
2026-08-16,살목지,예산군,2026-04-08,130,개봉후,일,1,123280.0,71810.0,51471.0,0.5824951330304997,-0.029917690939708197,105753.0,100973.64285714286,1.220912670986983,,,,,,,,예산군 관광데이터/20260915130016_예산군_20260801-20260831_데이터랩_다운로드.zip,,0.94628,0.20202225496671922,0.6131357142857142,0.5137035714285714,1.193559376238381,datalab.xlsx,52320.75,1.3724956159840982,1.8420740143356717,TRAIN,예산군,시군구,충청남도,살목지,,,,1.5576308842068374,,0.8841685745180922,,2.659962551027133,,4.875197323201151,0.1995986700375259
2026-08-17,살목지,예산군,2026-04-08,131,개봉후,월,0,108650.0,56483.0,52168.0,0.5198619420156466,-0.11867293964957815,107736.42857142857,101684.35714285714,1.0685026001330447,,,,,,,,예산군 관광데이터/20260915130016_예산군_20260801-20260831_데이터랩_다운로드.zip,,0.7953,-0.15955108424567777,0.6401057142857143,0.5309374999999998,1.205614058689986,datalab.xlsx,37847.75,1.4923740512976333,1.4979164214243677,TRAIN,예산군,시군구,충청남도,살목지,,,,1.8420740143356717,,0.9926202718224529,,1.2554849861050221,,4.882801922586371,0.06625822921635494
2026-08-18,살목지,예산군,2026-04-08,132,개봉후,화,0,95935.0,36102.0,59832.0,0.37631729817063636,-0.11702715140358955,107842.42857142857,102408.96428571429,0.9367832266357821,,,,,,,,예산군 관광데이터/20260915130016_예산군_20260801-20260831_데이터랩_다운로드.zip,,0.38485,-0.5160945555136427,0.6236257142857143,0.5480425,1.1379148775609818,datalab.xlsx,37559.25,0.9612013019429302,0.7022265608962809,TRAIN,예산군,시군구,충청남도,살목지,,,,1.4979164214243677,,1.5576308842068374,,1.0168766966543559,,4.890349128221754,-0.06530337181645922
2026-08-19,살목지,예산군,2026-04-08,133,개봉후,수,0,95417.0,35326.0,60092.0,0.3702275275894233,-0.005399489237504551,107777.42857142857,102668.07142857143,0.9293736472529712,,,,,,,,예산군 관광데이터/20260915130016_예산군_20260801-20260831_데이터랩_다운로드.zip,,0.33799,-0.12176172534753804,0.6001385714285714,0.550952857142857,1.0892739072827078,datalab.xlsx,38545.75,0.9164693902700038,0.6134644654585434,TRAIN,예산군,시군구,충청남도,살목지,,,,0.7022265608962809,,1.8420740143356717,,1.0088874353810582,,4.897839799950911,-0.07324441731366321
2026-08-20,살목지,예산군,2026-04-08,134,개봉후,목,0,94843.0,34622.0,60221.0,0.36504539080374937,-0.00601569950847336,107177.0,102798.32142857143,0.92261234115482,,,,,,,,예산군 관광데이터/20260915130016_예산군_20260801-20260831_데이터랩_다운로드.zip,,0.32089,-0.050593212816947286,0.5822771428571428,0.5523917857142856,1.0541017406770687,datalab.xlsx,40351.5,0.8580102350594154,0.5809101588740394,TRAIN,예산군,시군구,충청남도,살목지,,,,0.6134644654585434,,1.4979164214243677,,0.8841685745180922,,4.90527477843843,-0.08054613145230366
2026-08-21,살목지,예산군,2026-04-08,135,개봉후,금,0,95053.0,36354.0,58698.0,0.382460311615625,0.0022141855487489703,105751.42857142857,102847.07142857143,0.9242168851255573,,,,,,,,예산군 관광데이터/20260915130016_예산군_20260801-20260831_데이터랩_다운로드.zip,,0.38125,0.18810184175262545,0.5648285714285715,0.5533989285714285,1.0206535326814745,datalab.xlsx,44810.0,0.8112921222941307,0.6889243551377624,TRAIN,예산군,시군구,충청남도,살목지,,,,0.5809101588740394,,0.7022265608962809,,0.9926202718224529,,4.912654885736052,-0.0788085107220004
2026-08-22,살목지,예산군,2026-04-08,136,개봉후,토,1,105396.0,51496.0,53900.0,0.48859539261452045,0.10881297802278733,102653.42857142857,102697.46428571429,1.0262765564179668,,,,,,,,예산군 관광데이터/20260915130016_예산군_20260801-20260831_데이터랩_다운로드.zip,,0.61358,0.6093901639344264,0.5400200000000001,0.5564532142857141,0.9704679317796584,datalab.xlsx,61889.5,0.8320635972176217,1.1026623339531179,TRAIN,예산군,시군구,충청남도,살목지,,,,0.6889243551377624,,0.6134644654585434,,1.5576308842068374,,4.919980925828125,0.02593725859265741
2026-08-23,살목지,예산군,2026-04-08,137,개봉후,일,1,105259.0,51510.0,53750.0,0.4893643298910307,-0.001299859577213569,100079.0,102439.46428571429,1.0275239209219382,,,,,,,,예산군 관광데이터/20260915130016_예산군_20260801-20260831_데이터랩_다운로드.zip,,0.69734,0.13651031650314538,0.5044571428571429,0.5625721428571427,0.8966976933751992,datalab.xlsx,57514.75,0.8955963470240242,1.2395565775056154,TRAIN,예산군,시군구,충청남도,살목지,,,,1.1026623339531179,,0.5809101588740394,,1.8420740143356717,,4.927253685157205,0.027151947819877547
2026-08-24,살목지,예산군,2026-04-08,138,개봉후,월,0,94874.0,35420.0,59454.0,0.3733372683770053,-0.0986613971251864,98111.0,102464.07142857143,0.9259245575278302,,,,,,,,예산군 관광데이터/20260915130016_예산군_20260801-20260831_데이터랩_다운로드.zip,,0.34711,-0.502237072303324,0.44043000000000004,0.5716899999999999,0.7704000419807939,datalab.xlsx,44224.0,0.8009225759768451,0.6071647221396211,TRAIN,예산군,시군구,충청남도,살목지,,,,1.2395565775056154,,0.6889243551377624,,1.4979164214243677,,4.9344739331306915,-0.07696251900716375
2026-08-25,살목지,예산군,2026-04-08,139,개봉후,화,0,96996.0,37086.0,59910.0,0.3823456637387109,0.022366507156860616,98262.57142857143,102369.57142857143,0.9475081183443183,,,,,,,,예산군 관광데이터/20260915130016_예산군_20260801-20260831_데이터랩_다운로드.zip,,0.28039,-0.19221572412203625,0.4255071428571428,0.5729775,0.7426245234012554,datalab.xlsx,38648.5,0.9595715228275353,0.4893560392860103,TRAIN,예산군,시군구,충청남도,살목지,,,,0.6071647221396211,,1.1026623339531179,,0.7022265608962809,,4.941642422609304,-0.05391977388883927
2026-08-26,살목지,예산군,2026-04-08,140,개봉후,수,0,94724.0,35315.0,59409.0,0.3728199822642625,-0.023423646335931414,98163.57142857143,102285.35714285714,0.926075859203419,,,,,,,,예산군 관광데이터/20260915130016_예산군_20260801-20260831_데이터랩_다운로드.zip,,0.27014,-0.03655622525767677,0.4158142857142857,0.5732578571428572,0.7253529638245566,datalab.xlsx,38884.5,0.9082024971389628,0.47123645430066996,TRAIN,예산군,시군구,충청남도,살목지,,,,0.4893560392860103,,1.2395565775056154,,0.6134644654585434,,4.948759890378168,-0.07679912630534957
2026-08-27,살목지,예산군,2026-04-08,141,개봉후,목,0,96999.0,37128.0,59871.0,0.38276683264775924,0.024017144546260694,98471.57142857143,102037.5,0.9506210951855936,,,,,,,,예산군 관광데이터/20260915130016_예산군_20260801-20260831_데이터랩_다운로드.zip,,0.26738,-0.010216924557636675,0.40817000000000003,0.5734042857142858,0.7118363259031897,datalab.xlsx,40057.5,0.9268676277850589,0.46630275821347683,TRAIN,예산군,시군구,충청남도,살목지,,,,0.47123645430066996,,0.6071647221396211,,0.5809101588740394,,4.955827057601261,-0.050639723605583005
2026-08-28,살목지,예산군,2026-04-08,142,개봉후,금,0,99222.0,39263.0,59958.0,0.3957086130092117,0.02291776203878393,99067.14285714286,101766.25,0.9749990787712036,,,,,,,,예산군 관광데이터/20260915130016_예산군_20260801-20260831_데이터랩_다운로드.zip,,0.3322,0.24242650908818897,0.4011628571428571,0.5723389285714287,0.7009183494545251,datalab.xlsx,43604.0,0.9004449133107054,0.5804253099281207,TRAIN,예산군,시군구,충청남도,살목지,,,,0.46630275821347683,,0.4893560392860103,,0.6889243551377624,,4.962844630259907,-0.025318752834783815
2026-08-29,살목지,예산군,2026-04-08,143,개봉후,토,1,110418.0,56480.0,53938.0,0.5115108043978337,0.11283787869625694,99784.57142857143,101435.03571428571,1.0885587925558267,,,,,,,,예산군 관광데이터/20260915130016_예산군_20260801-20260831_데이터랩_다운로드.zip,,0.47052,0.41637567730282954,0.3807257142857142,0.5730078571428571,0.6644336714405561,datalab.xlsx,60137.0,0.9391888521209905,0.8211405727420842,TRAIN,예산군,시군구,충청남도,살목지,,,,0.5804253099281207,,0.47123645430066996,,1.1026623339531179,,4.969813299576001,0.08485461268752133
2026-08-30,살목지,예산군,2026-04-08,144,개봉후,일,1,106190.0,52787.0,53403.0,0.4970995385629532,-0.03829085837454038,99917.57142857143,101307.78571428571,1.0481918961241874,,,,,,,,예산군 관광데이터/20260915130016_예산군_20260801-20260831_데이터랩_다운로드.zip,,0.40768,-0.1335543653829806,0.3393457142857143,0.5748582142857143,0.5903120210387283,datalab.xlsx,57185.0,0.9230917198566058,0.7091835688676028,TRAIN,예산군,시군구,충청남도,살목지,,,,0.8211405727420842,,0.46630275821347683,,1.2395565775056154,,4.976733742420574,0.04706667612554032
2026-08-31,살목지,예산군,2026-04-08,145,개봉후,월,0,89894.0,33124.0,56770.0,0.3684784301510668,-0.15346077785102175,99206.14285714286,101253.14285714286,0.8878144170480775,,,,,,,,예산군 관광데이터/20260915130016_예산군_20260801-20260831_데이터랩_다운로드.zip,,0.23459,-0.42457319466248034,0.32327142857142854,0.5748278571428572,0.5623795446835635,datalab.xlsx,42871.25,0.772639006327084,0.4081047866504133,TRAIN,예산군,시군구,충청남도,살목지,,,,0.7091835688676028,,0.5804253099281207,,0.6071647221396211,,4.983606621708336,-0.11899254764210415
2026-09-01,살목지,예산군,2026-04-08,146,개봉후,화,0,90657.0,29718.0,60938.0,0.32780700883550085,0.008487774489954747,98300.57142857143,100914.28571428571,0.8983564552661382,,,,,,,,예산군 관광데이터/20260915130140_예산군_20260901-20260911_데이터랩_다운로드.zip,,0.19819,-0.15516432925529644,0.3115285714285715,0.5730003571428571,0.5436795414612682,datalab.xlsx,37365.75,0.7953272716324441,0.34588111076968914,TRAIN,예산군,시군구,충청남도,살목지,,,,0.4081047866504133,,0.8211405727420842,,0.4893560392860103,,4.990432586778736,-0.1071883459376735
2026-09-02,살목지,예산군,2026-04-08,147,개봉후,수,0,94619.0,33145.0,61474.0,0.3502996226973441,0.043703188942938676,98285.57142857143,100713.78571428571,0.9394840967295582,,,,,,,,예산군 관광데이터/20260915130140_예산군_20260901-20260911_데이터랩_다운로드.zip,,0.17967,-0.09344568343508763,0.2986042857142857,0.5704989285714286,0.5234090210511225,datalab.xlsx,36494.75,0.9082128251323821,0.31493485964979273,TRAIN,예산군,시군구,충청남도,살목지,,,,0.34588111076968914,,0.7091835688676028,,0.47123645430066996,,4.997212273764115,-0.062424387648620884
2026-09-03,살목지,예산군,2026-04-08,148,개봉후,목,0,96422.0,34800.0,61621.0,0.3609134844744975,0.019055369428973012,98203.14285714286,100660.78571428571,0.9578903970974653,,,,,,,,예산군 관광데이터/20260915130140_예산군_20260901-20260911_데이터랩_다운로드.zip,,0.18575,0.03383981744309006,0.2869428571428571,0.5443014285714286,0.5271763807344144,datalab.xlsx,37394.0,0.9306305824463817,0.3412631131384658,TRAIN,예산군,시군구,충청남도,살목지,,,,0.31493485964979273,,0.4081047866504133,,0.46630275821347683,,5.003946305945459,-0.04302191559659971
2026-09-04,살목지,예산군,2026-04-08,149,개봉후,금,0,101532.0,40012.0,61520.0,0.39408265374463225,0.05299620418576678,98533.14285714286,100702.28571428571,1.0082392795737365,,,,,,,,예산군 관광데이터/20260915130140_예산군_20260901-20260911_데이터랩_다운로드.zip,,0.22921,0.2339703903095558,0.27223,0.5178871428571429,0.5256550654996538,datalab.xlsx,40483.75,0.9883471763361843,0.4425867742834208,TRAIN,예산군,시군구,충청남도,살목지,,,,0.3412631131384658,,0.34588111076968914,,0.5804253099281207,,5.0106352940962555,0.008205522008377434
2026-09-05,살목지,예산군,2026-04-08,150,개봉후,토,1,123148.0,66224.0,56924.0,0.5377594439211355,0.21289839656462983,100351.71428571429,100838.17857142857,1.2212437961953895,,,,,,,,예산군 관광데이터/20260915130140_예산군_20260901-20260911_데이터랩_다운로드.zip,,0.33651,0.46812966275467893,0.25308571428571425,0.4908717857142858,0.5155841538487281,datalab.xlsx,59106.5,1.1204182281136592,0.6855354285851483,TRAIN,예산군,시군구,충청남도,살목지,,,,0.4425867742834208,,0.31493485964979273,,0.8211405727420842,,5.017279836814924,0.19986984448100253
2026-09-06,살목지,예산군,2026-04-08,151,개봉후,일,1,113502.0,58205.0,55296.0,0.5128103469542387,-0.07832851528242435,101396.28571428571,101398.96428571429,1.1193605457367661,,,,,,,,예산군 관광데이터/20260915130140_예산군_20260901-20260911_데이터랩_다운로드.zip,,0.33432,-0.0065079789605062555,0.24260571428571426,0.4567050000000001,0.5312087984272434,datalab.xlsx,56408.0,1.0318571833782442,0.7320261437908495,TRAIN,예산군,시군구,충청남도,살목지,,,,0.6855354285851483,,0.3412631131384658,,0.7091835688676028,,5.0238805208462765,0.11275758095149274
2026-09-07,살목지,예산군,2026-04-08,152,개봉후,월,0,96600.0,35259.0,61341.0,0.365,-0.1489136755299466,102354.28571428571,101786.46428571429,0.9490456386110839,,,,,,,,예산군 관광데이터/20260915130140_예산군_20260901-20260911_데이터랩_다운로드.zip,,0.20221,-0.3951603254367073,0.23798,0.4248860714285715,0.5601030864576302,datalab.xlsx,40446.75,0.8717387676389327,0.4759158127262686,TRAIN,예산군,시군구,충청남도,살목지,,,,0.7320261437908495,,0.4425867742834208,,0.4081047866504133,,5.030437921392435,-0.05229839026292591
2026-09-08,살목지,예산군,2026-04-08,153,개봉후,화,0,98315.0,36568.0,61747.0,0.37194731221075117,0.017753623188405898,103448.28571428571,101851.96428571429,0.9652734798929118,,,,,,,,예산군 관광데이터/20260915130140_예산군_20260901-20260911_데이터랩_다운로드.zip,,0.18341,-0.09297265219326445,0.23586857142857146,0.41044678571428567,0.5746629761470733,datalab.xlsx,34842.25,1.0495303833707639,0.4468545165503446,TRAIN,예산군,시군구,충청남도,살목지,,,,0.4759158127262686,,0.6855354285851483,,0.34588111076968914,,5.0369526024136295,-0.03534381894026223
2026-09-09,살목지,예산군,2026-04-08,154,개봉후,수,0,99295.0,37194.0,62100.0,0.3745807946019437,0.009967960128159481,104116.28571428571,101963.46428571429,0.9738292112335756,23.0,42.0,6522.0,1909000.0,213.0,3240997.0,42.0,예산군 관광데이터/20260915130140_예산군_20260901-20260911_데이터랩_다운로드.zip,KOBIS/KOBIS_일자별_통계정보_2026-09-17 (1).xls,0.22356,0.21890845646366075,0.24213857142857145,0.3991325,0.6066621270594889,datalab.xlsx,35200.5,1.0566327182852517,0.5601147488615936,TRAIN,예산군,시군구,충청남도,살목지,,,,0.4468545165503446,,0.7320261437908495,,0.31493485964979273,,5.043425116919247,-0.026519338524297123
2026-09-10,살목지,예산군,2026-04-08,155,개봉후,목,0,99911.0,38094.0,61817.0,0.3812793386113641,0.0062037363412055235,104614.71428571429,102085.71428571429,0.9786971732437727,22.0,34.0,5302.0,1278000.0,142.0,3241139.0,41.0,예산군 관광데이터/20260915130140_예산군_20260901-20260911_데이터랩_다운로드.zip,KOBIS/KOBIS_일자별_통계정보_2026-09-17 (1).xls,0.18334,-0.1799069601001968,0.2417942857142857,0.3891739285714286,0.6213013461663762,datalab.xlsx,36701.75,1.037934158452935,0.47110041690870863,TRAIN,예산군,시군구,충청남도,살목지,,,,0.5601147488615936,,0.4759158127262686,,0.3412631131384658,,5.049856007249537,-0.021533006831051422
2026-09-11,살목지,예산군,2026-04-08,156,개봉후,금,0,104174.0,42084.0,62090.0,0.4039779599516194,0.04266797449730264,104992.14285714286,102116.60714285714,1.0201474854551782,22.0,34.0,5496.0,1399000.0,156.0,3241295.0,46.0,예산군 관광데이터/20260915130140_예산군_20260901-20260911_데이터랩_다운로드.zip,KOBIS/KOBIS_일자별_통계정보_2026-09-17 (1).xls,0.21783,0.18812043198429151,0.24016857142857145,0.37979607142857147,0.6323619160282444,datalab.xlsx,40440.75,1.040633519408023,0.5735446372066212,TRAIN,예산군,시군구,충청남도,살목지,,,,0.47110041690870863,,0.4468545165503446,,0.4425867742834208,,5.056245805348308,0.019947210427043126
